step,w1,w2,w3,w4,w5,w6,ema1,ema2,ema3,ema4,ema5,ema6,L1,L2,L3,L4,L5,L6,wn1,wn2,wn3,wn4,wn5,eman1,eman2,eman3,eman4,eman5
50,0.20606468617916107,0.19961172342300415,0.10266178846359253,0.18641096353530884,0.14803428947925568,0.15721654891967773,0.8309668898582458,0.8255868554115295,0.7171226739883423,0.8143453001976013,0.7762848138809204,0.7861758470535278,0.014980406500399113,0.0019285932648926973,0.12692801654338837,0.006715348456054926,0.0040784431621432304,0.0002034476783592254,1.1198867559432983,1.0073440074920654,1.0671918392181396,0.8837924003601074,0.8777931928634644,1.0032683610916138,0.9609041810035706,0.9743335843086243,0.9085640907287598,0.9058396220207214
100,0.17100808024406433,0.23418200016021729,0.12815727293491364,0.16542354226112366,0.17235423624515533,0.12887486815452576,0.7509081363677979,0.7873049974441528,0.6827095150947571,0.7451952695846558,0.7613457441329956,0.6809840202331543,2.3736610412597656,0.8259393572807312,0.3132617175579071,2.3502066135406494,3.288041353225708,0.04858735203742981,1.176829218864441,1.034690022468567,1.0335867404937744,0.8428489565849304,0.8414780497550964,0.9917165040969849,0.940227746963501,0.946415364742279,0.8582000136375427,0.8575488924980164
150,0.2070244550704956,0.17851193249225616,0.14658771455287933,0.1469397246837616,0.18627101182937622,0.13466514647006989,0.5852890610694885,0.5594980716705322,0.5266006588935852,0.52738356590271,0.5663845539093018,0.5139729976654053,0.19607572257518768,0.06196758896112442,0.023245465010404587,0.06196758896112442,0.04858735203742981,0.16022413969039917,1.1927695274353027,1.0648131370544434,1.0784852504730225,0.817585289478302,0.7815970182418823,0.9391739368438721,0.88579261302948,0.8988857865333557,0.7881027460098267,0.7700963616371155
200,0.20246383547782898,0.17458316683769226,0.14135664701461792,0.1447126269340515,0.1679643839597702,0.16891930997371674,0.47581520676612854,0.44819244742393494,0.4164677858352661,0.43945643305778503,0.43668854236602783,0.4365054666996002,1.1435761451721191,0.8259393572807312,1.136871099472046,3.0485873222351074,0.3132617175579071,0.20141328871250153,1.1191189289093018,1.1075440645217896,1.11946702003479,0.8627692461013794,0.775865375995636,0.8530692458152771,0.8467774987220764,0.8510605692863464,0.7468762993812561,0.7044090032577515
250,0.20981784164905548,0.1554974615573883,0.13763494789600372,0.1529742330312729,0.19608335196971893,0.14799214899539948,0.4218994081020355,0.36106088757514954,0.3403266966342926,0.3598918914794922,0.4059832692146301,0.36831024289131165,1.3005025386810303,0.16022413969039917,0.10020655393600464,0.3132617175579071,0.8259393572807312,1.7014132738113403,1.177572250366211,1.149007797241211,1.033388614654541,0.8178470730781555,0.7732937932014465,0.8255640268325806,0.8162700533866882,0.7738478183746338,0.6802785396575928,0.6578720211982727
300,0.20146213471889496,0.1410551518201828,0.11462485045194626,0.20291784405708313,0.19087257981300354,0.14906755089759827,0.3653814196586609,0.30437520146369934,0.2701399326324463,0.36434444785118103,0.35452544689178467,0.31350603699684143,0.22441931068897247,0.005233798176050186,0.005233798176050186,0.0019285932648926973,0.029750417917966843,0.006715348456054926,1.2268129587173462,1.0954338312149048,1.0024558305740356,0.833585262298584,0.7565722465515137,0.7992231249809265,0.7539154291152954,0.7184363603591919,0.6446475386619568,0.6003498435020447
350,0.23900875449180603,0.1253301352262497,0.1179678812623024,0.16602832078933716,0.1994882971048355,0.1521766185760498,0.3580409586429596,0.24990496039390564,0.23995570838451385,0.29630857706069946,0.3266003727912903,0.28208911418914795,0.16215473413467407,0.00010890284465858713,0.0040784431621432304,0.0005529314512386918,0.0003800567355938256,0.016034256666898727,1.1833163499832153,1.1185169219970703,0.9816280603408813,0.8657517433166504,0.786939263343811,0.7297679781913757,0.7141895890235901,0.6619709730148315,0.6117252707481384,0.5735464096069336
400,0.19086004793643951,0.1906663477420807,0.09451943635940552,0.11212900280952454,0.21524709463119507,0.19657810032367706,0.3580247163772583,0.35496166348457336,0.23931950330734253,0.2673763036727905,0.3749697804450989,0.36000001430511475,0.2895585596561432,7.889293556218036e-06,0.014163456857204437,0.000911466486286372,6.144193321233615e-06,1.6701560525689274e-05,1.2316572666168213,1.2115548849105835,0.9370327591896057,0.8018558025360107,0.7413703203201294,0.7220449447631836,0.7221829891204834,0.6194063425064087,0.5570905804634094,0.525719165802002
450,0.1832498013973236,0.16774283349514008,0.12515239417552948,0.11845879256725311,0.2061043381690979,0.19929184019565582,0.36389073729515076,0.34706661105155945,0.29930803179740906,0.29283788800239563,0.381351113319397,0.37535184621810913,0.29344964027404785,0.06993620097637177,0.12692801654338837,0.3868710398674011,0.10020655393600464,0.05488218367099762,1.1988459825515747,1.3657935857772827,0.9412299394607544,0.7911484837532043,0.6720468401908875,0.6937896609306335,0.7400688529014587,0.5970187783241272,0.5275380611419678,0.4622749984264374
500,0.19368337094783783,0.14280791580677032,0.12080160528421402,0.12166673690080643,0.21777622401714325,0.20326411724090576,0.373309850692749,0.32223373651504517,0.29789984226226807,0.2978469729423523,0.3917391002178192,0.39001497626304626,0.10020655393600464,0.020541900768876076,0.3484445810317993,0.22541265189647675,0.00861448422074318,0.9740769863128662,1.2373117208480835,1.3606425523757935,0.9219068288803101,0.7672226428985596,0.6599829792976379,0.6833750009536743,0.721381425857544,0.5629346966743469,0.49220728874206543,0.4319820702075958
550,0.22649165987968445,0.1551610231399536,0.12486482411623001,0.14226140081882477,0.18136079609394073,0.16986031830310822,0.38413819670677185,0.31988152861595154,0.2853788733482361,0.3061732053756714,0.34560662508010864,0.33511045575141907,0.19324298202991486,0.00861448422074318,0.14267505705356598,0.06993620097637177,0.006715348456054926,0.0380413718521595,1.2763619422912598,1.338846206665039,0.9244167804718018,0.7361395955085754,0.6490319967269897,0.6734111905097961,0.6925289630889893,0.5443687438964844,0.45327144861221313,0.3996729254722595
600,0.25183767080307007,0.1554163098335266,0.1433859020471573,0.13498584926128387,0.15653380751609802,0.1578405499458313,0.40701696276664734,0.32361751794815063,0.31031090021133423,0.3003774583339691,0.32502564787864685,0.3261016607284546,0.3868166208267212,0.011047745123505592,0.00975591130554676,0.012509570457041264,0.03364570066332817,0.0040784431621432304,1.2854126691818237,1.325947880744934,0.951038122177124,0.7222791910171509,0.6374943256378174,0.6567538976669312,0.669173002243042,0.5362415313720703,0.4261845648288727,0.3735569417476654
650,0.24715614318847656,0.16804710030555725,0.17829249799251556,0.13729774951934814,0.14344507455825806,0.125761479139328,0.3876256048679352,0.32270386815071106,0.3318191468715668,0.28878873586654663,0.2981278896331787,0.27674075961112976,0.25379520654678345,0.12692801654338837,0.06196758896112442,0.06993620097637177,0.28115013241767883,0.3132617175579071,1.2681636810302734,1.3703922033309937,0.9119800925254822,0.7543461918830872,0.6287108659744263,0.6278548836708069,0.6541213989257812,0.49597206711769104,0.42006534337997437,0.3471933901309967
700,0.24916476011276245,0.16666577756404877,0.1729048490524292,0.13645100593566895,0.1497991681098938,0.12501443922519684,0.3411937654018402,0.2744874954223633,0.2814403176307678,0.24148520827293396,0.2573123276233673,0.22705265879631042,0.035631049424409866,5.144353781361133e-05,0.08893946558237076,0.00023053328914102167,0.04299908131361008,0.0013259010156616569,1.3055167198181152,1.3384648561477661,0.9098056554794312,0.7192719578742981,0.6358640789985657,0.6072990298271179,0.6230909824371338,0.4686719477176666,0.37467533349990845,0.32537350058555603
750,0.2675505578517914,0.231734037399292,0.14482979476451874,0.13221006095409393,0.10231664031744003,0.12135885655879974,0.40296223759651184,0.3717480003833771,0.3246539533138275,0.3366572856903076,0.2592109739780426,0.26503562927246094,0.7525534629821777,0.0024756852071732283,3.0485873222351074,5.753177642822266,2.2378222942352295,0.0040784431621432304,1.3110932111740112,1.290863275527954,0.914762556552887,0.7612835168838501,0.6220409870147705,0.6093289256095886,0.592763364315033,0.4550026059150696,0.38153910636901855,0.3007391393184662
800,0.220445454120636,0.15327459573745728,0.16992546617984772,0.1466749906539917,0.18187245726585388,0.12780708074569702,0.3754653334617615,0.31497058272361755,0.33199575543403625,0.30770862102508545,0.34317153692245483,0.2849622368812561,0.05976881459355354,0.006715348456054926,0.007606093771755695,0.006715348456054926,0.0040784431621432304,0.0040784431621432304,1.3052488565444946,1.3822762966156006,0.9024768471717834,0.7178956270217896,0.6087703108787537,0.5890296697616577,0.6119648814201355,0.4414272904396057,0.3465782105922699,0.28394651412963867
850,0.22058339416980743,0.15154553949832916,0.17001239955425262,0.1918419748544693,0.15330097079277039,0.11271576583385468,0.36664503812789917,0.3037054240703583,0.3226699233055115,0.342605859041214,0.30559971928596497,0.254879355430603,0.10083725303411484,0.000804409384727478,7.338212526519783e-07,0.0003800567355938256,0.0002034476783592254,0.0024756852071732283,1.3898123502731323,1.3583699464797974,0.8470666408538818,0.6818956732749939,0.5872753262519836,0.6071538329124451,0.5980004668235779,0.40909597277641296,0.322334885597229,0.2601833641529083
900,0.23094400763511658,0.1844872683286667,0.1418861746788025,0.14836485683918,0.17564742267131805,0.11867015808820724,0.3655446469783783,0.32764288783073425,0.2841530442237854,0.29153871536254883,0.3202489912509918,0.2546828091144562,0.10250668227672577,0.018149929121136665,0.0013259010156616569,0.0031777266412973404,0.08893946558237076,0.0024756852071732283,1.4118034839630127,1.356187105178833,0.8022500872612,0.6804577708244324,0.5961287021636963,0.5991888046264648,0.5777173638343811,0.3731077015399933,0.3072458505630493,0.25432220101356506
950,0.20234593749046326,0.16144566237926483,0.11982184648513794,0.11180245876312256,0.21466495096683502,0.1899191290140152,0.37122946977615356,0.3339707851409912,0.28477397561073303,0.2733440101146698,0.3809809386730194,0.36077168583869934,1.7386797424023825e-07,6.101936989542922e-13,9.422450375495828e-07,1.1628233792526643e-10,9.545034901359273e-12,1.334793164161545e-15,1.3571891784667969,1.5778995752334595,0.7444019913673401,0.641636312007904,0.5819690227508545,0.5786662697792053,0.638937771320343,0.3384303152561188,0.2790064811706543,0.23756510019302368
1000,0.213443785905838,0.16766329109668732,0.12766730785369873,0.13893504440784454,0.19185809791088104,0.16043248772621155,0.35810816287994385,0.3170149326324463,0.2720474600791931,0.2860029637813568,0.33925703167915344,0.30974096059799194,0.12596459686756134,3.059022617435403e-07,2.940077695190446e-11,2.1024335694619367e-07,3.535687574185431e-05,1.0467402056235642e-08,1.3640432357788086,1.568190574645996,0.7544733881950378,0.6419543027877808,0.5713180303573608,0.5659118890762329,0.6216995716094971,0.32903650403022766,0.2644353210926056,0.21589776873588562
1050,0.21930386126041412,0.12451630085706711,0.12351053208112717,0.18797101080417633,0.17895396053791046,0.16574431955814362,0.35535281896591187,0.26667314767837524,0.2597978711128235,0.32943081855773926,0.3209802210330963,0.3122795522212982,0.1612098515033722,0.6325990557670593,0.07888973504304886,0.1128222793340683,0.07888973504304886,0.4740769863128662,1.440159797668457,1.457385540008545,0.7755615711212158,0.63029944896698,0.544732928276062,0.5794187188148499,0.5876256823539734,0.33530089259147644,0.25234392285346985,0.19398419559001923
1100,0.23516333103179932,0.18633121252059937,0.10037209093570709,0.12409141659736633,0.15053817629814148,0.20350374281406403,0.39020609855651855,0.35011833906173706,0.24892838299274445,0.28304463624954224,0.3143429458141327,0.3643251657485962,0.28115013241767883,0.1128222793340683,0.20141328871250153,0.1128222793340683,0.05488218367099762,0.07888973504304886,1.503013253211975,1.3717055320739746,0.7706459164619446,0.617314338684082,0.539777934551239,0.5952795743942261,0.5587127208709717,0.32808029651641846,0.2384033054113388,0.18565179407596588
1150,0.2623935639858246,0.174119234085083,0.11130017042160034,0.1268293410539627,0.148848757147789,0.17650902271270752,0.3584051728248596,0.29178714752197266,0.2152361124753952,0.24059376120567322,0.2649693191051483,0.2940363585948944,0.4181925058364868,0.5231232643127441,0.2519291043281555,0.6325990557670593,0.42870068550109863,0.5231232643127441,1.5323715209960938,1.3631709814071655,0.7519648671150208,0.602282702922821,0.5344339609146118,0.5924166440963745,0.5469000935554504,0.3089483678340912,0.22016330063343048,0.1723558008670807
1200,0.2279767096042633,0.17761047184467316,0.10579187422990799,0.1419214904308319,0.17310260236263275,0.17359690368175507,0.3335198760032654,0.2923283874988556,0.20683784782886505,0.2553148865699768,0.2887440025806427,0.28856584429740906,1.399189386575017e-07,9.02844694792293e-05,1.1513510631000479e-11,2.620462735691831e-10,0.06583535671234131,0.0009702224051579833,1.4065409898757935,1.4937890768051147,0.7884781360626221,0.6378326416015625,0.5458195805549622,0.5388689637184143,0.5629419088363647,0.3073553144931793,0.22254382073879242,0.15874236822128296
1250,0.23568251729011536,0.1277591586112976,0.12052914500236511,0.14769692718982697,0.15713389217853546,0.2111983746290207,0.35870325565338135,0.2557281255722046,0.2462163120508194,0.28486213088035583,0.2908523976802826,0.3386930525302887,0.19639982283115387,0.0024756852071732283,0.012509570457041264,0.5231232643127441,0.10020655393600464,0.005233798176050186,1.3697351217269897,1.6015374660491943,0.7765630483627319,0.6227665543556213,0.5365637540817261,0.5243338942527771,0.582426130771637,0.2973359525203705,0.20905353128910065,0.14945898950099945
1300,0.20018860697746277,0.14940890669822693,0.1441568285226822,0.14676667749881744,0.15901893377304077,0.2004600167274475,0.31231823563575745,0.26344090700149536,0.25685882568359375,0.2597983181476593,0.2730281352996826,0.31124061346054077,0.1302153468132019,0.06993620097637177,0.0021851020865142345,8.481463737552986e-05,0.00010890284465858713,9.610703273210675e-05,1.4142394065856934,1.5650253295898438,0.7674663662910461,0.6124730706214905,0.5195305347442627,0.5353931188583374,0.5759171843528748,0.2908921539783478,0.19901850819587708,0.1348244845867157
1350,0.23406417667865753,0.16034527122974396,0.1263246387243271,0.14231760799884796,0.14773547649383545,0.1892128735780716,0.35666629672050476,0.2938001751899719,0.2522367537021637,0.27066123485565186,0.27692633867263794,0.31775546073913574,0.39366936683654785,0.3484445810317993,0.12692801654338837,0.0024756852071732283,0.012509570457041264,0.012509570457041264,1.3794649839401245,1.5429267883300781,0.8238938450813293,0.6278654932975769,0.5253986716270447,0.5166630744934082,0.5575287938117981,0.3104993402957916,0.20181307196617126,0.13054561614990234
1400,0.18627288937568665,0.12192675471305847,0.13231271505355835,0.1635625958442688,0.18177175521850586,0.21415327489376068,0.3190397322177887,0.2491140067577362,0.2626023590564728,0.2975897192955017,0.31500402092933655,0.3420538008213043,1.5024165245236532e-10,1.2378190139550327e-10,6.758262394157555e-09,0.00027806960861198604,3.321474287076853e-05,7.658115031006218e-09,1.3477349281311035,1.5047205686569214,0.8879539370536804,0.638827383518219,0.5376147031784058,0.4909090995788574,0.5349818468093872,0.32076525688171387,0.1922905594110489,0.12329373508691788
1450,0.2150193601846695,0.18121552467346191,0.20316486060619354,0.13563966751098633,0.13704025745391846,0.12792028486728668,0.36497119069099426,0.3367493748664856,0.3562723398208618,0.2889513373374939,0.29064637422561646,0.2792832553386688,5.93250774727494e-07,1.7429786680622783e-07,0.06583535671234131,2.2380289976808854e-07,2.8736857871081156e-07,1.1142490485838152e-08,1.4977113008499146,1.3993006944656372,0.8278276920318604,0.5890956521034241,0.5047527551651001,0.5463395118713379,0.5191532969474792,0.30918413400650024,0.17150035500526428,0.1112895980477333
1500,0.21792171895503998,0.19411659240722656,0.1914481371641159,0.13136403262615204,0.11428689956665039,0.15086260437965393,0.3501596450805664,0.32876715064048767,0.32656291127204895,0.26375317573547363,0.24078001081943512,0.286593496799469,0.2925454378128052,0.06196758896112442,0.06993620097637177,0.0036000751424580812,0.0040784431621432304,0.0040784431621432304,1.4692801237106323,1.4259613752365112,0.8455265164375305,0.5930675268173218,0.5056158900260925,0.5284801721572876,0.5165096521377563,0.30745285749435425,0.1648436337709427,0.10177994519472122
1550,0.24676893651485443,0.1587599217891693,0.148419588804245,0.14858800172805786,0.13467562198638916,0.16278791427612305,0.31988874077796936,0.24622520804405212,0.23584860563278198,0.23468628525733948,0.217372864484787,0.2507111132144928,0.4021366834640503,0.3132617175579071,0.3868710398674011,0.2519291043281555,0.14267505705356598,0.3484445810317993,1.4435979127883911,1.4186056852340698,0.8758202791213989,0.5998802781105042,0.5165241360664368,0.5026823878288269,0.49754443764686584,0.3046368956565857,0.153264582157135,0.0934213325381279
1600,0.2723253071308136,0.13542944192886353,0.16285432875156403,0.15293119847774506,0.11937903612852097,0.15708070993423462,0.3361952006816864,0.22019430994987488,0.2426592856645584,0.23200558125972748,0.19425325095653534,0.23650342226028442,0.9000082015991211,0.8259393572807312,0.029750417917966843,0.0017021704697981477,0.3132617175579071,0.00975591130554676,1.500083327293396,1.3801666498184204,0.8473989963531494,0.582999050617218,0.5061700344085693,0.520331621170044,0.4882105588912964,0.2930954098701477,0.14350095391273499,0.0869758203625679
1650,0.25613322854042053,0.1596938967704773,0.1297689527273178,0.1551361232995987,0.13852187991142273,0.1607459932565689,0.3162279725074768,0.2383672595024109,0.20337209105491638,0.2328224927186966,0.21420788764953613,0.23870804905891418,0.06971879303455353,0.07888973504304886,0.0031777266412973404,0.0021851020865142345,0.009755905717611313,0.004620229359716177,1.518713355064392,1.3278989791870117,0.8578448295593262,0.5780925154685974,0.5172263383865356,0.5188450217247009,0.46513882279396057,0.28779610991477966,0.1324910670518875,0.08798975497484207
1700,0.26531463861465454,0.16466018557548523,0.1458253115415573,0.13882921636104584,0.1402490735054016,0.14512155950069427,0.309575617313385,0.2242445945739746,0.2230813056230545,0.23297134041786194,0.2100561112165451,0.21170517802238464,1.2380030155181885,0.575939416885376,2.4639394283294678,4.264163494110107,1.8047447204589844,1.4061501026153564,1.5082600116729736,1.3402990102767944,0.8546085953712463,0.5788760781288147,0.5241684317588806,0.5200496912002563,0.45957446098327637,0.2795726954936981,0.12375064939260483,0.08404052257537842
1750,0.23792779445648193,0.14347274601459503,0.18605008721351624,0.1801052689552307,0.1325788050889969,0.11986532062292099,0.29306524991989136,0.20960436761379242,0.2524831295013428,0.24712491035461426,0.19657538831233978,0.17994122207164764,3.1086456147022545e-05,9.516296813671943e-06,1.3846100955561269e-05,2.2828258806839585e-05,7.967618148541078e-05,2.7264741220278665e-06,1.6040726900100708,1.266565203666687,0.7975348234176636,0.5684332847595215,0.5035491585731506,0.5421256422996521,0.44763076305389404,0.2626153826713562,0.1258874535560608,0.07867772877216339
1800,0.2557455897331238,0.14903214573860168,0.1871418058872223,0.14154845476150513,0.12877953052520752,0.13775238394737244,0.30400076508522034,0.22100119292736053,0.2449798882007599,0.19973522424697876,0.1833087056875229,0.19369502365589142,0.8915396332740784,1.5019291639328003,0.14267505705356598,0.22541265189647675,0.14267505705356598,0.06993620097637177,1.5648950338363647,1.2829121351242065,0.8051812648773193,0.5905406475067139,0.5190902352333069,0.5189642310142517,0.43948978185653687,0.25601455569267273,0.12915003299713135,0.07756571471691132
1850,0.251546710729599,0.1456095576286316,0.15814904868602753,0.14422136545181274,0.1474229395389557,0.15305036306381226,0.2988324761390686,0.20856834948062897,0.22225679457187653,0.20692968368530273,0.2105603814125061,0.2167307436466217,0.01258106529712677,0.006715348456054926,0.012509570457041264,0.000911466486286372,0.0017021704697981477,0.0006265303236432374,1.5540944337844849,1.2618461847305298,0.8037796020507812,0.6188843846321106,0.525611162185669,0.5070255398750305,0.42369866371154785,0.24329626560211182,0.13741226494312286,0.07339086383581161
1900,0.22328735888004303,0.18446514010429382,0.1543290615081787,0.1651753932237625,0.13293634355068207,0.13980667293071747,0.25755399465560913,0.23712177574634552,0.20668016374111176,0.21788708865642548,0.18306942284107208,0.20248934626579285,0.5931498408317566,1.7014132738113403,1.6004126071929932,1.6004126071929932,1.7014132738113403,2.811967611312866,1.5996174812316895,1.2145013809204102,0.7829828262329102,0.611152708530426,0.5229931473731995,0.5259348154067993,0.40514618158340454,0.2295549511909485,0.13044941425323486,0.0681380107998848
1950,0.22290217876434326,0.14978037774562836,0.15302635729312897,0.1344665288925171,0.15835236012935638,0.18147210776805878,0.2813110649585724,0.21571315824985504,0.21925079822540283,0.1979171484708786,0.22489584982395172,0.24738195538520813,4.160810647135804e-07,4.099093509069007e-09,2.2380289976808854e-07,2.9693733583080473e-10,9.833214242860322e-09,1.3574332058396976e-07,1.6298725605010986,1.2145940065383911,0.7645761966705322,0.5902354717254639,0.5148413777351379,0.5256326198577881,0.4079958200454712,0.2228584736585617,0.11933839321136475,0.06402657926082611
2000,0.21894989907741547,0.1694924533367157,0.13785623013973236,0.12710143625736237,0.18466340005397797,0.16193662583827972,0.2939591407775879,0.3097571134567261,0.19698941707611084,0.18290479481220245,0.24485987424850464,0.22289001941680908,2.133484125137329,7.937857151031494,0.06993620097637177,0.0017021704697981477,0.03364570066332817,0.0036000751424580812,1.6478632688522339,1.162055253982544,0.7968947887420654,0.5801420211791992,0.5138411521911621,0.5277650356292725,0.38804930448532104,0.25308048725128174,0.1101803332567215,0.06163680925965309
2050,0.21199342608451843,0.214203342795372,0.15609636902809143,0.12899301946163177,0.15596909821033478,0.13274475932121277,0.31840813159942627,0.3190840780735016,0.2557188868522644,0.22466914355754852,0.2539696991443634,0.2289814054965973,1.6054474115371704,1.5019291639328003,0.3868710398674011,0.42870068550109863,0.22541265189647675,0.3868710398674011,1.54637610912323,1.2609126567840576,0.8454368710517883,0.5914087891578674,0.5288296937942505,0.4932214617729187,0.4115901291370392,0.25169506669044495,0.1087566688656807,0.0720226913690567
2100,0.26302871108055115,0.1792738139629364,0.15869955718517303,0.11703280359506607,0.12496713548898697,0.15699802339076996,0.3569226562976837,0.2833409309387207,0.2632773518562317,0.21297289431095123,0.2238008677959442,0.2614549398422241,1.0331312417984009,0.00021656748140230775,0.005233798176050186,3.96699397242628e-06,0.00045841795508749783,0.0008562671137042344,1.524674654006958,1.3500124216079712,0.8085976243019104,0.5803993940353394,0.5296884179115295,0.4902782738208771,0.4416113495826721,0.23658429086208344,0.10395035147666931,0.06943356245756149
2150,0.2842006981372833,0.17392009496688843,0.13256298005580902,0.13627903163433075,0.14123323559761047,0.13180385529994965,0.3224973678588867,0.23355770111083984,0.18823771178722382,0.1925765424966812,0.20294617116451263,0.18723423779010773,0.8912748098373413,0.10020655393600464,0.04858735203742981,0.02630019560456276,0.4740769863128662,0.04299908131361008,1.4982883930206299,1.347390055656433,0.8156604170799255,0.5925635695457458,0.551982045173645,0.4698827564716339,0.42668071389198303,0.22665052115917206,0.0988345518708229,0.07045748084783554
2200,0.22692228853702545,0.1578451693058014,0.18831205368041992,0.14641326665878296,0.1271989792585373,0.15330827236175537,0.3347507417201996,0.2754402756690979,0.30194422602653503,0.26000654697418213,0.23672029376029968,0.2675294578075409,0.2549271285533905,0.3132617175579071,0.05164138972759247,0.010381858795881271,0.0029854848980903625,0.003382326103746891,1.5111581087112427,1.3754420280456543,0.7871403694152832,0.5747913718223572,0.5517160892486572,0.47689053416252136,0.4428606629371643,0.21961115300655365,0.09385134279727936,0.07746194303035736
2250,0.21426796913146973,0.18003980815410614,0.17988106608390808,0.13292761147022247,0.1356765329837799,0.15720707178115845,0.3155274987220764,0.28721627593040466,0.28606700897216797,0.23615597188472748,0.23938943445682526,0.263706237077713,0.07898931205272675,0.11967965960502625,0.01930926740169525,0.01930926740169525,0.004917476791888475,0.006309766788035631,1.519396185874939,1.369272232055664,0.7800061702728271,0.5747852325439453,0.5508068203926086,0.4743427038192749,0.43705421686172485,0.21196109056472778,0.08983893692493439,0.07279402762651443
2300,0.20171047747135162,0.17961600422859192,0.17309629917144775,0.14299005270004272,0.16024085879325867,0.14234627783298492,0.2837735712528229,0.26455262303352356,0.25845643877983093,0.22692695260047913,0.24573689699172974,0.22621408104896545,0.007912881672382355,2.0145893358858302e-05,0.00045841795508749783,0.00021656748140230775,0.001811851398088038,0.003382326103746891,1.5326881408691406,1.3421069383621216,0.7905222773551941,0.5680246949195862,0.5511896014213562,0.4812138080596924,0.4281008243560791,0.21637998521327972,0.08416838943958282,0.07143747061491013
2350,0.20944476127624512,0.19011564552783966,0.17847047746181488,0.13676762580871582,0.1250099390745163,0.16019150614738464,0.28775471448898315,0.27177155017852783,0.26134198904037476,0.21742892265319824,0.20259705185890198,0.24351322650909424,0.0006629739655181766,6.758262394157555e-09,3.6174372386454934e-09,1.8982568988912263e-11,3.2986755688080294e-12,4.018610097467068e-11,1.5358558893203735,1.3515022993087769,0.7726852297782898,0.5661126971244812,0.5557593703269958,0.47840607166290283,0.4272576570510864,0.20361752808094025,0.0791860893368721,0.0710863471031189
2400,0.22172552347183228,0.21871443092823029,0.18599990010261536,0.0884697213768959,0.08544593304395676,0.19964449107646942,0.34386253356933594,0.3384493291378021,0.3090440034866333,0.1857239305973053,0.18024276196956635,0.32095465064048767,0.7025773525238037,0.3868710398674011,0.11967965960502625,0.04858735203742981,0.07428313046693802,0.14267505705356598,1.500855803489685,1.3855081796646118,0.7551023960113525,0.5732406377792358,0.5863023996353149,0.47266721725463867,0.44240590929985046,0.19961832463741302,0.08939924091100693,0.09841125458478928
2450,0.25155314803123474,0.16670428216457367,0.1819392740726471,0.11907609552145004,0.11482136696577072,0.16590583324432373,0.3188135623931885,0.2579090893268585,0.26633331179618835,0.19761842489242554,0.1924174278974533,0.24947717785835266,0.12774866819381714,0.8259393572807312,0.22541265189647675,0.3484445810317993,0.42870068550109863,0.06196758896112442,1.4774866104125977,1.3948620557785034,0.7500472664833069,0.5901749134063721,0.6002985239028931,0.4542020857334137,0.43262138962745667,0.18445557355880737,0.08856866508722305,0.09537193924188614
2500,0.21863669157028198,0.15643662214279175,0.13941913843154907,0.18247389793395996,0.11406073719263077,0.18897293508052826,0.3111827075481415,0.25487321615219116,0.23587076365947723,0.28027597069740295,0.20274637639522552,0.28605037927627563,0.10740610957145691,5.771936230303254e-06,3.0894991596142063e-06,1.6536910152353812e-06,3.889111610533291e-08,2.8172628674383304e-09,1.5374300479888916,1.364458441734314,0.7059337496757507,0.5672142505645752,0.5973423719406128,0.4831441640853882,0.4354023337364197,0.1718057245016098,0.08429199457168579,0.10417824238538742
2550,0.27859023213386536,0.1428050845861435,0.1335136592388153,0.1444414108991623,0.12611104547977448,0.17453861236572266,0.3072974979877472,0.19590725004673004,0.18481355905532837,0.1977870613336563,0.17539472877979279,0.22901692986488342,0.11272192746400833,7.889293556218036e-06,0.0007099223439581692,1.7603447304281872e-06,6.825603549032166e-08,1.2751904421293148e-07,1.5315041542053223,1.3315030336380005,0.7220009565353394,0.5852472186088562,0.6016765832901001,0.4693382978439331,0.40954288840293884,0.168546661734581,0.08454977720975876,0.09562407433986664
2600,0.2679881453514099,0.17140789330005646,0.11855088174343109,0.15109564363956451,0.14081963896751404,0.15013782680034637,0.2887648940086365,0.2150239795446396,0.15418773889541626,0.1942119151353836,0.18259045481681824,0.19316263496875763,0.0003056122222915292,1.013004202832235e-05,3.6534821390432626e-08,1.6373769540223293e-07,1.8189616479702408e-09,2.335593052293916e-09,1.5430964231491089,1.3067035675048828,0.7208544611930847,0.5927865505218506,0.5987403392791748,0.4661881625652313,0.39967480301856995,0.16174453496932983,0.082669198513031,0.08750080317258835
2650,0.30379819869995117,0.14706189930438995,0.15450666844844818,0.14246533811092377,0.1317099779844284,0.12045802921056747,0.33414891362190247,0.2144397348165512,0.22258809208869934,0.2092001885175705,0.19624830782413483,0.18151363730430603,5.693796083505731e-07,1.6536910152353812e-06,5.0937178457388654e-06,7.81148685291555e-07,1.0030146313511068e-06,1.6536910152353812e-06,1.6206496953964233,1.2240428924560547,0.6945316195487976,0.5840421319007874,0.5841710567474365,0.49410879611968994,0.38184162974357605,0.15517087280750275,0.08500642329454422,0.08595339208841324
2700,0.2563111484050751,0.17354117333889008,0.15719427168369293,0.11434095352888107,0.15142600238323212,0.14718644320964813,0.30134737491607666,0.23484893143177032,0.2192329615354538,0.16863597929477692,0.21397244930267334,0.20818886160850525,0.23337103426456451,0.018149929121136665,0.08893946558237076,0.28115013241767883,0.1797446310520172,0.06993620097637177,1.6183762550354004,1.1802221536636353,0.7032931447029114,0.6167099475860596,0.5841776728630066,0.484957218170166,0.3620866537094116,0.15501299500465393,0.1024630069732666,0.08078552782535553
2750,0.24161745607852936,0.1629817634820938,0.14277693629264832,0.13726578652858734,0.14990676939487457,0.165451318025589,0.280028760433197,0.21463467180728912,0.19280345737934113,0.18630027770996094,0.20083485543727875,0.21711426973342896,0.04324791580438614,0.00017954407667275518,0.000911466486286372,0.00010890284465858713,3.726646127688582e-06,1.0677034651962458e-06,1.567944884300232,1.2098108530044556,0.7217997908592224,0.6355703473091125,0.599283754825592,0.461292564868927,0.35757187008857727,0.1509832888841629,0.0991986021399498,0.0765782818198204
2800,0.29337579011917114,0.13849569857120514,0.16045619547367096,0.11814282834529877,0.12893332540988922,0.16059616208076477,0.3358677625656128,0.21195179224014282,0.2372155785560608,0.18613258004188538,0.20018687844276428,0.23638372123241425,0.008772891014814377,0.0023258652072399855,0.10020655393600464,0.04299908131361008,0.006309766788035631,0.0026351429987698793,1.492121934890747,1.3228291273117065,0.7199727296829224,0.641427218914032,0.6132455468177795,0.4318216145038605,0.38775739073753357,0.14443154633045197,0.09822447597980499,0.08025236427783966
2850,0.2571929395198822,0.12538057565689087,0.19573932886123657,0.1396503448486328,0.14635570347309113,0.13568106293678284,0.3029266595840454,0.18435078859329224,0.25784677267074585,0.202652245759964,0.2098747342824936,0.19737966358661652,0.00278526172041893,8.152020392060422e-09,1.2751904421293148e-07,0.05164138972759247,7.031431596260518e-05,0.00015844876179471612,1.5309698581695557,1.2970815896987915,0.7065864205360413,0.627518892288208,0.6026552319526672,0.44986191391944885,0.379792183637619,0.14057743549346924,0.09310872852802277,0.07693734765052795
2900,0.26849672198295593,0.13707482814788818,0.17831698060035706,0.14557193219661713,0.1267583817243576,0.14378118515014648,0.3059542179107666,0.19501665234565735,0.23848553001880646,0.2048293501138687,0.1820220649242401,0.20574122667312622,0.013122297823429108,0.012509570457041264,0.01930926740169525,0.0014113540528342128,0.0040784431621432304,0.2968331575393677,1.5380825996398926,1.284298062324524,0.7008007168769836,0.6316590905189514,0.603577196598053,0.44814664125442505,0.3760169446468353,0.133719339966774,0.09216983616352081,0.0737605094909668
2950,0.23939159512519836,0.1643214374780655,0.20263522863388062,0.15178927779197693,0.12282925099134445,0.11903310567140579,0.29520002007484436,0.23311445116996765,0.2677671015262604,0.22002485394477844,0.18509462475776672,0.1799146831035614,2.4552423383283895e-07,1.2751904421293148e-07,0.007146906573325396,6.144193321233615e-06,1.9750537205709406e-07,2.8453348122070565e-08,1.5916893482208252,1.2137056589126587,0.6858934760093689,0.619690477848053,0.6070758700370789,0.4681459069252014,0.3596988320350647,0.13141435384750366,0.09081351011991501,0.08177556842565536
3000,0.22911813855171204,0.17105793952941895,0.17823219299316406,0.14602944254875183,0.14234265685081482,0.13321968913078308,0.339459091424942,0.2913821041584015,0.3005833625793457,0.26365822553634644,0.2605516314506531,0.25917795300483704,0.5348682403564453,0.5490548610687256,0.7912852764129639,0.3868710398674011,0.4981345534324646,1.4536898136138916,1.5148391723632812,1.372738003730774,0.697076141834259,0.6062517762184143,0.5933733582496643,0.4521791338920593,0.41543617844581604,0.14171119034290314,0.08587145805358887,0.0772828459739685
3050,0.21481215953826904,0.17288759350776672,0.16521847248077393,0.15797510743141174,0.1535453349351883,0.13556133210659027,0.31883126497268677,0.28359586000442505,0.27467310428619385,0.26587438583374023,0.26401931047439575,0.24505020678043365,0.415102481842041,0.4740769863128662,0.3304581940174103,0.1902991384267807,0.4740769863128662,0.6325990557670593,1.5316057205200195,1.3412609100341797,0.6915478110313416,0.6231536269187927,0.583175003528595,0.4587218165397644,0.4060875177383423,0.1411142498254776,0.09945859760046005,0.07293626666069031
3100,0.20436011254787445,0.15438316762447357,0.19331368803977966,0.13067197799682617,0.1831241250038147,0.1341470330953598,0.29285386204719543,0.2464647889137268,0.28356945514678955,0.21895146369934082,0.27463480830192566,0.22328253090381622,0.011548992246389389,6.412061281935166e-08,1.6536910152353812e-06,1.3574332058396976e-07,1.4739090147486422e-05,4.264837480150163e-05,1.5014601945877075,1.3126201629638672,0.7067645788192749,0.6275879740715027,0.6320542693138123,0.44436153769493103,0.3905964195728302,0.142963245511055,0.09450706094503403,0.09827432036399841
3150,0.18418875336647034,0.12888865172863007,0.1388193815946579,0.17650796473026276,0.1947978287935257,0.17679737508296967,0.27497541904449463,0.21422965824604034,0.22647728025913239,0.2661116421222687,0.2823767364025116,0.2663784325122833,0.18391531705856323,4.5398901420412585e-05,9.610703273210675e-05,0.0003570343542378396,3.120239853160456e-05,4.785106284543872e-06,1.4809576272964478,1.3942829370498657,0.6940432786941528,0.6216896772384644,0.612368106842041,0.4413522779941559,0.4133961796760559,0.13818833231925964,0.09415100514888763,0.08810801804065704
3200,0.1797936111688614,0.14812353253364563,0.14435802400112152,0.16629531979560852,0.1734769195318222,0.18795257806777954,0.22878913581371307,0.1942027360200882,0.1899767518043518,0.22191137075424194,0.22031022608280182,0.2334994375705719,0.26159679889678955,4.8326808609999716e-05,0.0023258652072399855,0.8615548610687256,0.003831815905869007,0.0003570343542378396,1.422631859779358,1.4099855422973633,0.7259196043014526,0.6472095251083374,0.6324080228805542,0.4068162739276886,0.40324461460113525,0.13768644630908966,0.09177876263856888,0.08361319452524185
3250,0.19222107529640198,0.18611468374729156,0.18997254967689514,0.14489319920539856,0.13108152151107788,0.1557169407606125,0.25970423221588135,0.25429922342300415,0.25768348574638367,0.2129877507686615,0.197201207280159,0.22489070892333984,0.007945948280394077,0.00011592606460908428,1.7778711480787024e-05,9.516296813671943e-06,0.07428313046693802,0.0015991234686225653,1.482997179031372,1.3231706619262695,0.7403175830841064,0.6279524564743042,0.6218521595001221,0.4323021173477173,0.3866884112358093,0.15297695994377136,0.08855967968702316,0.08465489000082016
3300,0.213901087641716,0.16780206561088562,0.16629885137081146,0.1758946180343628,0.13644663989543915,0.1396566778421402,0.2648058235645294,0.22429654002189636,0.22142702341079712,0.2297424077987671,0.19048716127872467,0.1929888129234314,0.3270566761493683,0.28115013241767883,0.14267505705356598,0.04858735203742981,0.3132617175579071,0.1797446310520172,1.4801533222198486,1.315335988998413,0.741367757320404,0.6349998712539673,0.6246069669723511,0.4256788492202759,0.3805627226829529,0.15122246742248535,0.08927369117736816,0.08267279714345932
3350,0.2069292664527893,0.15035462379455566,0.20110984146595,0.19604772329330444,0.1371438056230545,0.10841481387615204,0.27592363953590393,0.22322361171245575,0.2712145745754242,0.2670082747936249,0.20804908871650696,0.16926424205303192,0.0002326901158085093,5.4222336984821595e-06,1.5534990325249964e-06,1.013004202832235e-05,3.2887544421100756e-06,9.610703273210675e-05,1.5785667896270752,1.2327957153320312,0.7360857129096985,0.6032922863960266,0.5845558047294617,0.46407222747802734,0.3698660731315613,0.1635887771844864,0.08401089161634445,0.0713910311460495
3400,0.21398800611495972,0.16430850327014923,0.22104354202747345,0.16884304583072662,0.1362101435661316,0.0956067368388176,0.27816689014434814,0.23458394408226013,0.28351840376853943,0.23906876146793365,0.20363172888755798,0.14522893726825714,0.00013097912597004324,0.0007099223439581692,2.5867766453302465e-05,7.338212526519783e-07,1.1478834494482726e-05,2.382369359565928e-07,1.5365219116210938,1.244139313697815,0.7314366102218628,0.6463069319725037,0.5985854268074036,0.45509400963783264,0.3706630766391754,0.15818756818771362,0.10760770738124847,0.07801102846860886
3450,0.2657012939453125,0.14811435341835022,0.20466648042201996,0.15655232965946198,0.11831303685903549,0.10665255039930344,0.30807289481163025,0.2112458348274231,0.2650296688079834,0.22039473056793213,0.1742161214351654,0.15720614790916443,0.04368515685200691,0.003382326103746891,0.04570982977747917,0.0040784431621432304,0.007146906573325396,0.018149929121136665,1.519913911819458,1.2703335285186768,0.733685314655304,0.6471555829048157,0.5987203121185303,0.4462447464466095,0.37099891901016235,0.1549132913351059,0.10471586138010025,0.07359899580478668
3500,0.2514847218990326,0.1461227834224701,0.18815389275550842,0.15475685894489288,0.13640372455120087,0.12307807058095932,0.28677451610565186,0.19443605840206146,0.23615019023418427,0.2042522132396698,0.1830250322818756,0.16614171862602234,0.2840353846549988,0.00861448422074318,0.00861448422074318,0.04299908131361008,0.0031777266412973404,0.011047745123505592,1.559580683708191,1.2308801412582397,0.7351112365722656,0.6290923357009888,0.5895406007766724,0.4554552435874939,0.3645448088645935,0.15835963189601898,0.09606209397315979,0.07008836418390274
3550,0.22063054144382477,0.14276769757270813,0.14303725957870483,0.18675579130649567,0.1643030345439911,0.14250566065311432,0.2429017871618271,0.1710752695798874,0.1713864952325821,0.21539144217967987,0.1942567229270935,0.1707746684551239,0.0006840256974101067,8.327813993957989e-10,4.146174029107108e-11,2.9066924422949114e-09,4.457557378767518e-10,0.0002531884238123894,1.5329318046569824,1.2425634860992432,0.7432045936584473,0.6444148421287537,0.5970044136047363,0.4422675371170044,0.35826537013053894,0.1511562019586563,0.09562967717647552,0.06506241112947464
3600,0.26189878582954407,0.13160313665866852,0.12380768358707428,0.1840059459209442,0.15742537379264832,0.14125901460647583,0.24638168513774872,0.1320851594209671,0.12288699299097061,0.18733926117420197,0.16161130368709564,0.14370277523994446,0.08160848170518875,0.006715348456054926,0.09441287815570831,0.0017021704697981477,0.0031777266412973404,0.0002034476783592254,1.5091570615768433,1.2422741651535034,0.7518801689147949,0.6558218002319336,0.6131117939949036,0.4210226833820343,0.34009572863578796,0.14233087003231049,0.0876556932926178,0.06071901321411133
3650,0.2601097822189331,0.14150187373161316,0.1843467354774475,0.1279030740261078,0.14954563975334167,0.136592835187912,0.26142433285713196,0.16097381711006165,0.2046172320842743,0.14430218935012817,0.17009644210338593,0.15514793992042542,1.0701782793276493e-09,4.895668870297243e-10,2.6729447100137804e-08,3.192377251437506e-09,4.181188160146121e-07,7.507751365043447e-11,1.5555033683776855,1.2241908311843872,0.7335870265960693,0.6345310211181641,0.5967851877212524,0.43888428807258606,0.3430766761302948,0.1382409781217575,0.08021698892116547,0.0551285520195961
3700,0.26014721393585205,0.14361786842346191,0.1717967540025711,0.14651036262512207,0.15957413613796234,0.1183536946773529,0.27113479375839233,0.1728912889957428,0.20230165123939514,0.17603114247322083,0.1901237964630127,0.14081670343875885,0.036909330636262894,0.015070071443915367,2.9311968319234438e-05,4.264837480150163e-05,2.123380681950948e-06,6.144193321233615e-06,1.520057201385498,1.2033623456954956,0.8098446130752563,0.6395025253295898,0.5960432291030884,0.42586496472358704,0.32920724153518677,0.1740006059408188,0.07953988015651703,0.0513889379799366
3750,0.23872436583042145,0.1352328211069107,0.1582084745168686,0.17636185884475708,0.17259281873703003,0.11887961626052856,0.27257853746414185,0.17770865559577942,0.20466746389865875,0.2234276980161667,0.21879792213439941,0.15739312767982483,0.21618205308914185,0.10633723437786102,0.2131100445985794,0.2968331575393677,0.1902991384267807,0.20141328871250153,1.5796165466308594,1.1444346904754639,0.7940753698348999,0.6268335580825806,0.5831759572029114,0.444950670003891,0.31842705607414246,0.17223197221755981,0.07763306051492691,0.0487561970949173
3800,0.2324129194021225,0.14531446993350983,0.15424388647079468,0.1718675196170807,0.19017474353313446,0.10598642379045486,0.3209843933582306,0.24210229516029358,0.2498561143875122,0.2679585814476013,0.28444743156433105,0.18794414401054382,0.37789779901504517,0.23834450542926788,0.029750417917966843,0.05488218367099762,0.03364570066332817,0.029750417917966843,1.5511716604232788,1.2572309970855713,0.7764454483985901,0.6113429665565491,0.5631406903266907,0.4489760100841522,0.3679964542388916,0.17522023618221283,0.07959292083978653,0.04674147069454193
3850,0.25217485427856445,0.14893299341201782,0.149591863155365,0.1589181274175644,0.16860635578632355,0.1217757984995842,0.2775423228740692,0.19058643281459808,0.19131483137607574,0.20129631459712982,0.21106773614883423,0.15751110017299652,0.006255022250115871,3.2563127660978353e-07,6.5404583438066766e-06,0.0002612244279589504,0.0009702224051579833,0.014163456857204437,1.5527615547180176,1.2424360513687134,0.7817712426185608,0.6127908229827881,0.5668742656707764,0.4483599364757538,0.35917553305625916,0.17386867105960846,0.07645326852798462,0.04488091543316841
3900,0.18722330033779144,0.16111284494400024,0.17936140298843384,0.1973700225353241,0.16445042192935944,0.11048207432031631,0.25699469447135925,0.22874313592910767,0.24644958972930908,0.26223358511924744,0.232642263174057,0.16707932949066162,0.346951425075531,4.8326808609999716e-05,0.00027806960861198604,1.287896111534792e-06,0.05164138972759247,0.058320481330156326,1.477291226387024,1.2968711853027344,0.7980174422264099,0.6358506083488464,0.5957406759262085,0.4213743805885315,0.3692721426486969,0.1750403493642807,0.08413143455982208,0.05811037868261337
3950,0.2002231776714325,0.10891745239496231,0.2749369144439697,0.1677573174238205,0.1508861482143402,0.09727904200553894,0.2839276194572449,0.18346858024597168,0.3362531065940857,0.254740446805954,0.23724786937236786,0.16482235491275787,1.1915636605408508e-05,9.516296813671943e-06,0.0002612244279589504,0.0003800567355938256,5.0937178457388654e-06,1.0571700670425344e-07,1.5590850114822388,1.2242710590362549,0.771283745765686,0.6080519556999207,0.5854601860046387,0.4507960081100464,0.3586466908454895,0.1738288402557373,0.07871045917272568,0.06356558948755264
4000,0.19910459220409393,0.18125125765800476,0.20996354520320892,0.14735369384288788,0.1293112337589264,0.1330157369375229,0.27516570687294006,0.25938737392425537,0.28358063101768494,0.22516977787017822,0.2036445289850235,0.208301842212677,0.035815753042697906,0.008094665594398975,0.00109933502972126,0.0026351429987698793,0.005233798176050186,0.004917476791888475,1.5149919986724854,1.28208327293396,0.7764580249786377,0.6159418821334839,0.5904839634895325,0.43088531494140625,0.36836159229278564,0.16776202619075775,0.0751260444521904,0.05824201554059982
4050,0.22782757878303528,0.17276908457279205,0.18728239834308624,0.1505589336156845,0.1393115371465683,0.12225043028593063,0.25935858488082886,0.20922346413135529,0.22253265976905823,0.18652233481407166,0.17550569772720337,0.15215270221233368,0.44906899333000183,6.962280622246908e-06,7.889293556218036e-06,0.0003150883421767503,0.1797446310520172,2.1445179299917072e-05,1.464007019996643,1.2827892303466797,0.8130582571029663,0.6419304609298706,0.607661247253418,0.401928573846817,0.351845383644104,0.16944965720176697,0.07492053508758545,0.05297559127211571
4100,0.25767216086387634,0.19251525402069092,0.1679002046585083,0.13505379855632782,0.12039871513843536,0.12645988166332245,0.29990190267562866,0.23029184341430664,0.21269306540489197,0.17147564888000488,0.15865594148635864,0.1641065627336502,2.2026867866516113,0.05164138972759247,0.5490548610687256,0.01930926740169525,0.6325990557670593,0.3672420382499695,1.482447862625122,1.2098844051361084,0.8260526657104492,0.6599614024162292,0.6116446256637573,0.40774887800216675,0.33116522431373596,0.17383231222629547,0.08404143154621124,0.053629450500011444
4150,0.25124773383140564,0.16118648648262024,0.18620611727237701,0.16347187757492065,0.11253593116998672,0.12535186111927032,0.26264554262161255,0.18775689601898193,0.21309547126293182,0.19901469349861145,0.12984022498130798,0.1481519341468811,0.3251112699508667,0.16022413969039917,0.3132617175579071,1.0537006855010986,0.2968331575393677,0.3484445810317993,1.4648840427398682,1.203582525253296,0.8272503614425659,0.6791589260101318,0.622528612613678,0.3921540081501007,0.31458067893981934,0.16358442604541779,0.08468355238437653,0.049857307225465775
4200,0.21882152557373047,0.20238609611988068,0.18957477807998657,0.13403315842151642,0.11915075778961182,0.13603374361991882,0.3030027747154236,0.28562891483306885,0.27483895421028137,0.21763406693935394,0.19821394979953766,0.2200927883386612,0.449078232049942,3.059022617435403e-07,3.466327029855165e-07,5.043475539423525e-07,3.927862621821987e-07,0.0014113540528342128,1.5183753967285156,1.18888521194458,0.7949780821800232,0.6647875308990479,0.5983726978302002,0.4230242967605591,0.32517436146736145,0.16419163346290588,0.09271086007356644,0.05055135115981102
4250,0.2598189115524292,0.18940672278404236,0.15012553334236145,0.151284858584404,0.1117153987288475,0.1376485377550125,0.3332129716873169,0.2813812494277954,0.24037590622901917,0.24585622549057007,0.19161555171012878,0.22666463255882263,0.8658379912376404,0.8981232643127441,0.6325990557670593,1.0537006855010986,0.6325990557670593,0.6931471824645996,1.5149015188217163,1.1399067640304565,0.8521141409873962,0.6705179214477539,0.5896276831626892,0.42940524220466614,0.3117434084415436,0.19535088539123535,0.09948287904262543,0.04805922880768776
4300,0.2745599150657654,0.17314228415489197,0.1450279951095581,0.13939335942268372,0.12669937312602997,0.14117714762687683,0.3547830283641815,0.27616599202156067,0.24725127220153809,0.24144890904426575,0.22362302243709564,0.24219757318496704,0.535430371761322,0.28115013241767883,0.3132617175579071,0.3868710398674011,0.1797446310520172,0.2519291043281555,1.5455201864242554,1.1195710897445679,0.8500298261642456,0.6556957960128784,0.5779592990875244,0.44088754057884216,0.3128054141998291,0.20263364911079407,0.09880386292934418,0.04832646995782852
4350,0.2528442442417145,0.16098004579544067,0.16020585596561432,0.13837264478206635,0.13582395017147064,0.15177324414253235,0.2836541533470154,0.208557590842247,0.2077610343694687,0.18358974158763885,0.18052002787590027,0.19938550889492035,0.06037422642111778,0.0003570343542378396,0.0002453995984978974,0.0005194397526793182,0.000296000944217667,0.05488218367099762,1.5350011587142944,1.1328182220458984,0.8433564901351929,0.6614382863044739,0.5824834108352661,0.4319247305393219,0.31039565801620483,0.19068041443824768,0.0951768308877945,0.0443304181098938
4400,0.2469853311777115,0.15141847729682922,0.14400982856750488,0.1409282386302948,0.11127842962741852,0.2053796648979187,0.33209463953971863,0.25388455390930176,0.2507445812225342,0.24334895610809326,0.1980198174715042,0.2997414469718933,0.884735107421875,1.136871099472046,1.650610089302063,1.2679582834243774,0.6325990557670593,0.6931471824645996,1.661545991897583,1.0930514335632324,0.7720667719841003,0.6138080954551697,0.537992537021637,0.49693605303764343,0.3241444230079651,0.18508142232894897,0.09332594275474548,0.04059089347720146
4450,0.2360600233078003,0.15911516547203064,0.17323872447013855,0.13228894770145416,0.1281760036945343,0.17112122476100922,0.3133658766746521,0.24906529486179352,0.2608307898044586,0.2165284901857376,0.2150101661682129,0.26106804609298706,0.3083760142326355,0.3868710398674011,0.16022413969039917,0.1797446310520172,0.5490548610687256,0.3868710398674011,1.6595165729522705,1.115934133529663,0.7558113932609558,0.6137967109680176,0.536130428314209,0.49060505628585815,0.3317771852016449,0.1760091483592987,0.092757947742939,0.038643352687358856
4500,0.25318199396133423,0.1638392060995102,0.16147249937057495,0.13529439270496368,0.13539659976959229,0.15081535279750824,0.3020268976688385,0.2296757847070694,0.22300535440444946,0.2005143016576767,0.1938018649816513,0.21058964729309082,0.7470769882202148,0.6931471824645996,0.2661898136138916,0.9356346130371094,0.2519291043281555,0.15121395885944366,1.644010305404663,1.116784691810608,0.7636083960533142,0.6202599406242371,0.544964075088501,0.4806460738182068,0.32548174262046814,0.17342019081115723,0.09025363624095917,0.038486089557409286
4550,0.2175564169883728,0.17988625168800354,0.16568110883235931,0.1500944346189499,0.1445484161376953,0.14223338663578033,0.26284119486808777,0.2255735993385315,0.21199758350849152,0.19569554924964905,0.18948328495025635,0.18681928515434265,0.5898723006248474,0.0003150883421767503,1.8370862164829305e-08,4.181188160146121e-07,1.9362746961348876e-09,1.50797219156118e-09,1.6688761711120605,1.094096064567566,0.7447085380554199,0.6175069808959961,0.5458552241325378,0.4829453229904175,0.3140565752983093,0.1601802259683609,0.08525919914245605,0.036849167197942734
4600,0.23349082469940186,0.13955827057361603,0.18278871476650238,0.16209639608860016,0.17265908420085907,0.10940678417682648,0.27938687801361084,0.20894880592823029,0.2784551680088043,0.20759080350399017,0.21773719787597656,0.17113572359085083,1.2468448877334595,2.6949362754821777,5.193070411682129,0.08893946558237076,0.06196758896112442,2.929882049560547,1.5756734609603882,1.1373012065887451,0.7882277369499207,0.6287498474121094,0.5974786877632141,0.4456782639026642,0.33173704147338867,0.16861788928508759,0.0781964510679245,0.05779048055410385
4650,0.25523701310157776,0.12636016309261322,0.24547891318798065,0.1401330530643463,0.11542525142431259,0.11736569553613663,0.3083941340446472,0.18932940065860748,0.3025658130645752,0.20949716866016388,0.17333509027957916,0.1774519681930542,0.5722349882125854,0.2661898136138916,0.6325990557670593,0.575939416885376,0.16022413969039917,0.2968331575393677,1.5423682928085327,1.2244685888290405,0.7742580771446228,0.6276748180389404,0.5881034135818481,0.4396487772464752,0.34732386469841003,0.16703149676322937,0.08002787083387375,0.05398012325167656
4700,0.267119824886322,0.12077096849679947,0.2075701653957367,0.14480184018611908,0.13447172939777374,0.12526553869247437,0.293300062417984,0.16232232749462128,0.251681923866272,0.19226492941379547,0.1800583451986313,0.1683531105518341,5.719056571251713e-05,7.889293556218036e-06,2.5612855552026303e-06,7.889293556218036e-06,0.0005529314512386918,0.00017954407667275518,1.5028598308563232,1.2269996404647827,0.8177309632301331,0.6370965838432312,0.597460925579071,0.4216171205043793,0.3404979407787323,0.17818041145801544,0.07755334675312042,0.05264265090227127
4750,0.26458287239074707,0.10604646056890488,0.21367840468883514,0.14267413318157196,0.14595384895801544,0.12706437706947327,0.28758636116981506,0.1339944452047348,0.24958090484142303,0.1829359084367752,0.18668590486049652,0.16381748020648956,0.27478715777397156,0.001170194591395557,2.260326937175705e-06,2.123380681950948e-06,2.3588654585182667e-08,2.0816912638110807e-08,1.5426117181777954,1.1902811527252197,0.7959804534912109,0.62778639793396,0.5968797206878662,0.43146824836730957,0.33137595653533936,0.17042787373065948,0.07547798752784729,0.05528426915407181
4800,0.2188628613948822,0.16109570860862732,0.1421852707862854,0.14279691874980927,0.1982988566160202,0.13676036894321442,0.2868759334087372,0.23511773347854614,0.21439717710018158,0.21510541439056396,0.28125491738319397,0.21068386733531952,0.1574915498495102,0.0380413718521595,0.02630019560456276,0.02630019560456276,1.2234445810317993,0.2968331575393677,1.4991214275360107,1.305553674697876,0.7804016470909119,0.6236379742622375,0.5838742256164551,0.42750078439712524,0.37317174673080444,0.16734226047992706,0.07764676958322525,0.05129299312829971
4850,0.22495386004447937,0.1427619606256485,0.11520333588123322,0.13118672370910645,0.22258654236793518,0.1633075326681137,0.25328749418258667,0.1782331019639969,0.1428438425064087,0.16428112983703613,0.2515156865119934,0.2004183530807495,0.0026226385962218046,7.411307706206571e-06,2.1024335694619367e-07,1.1861120086109622e-08,1.0261879540562902e-10,9.056077415747765e-11,1.3991224765777588,1.358971357345581,0.8388803005218506,0.6474647521972656,0.6128085255622864,0.38095149397850037,0.3693046569824219,0.17633850872516632,0.07273705303668976,0.05023089051246643
4900,0.2623386085033417,0.14479196071624756,0.12993142008781433,0.1328796148300171,0.17826345562934875,0.15179488062858582,0.283719003200531,0.1842540055513382,0.17071859538555145,0.17294828593730927,0.22142842411994934,0.19637995958328247,0.2825953960418701,0.14267505705356598,0.575939416885376,0.42870068550109863,0.42870068550109863,0.575939416885376,1.3705289363861084,1.3888200521469116,0.8463022112846375,0.6454117894172668,0.6255455613136292,0.371323823928833,0.3764339089393616,0.17830057442188263,0.0699053555727005,0.05739965662360191
4950,0.2651662528514862,0.11753136664628983,0.14006945490837097,0.15330897271633148,0.13587112724781036,0.1880527138710022,0.26318255066871643,0.1259910762310028,0.15492908656597137,0.1698315143585205,0.1499088704586029,0.20353737473487854,0.2947503626346588,0.0008562671137042344,1.1478834494482726e-05,2.4300536097143777e-05,0.00010890284465858713,0.0002034476783592254,1.3899346590042114,1.37006413936615,0.8277587890625,0.646475613117218,0.6271794438362122,0.37036603689193726,0.3675563335418701,0.16599994897842407,0.06712542474269867,0.0550043024122715
5000,0.23898433148860931,0.11504769325256348,0.14056555926799774,0.16509349644184113,0.1665748953819275,0.1737341433763504,0.24744734168052673,0.12533344328403473,0.1584542691707611,0.18491517007350922,0.18638813495635986,0.19333209097385406,0.1504558026790619,0.0014113540528342128,0.008094665594398975,0.0003570343542378396,0.0002612244279589504,0.0003150883421767503,1.348642110824585,1.3308414220809937,0.8848527669906616,0.6782012581825256,0.6399681568145752,0.35067805647850037,0.34228378534317017,0.1821051388978958,0.07571426779031754,0.05250399187207222
5050,0.2291577160358429,0.1375398486852646,0.16095218062400818,0.15028713643550873,0.16497761011123657,0.15708549320697784,0.2124686986207962,0.1261909157037735,0.15218716859817505,0.1408155858516693,0.15623363852500916,0.1481826901435852,0.20458145439624786,1.0677034651962458e-06,0.005928608123213053,5.4222336984821595e-06,0.0029854848980903625,0.006715348456054926,1.3378312587738037,1.3157891035079956,0.8864492177963257,0.6856613755226135,0.6589503288269043,0.33503901958465576,0.33127912878990173,0.17329193651676178,0.07055593281984329,0.05466165021061897
5100,0.2521851360797882,0.12773652374744415,0.17158177495002747,0.18167470395565033,0.13108018040657043,0.13574162125587463,0.26684531569480896,0.15461133420467377,0.20330122113227844,0.2127322554588318,0.15887483954429626,0.16464151442050934,0.00020230235531926155,1.4593773585147574e-06,1.8189616479702408e-09,1.0467402056235642e-08,1.6373769540223293e-07,9.02844694792293e-05,1.3826662302017212,1.3242790699005127,0.8382124304771423,0.6732491850852966,0.6400145292282104,0.36149469017982483,0.3442365229129791,0.16129574179649353,0.0736333355307579,0.05285024642944336
5150,0.2311306893825531,0.12907880544662476,0.1727484166622162,0.16427281498908997,0.17697766423225403,0.12579166889190674,0.23097337782382965,0.134434312582016,0.1939217746257782,0.17537111043930054,0.1842651665210724,0.1353047490119934,0.35492539405822754,0.3132617175579071,1.4536898136138916,0.42870068550109863,0.08893946558237076,0.8259393572807312,1.3549038171768188,1.337203860282898,0.8432304263114929,0.6821308732032776,0.6566925048828125,0.34468966722488403,0.34167203307151794,0.15499147772789001,0.07018399238586426,0.05498173460364342
5200,0.2516579031944275,0.10932448506355286,0.15209513902664185,0.14884117245674133,0.19801689684391022,0.1400643140077591,0.2689691483974457,0.1308722198009491,0.18325428664684296,0.18084028363227844,0.22714070975780487,0.16765311360359192,0.575939416885376,0.5231232643127441,0.3132617175579071,0.42870068550109863,0.3484445810317993,0.1128222793340683,1.3647109270095825,1.3608424663543701,0.8248016834259033,0.6775490641593933,0.6435054540634155,0.35254791378974915,0.3509494364261627,0.15066294372081757,0.07199857383966446,0.05137796327471733
5250,0.25790321826934814,0.14335644245147705,0.17698875069618225,0.1498159021139145,0.13997593522071838,0.13195966184139252,0.2714095711708069,0.17451320588588715,0.20928728580474854,0.1817866712808609,0.17057575285434723,0.16084499657154083,9.597642929293215e-06,3.059022617435403e-07,5.602796449011294e-09,0.00013983185635879636,3.726646127688582e-06,1.7603447304281872e-06,1.352733850479126,1.3895753622055054,0.8283642530441284,0.6698096990585327,0.6420541405677795,0.34963980317115784,0.36038801074028015,0.1534677892923355,0.06848407536745071,0.05104034021496773
5300,0.2771998643875122,0.14005374908447266,0.15534232556819916,0.14101655781269073,0.15504512190818787,0.13134236633777618,0.27742958068847656,0.16433726251125336,0.18143324553966522,0.16555936634540558,0.18111664056777954,0.153844952583313,0.044474489986896515,6.89361286276835e-07,0.00011592606460908428,0.009167530573904514,5.4761268984293565e-05,0.010381858795881271,1.365352749824524,1.358438491821289,0.8232173323631287,0.6759682297706604,0.6473049521446228,0.3491884171962738,0.34715762734413147,0.14549130201339722,0.0679796114563942,0.05064818263053894
5350,0.22070474922657013,0.12954384088516235,0.19721129536628723,0.12705270946025848,0.16502800583839417,0.16045935451984406,0.2525809109210968,0.16481813788414001,0.23365278542041779,0.16184531152248383,0.20884637534618378,0.19973629713058472,0.05080632120370865,0.06583535671234131,0.015070071443915367,0.08893946558237076,0.4740769863128662,0.02630019560456276,1.4824494123458862,1.2708159685134888,0.7777674794197083,0.6423410773277283,0.6197286248207092,0.397577166557312,0.33596253395080566,0.1395677775144577,0.063578762114048,0.0487094521522522
5400,0.21872124075889587,0.15528462827205658,0.16099277138710022,0.1412283033132553,0.18101495504379272,0.1427580714225769,0.2411040961742401,0.1833513230085373,0.18888403475284576,0.16727903485298157,0.20822206139564514,0.1690472513437271,0.16639575362205505,0.04299908131361008,0.0006265303236432374,0.0013259010156616569,0.000296000944217667,0.0003800567355938256,1.499430537223816,1.2335270643234253,0.7795805931091309,0.6468625664710999,0.6194601058959961,0.3951824903488159,0.320652037858963,0.13710130751132965,0.06245245039463043,0.045138221234083176
5450,0.23512227833271027,0.17756403982639313,0.13516288995742798,0.1495022028684616,0.15209858119487762,0.15055003762245178,0.24798017740249634,0.201652392745018,0.15663209557533264,0.17326906323432922,0.17610998451709747,0.17442147433757782,1.7970777435039054e-06,9.329492911547277e-08,9.516296813671943e-06,4.6448813684207835e-09,5.964145621817352e-09,1.43072416136647e-08,1.4760428667068481,1.2578049898147583,0.7716106176376343,0.6605361700057983,0.6271032094955444,0.38605210185050964,0.322053462266922,0.126596137881279,0.06378062814474106,0.04364853724837303
5500,0.2571565508842468,0.2227320522069931,0.12344148010015488,0.1280517727136612,0.14875037968158722,0.11986777186393738,0.27551189064979553,0.2550815939903259,0.15610851347446442,0.16818031668663025,0.19347335398197174,0.14375071227550507,1.6354378461837769,1.9637140035629272,1.8047447204589844,2.4069128036499023,2.4639394283294678,1.0537006855010986,1.4545389413833618,1.271823763847351,0.7868529558181763,0.6594050526618958,0.6350100040435791,0.39165109395980835,0.3229047358036041,0.13083842396736145,0.06015704199671745,0.045078154653310776
5550,0.2596593499183655,0.15811100602149963,0.17514899373054504,0.1256965845823288,0.16063810884952545,0.12074598670005798,0.29315876960754395,0.21033622324466705,0.227183997631073,0.17244255542755127,0.21291427314281464,0.16581255197525024,0.10087434947490692,0.003831815905869007,4.785106284543872e-06,3.059022617435403e-07,3.6534821390432626e-08,3.6534821390432626e-08,1.5601054430007935,1.208796501159668,0.7469298839569092,0.6237358450889587,0.6016380786895752,0.42398273944854736,0.3219314515590668,0.12834212183952332,0.057270027697086334,0.04284167289733887
5600,0.24458710849285126,0.1641375720500946,0.17415975034236908,0.13062791526317596,0.15550260245800018,0.13098499178886414,0.2610973119735718,0.19423779845237732,0.21206052601337433,0.16035299003124237,0.18659186363220215,0.16984978318214417,0.2743811309337616,0.16972708702087402,0.9740769863128662,0.5490548610687256,0.2968331575393677,1.4536898136138916,1.5419719219207764,1.209005355834961,0.7625182271003723,0.6355903148651123,0.603192925453186,0.415865033864975,0.31697317957878113,0.13260240852832794,0.0597735159099102,0.03884667530655861
5650,0.24821063876152039,0.14573900401592255,0.18540246784687042,0.12619516253471375,0.1532980352640152,0.14115466177463531,0.237216979265213,0.1493610143661499,0.1891307532787323,0.12560303509235382,0.15770448744297028,0.14408740401268005,9.718438604977564e-07,4.139937814784389e-08,0.005233798176050186,9.931194000500909e-08,7.338212526519783e-07,2.8453348122070565e-08,1.5559619665145874,1.1872527599334717,0.7578139305114746,0.6347174644470215,0.6053013205528259,0.4166859984397888,0.30850523710250854,0.1289214789867401,0.05801830813288689,0.038656219840049744
5700,0.2812148332595825,0.1786552518606186,0.1411472111940384,0.12148463726043701,0.13986003398895264,0.13763807713985443,0.28059497475624084,0.19349133968353271,0.14761821925640106,0.14623576402664185,0.1450427621603012,0.1423054188489914,2.050896406173706,0.8259393572807312,0.12692801654338837,2.4639394283294678,0.020541900768876076,0.011047745123505592,1.5630569458007812,1.1940704584121704,0.74137282371521,0.6363937258720398,0.6017969846725464,0.42357081174850464,0.30957406759262085,0.11892620474100113,0.057851698249578476,0.03549279645085335
5750,0.2875691056251526,0.16822385787963867,0.13578754663467407,0.11101816594600677,0.16252726316452026,0.1348741352558136,0.28337332606315613,0.1914399117231369,0.15609678626060486,0.12286561727523804,0.1857556700706482,0.1549825519323349,0.34657666087150574,4.94445018262013e-09,5.4761268984293565e-05,3.466327029855165e-07,4.5990555808117506e-10,3.16088155649652e-10,1.5499281883239746,1.1916102170944214,0.7581571936607361,0.6416711211204529,0.603573739528656,0.4122869670391083,0.3071257770061493,0.12625771760940552,0.05993318930268288,0.0350487120449543
5800,0.24693049490451813,0.15968167781829834,0.1450805366039276,0.10887566208839417,0.15526463091373444,0.1841670423746109,0.2493010312318802,0.17735379934310913,0.16643670201301575,0.11413295567035675,0.17265263199806213,0.20081718266010284,0.009571205824613571,0.007606093771755695,0.4981345534324646,0.004620229359716177,0.00033540636650286615,4.006448943982832e-05,1.531838297843933,1.1810188293457031,0.7759460210800171,0.6512769460678101,0.6139551401138306,0.3963872790336609,0.29558292031288147,0.127563014626503,0.05750381201505661,0.033898573368787766
5850,0.26384878158569336,0.16225647926330566,0.15105688571929932,0.10946622490882874,0.15374284982681274,0.15962867438793182,0.29955244064331055,0.2193012237548828,0.20750272274017334,0.15450473129749298,0.21040920913219452,0.21663311123847961,0.0028934890870004892,3.535687574185431e-05,0.000296000944217667,0.014163456857204437,0.00013136042980477214,0.0026351429987698793,1.5075914859771729,1.20173978805542,0.7991040349006653,0.6463923454284668,0.617435097694397,0.38956159353256226,0.30277103185653687,0.13955724239349365,0.054723456501960754,0.03639036417007446
5900,0.25868552923202515,0.1692265123128891,0.18261241912841797,0.1233094185590744,0.13576307892799377,0.13040299713611603,0.2816043496131897,0.2115899622440338,0.22414104640483856,0.15935064852237701,0.17522603273391724,0.168579563498497,0.0002490190963726491,0.0010010052938014269,6.153467957403791e-09,1.5558403454463132e-09,4.457557378767518e-10,3.063631570654479e-10,1.4821560382843018,1.2392868995666504,0.8053190112113953,0.6474995613098145,0.6175767779350281,0.3839746117591858,0.31238994002342224,0.13996876776218414,0.05272061377763748,0.033459123224020004
5950,0.29813337326049805,0.16977643966674805,0.16229675710201263,0.11317487806081772,0.1314946562051773,0.12512390315532684,0.2890991270542145,0.1962006539106369,0.1885463297367096,0.1291232854127884,0.1538415402173996,0.14640997350215912,0.037426840513944626,0.0380413718521595,0.016034256666898727,0.021852364763617516,0.018149929121136665,0.09441287815570831,1.4846400022506714,1.2468394041061401,0.7989261150360107,0.6499872207641602,0.6109760999679565,0.38200509548187256,0.31566691398620605,0.13762745261192322,0.05510113388299942,0.030343202874064445
6000,0.2197861522436142,0.19687621295452118,0.15788297355175018,0.1227923184633255,0.14036285877227783,0.1622995138168335,0.24996402859687805,0.2311246544122696,0.19539739191532135,0.15311048924922943,0.17517666518688202,0.19913679361343384,0.07974531501531601,0.012127014808356762,0.08129483461380005,4.006448943982832e-05,6.144193321233615e-06,1.1478834494482726e-05,1.473371982574463,1.283718228340149,0.8029376268386841,0.6396351456642151,0.6041340827941895,0.3846859037876129,0.326600581407547,0.14187310636043549,0.05092150717973709,0.028080763295292854
6050,0.22658541798591614,0.16324296593666077,0.15738026797771454,0.12975715100765228,0.16965802013874054,0.1533762365579605,0.24860790371894836,0.18748213350772858,0.1733594685792923,0.14911985397338867,0.19635076820850372,0.178681880235672,2.2044496536254883,1.5019291639328003,0.6931471824645996,1.4536898136138916,1.752799153327942,1.650610089302063,1.4705325365066528,1.2537935972213745,0.8106186985969543,0.6515993475914001,0.6143257021903992,0.3763396143913269,0.3125593066215515,0.1526549905538559,0.050759606063365936,0.02719775028526783
6100,0.25322747230529785,0.17559702694416046,0.14908012747764587,0.1553592085838318,0.1337401121854782,0.13299612700939178,0.2765788733959198,0.212938591837883,0.18731944262981415,0.1914653331041336,0.1667410135269165,0.16582053899765015,0.45036494731903076,0.12692801654338837,0.2661898136138916,5.8292964240536094e-05,7.889293556218036e-06,5.4222336984821595e-06,1.4908626079559326,1.2194695472717285,0.836546003818512,0.6379755139350891,0.6041310429573059,0.3887072801589966,0.30833175778388977,0.1575758308172226,0.0491831973195076,0.028866160660982132
6150,0.2481653094291687,0.14093127846717834,0.15823499858379364,0.1719520390033722,0.10942654311656952,0.1712898463010788,0.28705573081970215,0.1938745230436325,0.2132687121629715,0.2266475260257721,0.15463761985301971,0.2264440953731537,0.02775796502828598,0.04570982977747917,0.07428313046693802,0.040445856750011444,0.2968331575393677,0.08377023786306381,1.5676426887512207,1.1659907102584839,0.797308087348938,0.6179551482200623,0.5887733697891235,0.4216475188732147,0.30324676632881165,0.15048924088478088,0.049282558262348175,0.029932759702205658
6200,0.23649761080741882,0.12539935111999512,0.16174142062664032,0.1698095202445984,0.13764026761054993,0.168911874294281,0.3007277846336365,0.19595776498317719,0.23794953525066376,0.24598146975040436,0.21165214478969574,0.24510693550109863,0.008830210193991661,4.012565213429298e-08,8.059448646235978e-07,5.838248284817382e-08,0.03262723609805107,1.6398438162923412e-10,1.504733681678772,1.2919142246246338,0.8016155362129211,0.6107779145240784,0.5813392400741577,0.40819796919822693,0.3472015857696533,0.1563011109828949,0.04754284769296646,0.02757122926414013
6250,0.20577798783779144,0.13849855959415436,0.17194776237010956,0.15473756194114685,0.17971333861351013,0.14932483434677124,0.27978795766830444,0.2150854766368866,0.24703006446361542,0.2282666116952896,0.25734663009643555,0.23032024502754211,0.8353952169418335,0.8981232643127441,0.5231232643127441,0.3868710398674011,0.8259393572807312,1.1797420978546143,1.5056558847427368,1.2592166662216187,0.8139316439628601,0.6091160178184509,0.597412645816803,0.41121843457221985,0.33609169721603394,0.16154423356056213,0.04559715837240219,0.03783693164587021
6300,0.21897558867931366,0.13575433194637299,0.1524222046136856,0.13407155871391296,0.18805478513240814,0.17072150111198425,0.2788730561733246,0.20024842023849487,0.21502403914928436,0.20256531238555908,0.24977244436740875,0.2361735701560974,0.5495313405990601,0.575939416885376,0.14267505705356598,1.013437271118164,0.15121395885944366,0.3868710398674011,1.5003788471221924,1.288352131843567,0.8012518286705017,0.6084904074668884,0.5928232669830322,0.40667855739593506,0.34529319405555725,0.15531562268733978,0.04523797705769539,0.03480400890111923
6350,0.2509844899177551,0.12742049992084503,0.16371074318885803,0.13240180909633636,0.16919566690921783,0.1562867909669876,0.2734748125076294,0.16152913868427277,0.20288358628749847,0.16785669326782227,0.2092064619064331,0.1952454149723053,0.009242667816579342,5.715006068385264e-07,0.0004045633249916136,1.7603447304281872e-06,0.08893946558237076,0.0023258652072399855,1.5072975158691406,1.2533280849456787,0.8070838451385498,0.6181154251098633,0.5969271063804626,0.40249747037887573,0.32869112491607666,0.15263903141021729,0.045656707137823105,0.031986042857170105
6400,0.25068962574005127,0.12737199664115906,0.17385852336883545,0.13191677629947662,0.1676497459411621,0.14851334691047668,0.23161736130714417,0.11966244876384735,0.17096447944641113,0.12542293965816498,0.16544854640960693,0.14496520161628723,0.026878438889980316,0.0036000751424580812,0.00015844876179471612,0.001170194591395557,0.04858735203742981,8.481463737552986e-05,1.463426947593689,1.3169713020324707,0.7993000149726868,0.6243070363998413,0.609309732913971,0.3807629942893982,0.34227362275123596,0.14253222942352295,0.043694593012332916,0.03396835923194885
6450,0.24976642429828644,0.13191144168376923,0.17365290224552155,0.13631121814250946,0.1574370414018631,0.15092094242572784,0.2155531495809555,0.10902619361877441,0.15438932180404663,0.11443997174501419,0.13821397721767426,0.1312641054391861,0.11917353421449661,2.5612855552026303e-06,8.939736289903522e-06,1.7778711480787024e-05,1.6701560525689274e-05,0.0024756852071732283,1.3942369222640991,1.3421695232391357,0.8422553539276123,0.6487424373626709,0.6291188597679138,0.34845051169395447,0.3332265019416809,0.14567580819129944,0.042423784732818604,0.030137542635202408
6500,0.29472050070762634,0.22909782826900482,0.1194145455956459,0.11929939687252045,0.12638449668884277,0.1110832467675209,0.2990412414073944,0.25748157501220703,0.14997586607933044,0.14981669187545776,0.15933595597743988,0.1380428969860077,1.0249173065801642e-08,2.54667284025345e-05,7.63746975818852e-14,1.5143261578032252e-07,1.3808867938003289e-10,1.2679290648520691e-06,1.5461634397506714,1.2209376096725464,0.7800674438476562,0.6133946180343628,0.5941858887672424,0.4119580388069153,0.3174949884414673,0.1382974237203598,0.04172724112868309,0.02942214161157608
6550,0.24673210084438324,0.16878095269203186,0.12091141194105148,0.1428453028202057,0.17549604177474976,0.145234152674675,0.22990621626377106,0.17693263292312622,0.11215770244598389,0.13966333866119385,0.17362931370735168,0.142399862408638,0.006363156251609325,0.9740769863128662,5.4761268984293565e-05,7.81148685291555e-07,2.4061050680757035e-06,9.736200734522527e-10,1.5137547254562378,1.2191556692123413,0.8008493185043335,0.6299960017204285,0.6088535189628601,0.39239007234573364,0.30581626296043396,0.13800247013568878,0.04173609986901283,0.02808181196451187
6600,0.24123013019561768,0.14180384576320648,0.12872542440891266,0.1693154126405716,0.16941815614700317,0.1495070457458496,0.2179991900920868,0.12976235151290894,0.11378248780965805,0.15900446474552155,0.15910421311855316,0.138474702835083,0.058721255511045456,0.0015991234686225653,0.0002034476783592254,5.144353781361133e-05,1.5689673091401346e-05,1.9947317468904657e-06,1.4952397346496582,1.2111482620239258,0.8048497438430786,0.6507875919342041,0.6186257600784302,0.3773796558380127,0.296758770942688,0.1332913637161255,0.04830241575837135,0.02802930399775505
6650,0.25849372148513794,0.1442943811416626,0.14022377133369446,0.15456879138946533,0.15458320081233978,0.14783617854118347,0.2026086449623108,0.11544904857873917,0.09988270699977875,0.11602045595645905,0.11601594090461731,0.11863604187965393,0.19104978442192078,1.094851016998291,0.010381858795881271,0.017059603706002235,0.015070071443915367,1.013437271118164,1.4527218341827393,1.193983554840088,0.8210656642913818,0.6755807399749756,0.6559417843818665,0.35439810156822205,0.27584755420684814,0.12606856226921082,0.048056427389383316,0.03625614941120148
6700,0.24260269105434418,0.13524845242500305,0.13618968427181244,0.13259653747081757,0.16923972964286804,0.1841229349374771,0.19825397431850433,0.10184255987405777,0.10308750718832016,0.09857513010501862,0.13883602619171143,0.1527434140443802,1.0404571639810456e-06,7.276762525876279e-11,0.010064044035971165,9.530678468649967e-09,1.0348536534365849e-06,1.623665091265991e-11,1.4390208721160889,1.2091904878616333,0.8104991316795349,0.6888754367828369,0.6595244407653809,0.3482266068458557,0.2786218822002411,0.11859939992427826,0.05356346443295479,0.035799168050289154
6750,0.21315747499465942,0.12333998829126358,0.1677805632352829,0.12442733347415924,0.16487149894237518,0.20642311871051788,0.17372339963912964,0.08310391753911972,0.13389921188354492,0.08455485850572586,0.13225620985031128,0.1683889925479889,0.0353764183819294,0.0003570343542378396,0.0026351429987698793,0.0006265303236432374,0.12692801654338837,0.031639110296964645,1.4259971380233765,1.1954647302627563,0.8073345422744751,0.693572998046875,0.6871393918991089,0.3347814679145813,0.2672693729400635,0.11024849116802216,0.04949582740664482,0.0457681342959404
6800,0.20780181884765625,0.1153477355837822,0.198896124958992,0.1421092450618744,0.15116845071315765,0.1846766173839569,0.20022627711296082,0.10309931635856628,0.1932758241891861,0.13752532005310059,0.14796936511993408,0.18075847625732422,0.0002838352811522782,4.006448943982832e-05,0.027972901239991188,7.734421814120651e-08,0.024726280942559242,0.00014884956181049347,1.4127061367034912,1.2126002311706543,0.8227527141571045,0.689945638179779,0.6830993890762329,0.3339409828186035,0.27284497022628784,0.11661527305841446,0.0472811795771122,0.043292175978422165
6850,0.2008160948753357,0.11015217006206512,0.1616515815258026,0.2232656329870224,0.15518833696842194,0.14892622828483582,0.2048141211271286,0.1155744343996048,0.1637612283229828,0.2288728505373001,0.16716116666793823,0.1498323678970337,0.5661182403564453,1.550844430923462,0.040445856750011444,1.2234445810317993,1.0537006855010986,0.000430649786721915,1.3441647291183472,1.2974600791931152,0.813258707523346,0.7211605310440063,0.6915021538734436,0.30735817551612854,0.2975582480430603,0.10636665672063828,0.05829165503382683,0.04149344936013222
6900,0.1880434900522232,0.10472762584686279,0.1659012883901596,0.24106012284755707,0.1845431923866272,0.11572430282831192,0.20928949117660522,0.11213212460279465,0.19369927048683167,0.25535210967063904,0.20982930064201355,0.13337557017803192,0.1850447952747345,0.12692801654338837,0.6931471824645996,0.6931471824645996,0.5490548610687256,0.6037852764129639,1.4319238662719727,1.2053728103637695,0.7985603213310242,0.6989659070968628,0.672997236251831,0.34335774183273315,0.27286964654922485,0.10817618668079376,0.05489274859428406,0.03974844515323639
6950,0.16586190462112427,0.116572305560112,0.22899580001831055,0.2060200721025467,0.16745203733444214,0.11509783565998077,0.22588391602039337,0.16297376155853271,0.27741608023643494,0.25183358788490295,0.22273434698581696,0.17702969908714294,1.2636762857437134,0.7912852764129639,1.094851016998291,0.28115013241767883,0.7912852764129639,2.4069128036499023,1.4992445707321167,1.1762065887451172,0.7632006406784058,0.6812713146209717,0.6463634967803955,0.3738863170146942,0.28425148129463196,0.10380802303552628,0.05838388949632645,0.03734445199370384
7000,0.2113965004682541,0.11421316862106323,0.21859411895275116,0.15672878921031952,0.1532907783985138,0.145776629447937,0.23500914871692657,0.13342230021953583,0.2405366599559784,0.18563659489154816,0.18197688460350037,0.17368406057357788,0.000148007195093669,2.382369359565928e-07,0.00045841795508749783,1.1253516873921399e-07,1.5534990325249964e-06,2.7536072593647987e-05,1.4692758321762085,1.2076070308685303,0.7662255167961121,0.6873829364776611,0.6557526588439941,0.36356455087661743,0.28511300683021545,0.10211512446403503,0.05971119552850723,0.04086805507540703
7050,0.2280832976102829,0.15867021679878235,0.1882006824016571,0.13387705385684967,0.15970946848392487,0.1314593106508255,0.2263633757829666,0.16647571325302124,0.19463834166526794,0.13844135403633118,0.16755293309688568,0.13543415069580078,0.0012002167059108615,1.3709582162846345e-06,3.120239853160456e-05,1.6701560525689274e-05,6.962280622246908e-06,3.927862621821987e-07,1.4321978092193604,1.2306022644042969,0.7810454964637756,0.7060675024986267,0.6603237390518188,0.3469932973384857,0.28631070256233215,0.1044604703783989,0.06409145146608353,0.036929041147232056
7100,0.2359398752450943,0.15162287652492523,0.17764408886432648,0.1319183111190796,0.15854579210281372,0.14432905614376068,0.18616314232349396,0.11333516985177994,0.13933733105659485,0.090230293571949,0.12076901644468307,0.10508378595113754,0.0003374135703779757,0.013519230298697948,0.0003741656255442649,5.562361184274778e-05,0.020226625725626945,0.001840357668697834,1.3672282695770264,1.2406483888626099,0.8175671696662903,0.741891622543335,0.680747926235199,0.3114243447780609,0.27256378531455994,0.1057412326335907,0.0662771537899971,0.03248485550284386
7150,0.21607346832752228,0.13474434614181519,0.1933504045009613,0.16711479425430298,0.14929164946079254,0.13942529261112213,0.18932093679904938,0.10506200790405273,0.16464748978614807,0.14058640599250793,0.12197984755039215,0.11069636046886444,0.6340143084526062,7.031431596260518e-05,5.8292964240536094e-05,3.120239853160456e-05,0.00023053328914102167,3.535687574185431e-05,1.3371886014938354,1.2376757860183716,0.8410546779632568,0.7425237894058228,0.7058243751525879,0.29755979776382446,0.2682473957538605,0.113713838160038,0.06387311220169067,0.043597716838121414
7200,0.22987553477287292,0.15133261680603027,0.17563246190547943,0.15355685353279114,0.15165524184703827,0.13794732093811035,0.1559252291917801,0.08696279674768448,0.11727360635995865,0.08975543826818466,0.08729491382837296,0.07166370004415512,0.00021652794384863228,0.0019285932648926973,0.575939416885376,0.040445856750011444,8.85157305674511e-07,5.4761268984293565e-05,1.3158537149429321,1.2452722787857056,0.848595380783081,0.7476091980934143,0.7190952897071838,0.2827593982219696,0.2591768503189087,0.10729601979255676,0.05661515146493912,0.041060566902160645
7250,0.34649237990379333,0.10998477041721344,0.14631105959415436,0.11928190290927887,0.15270264446735382,0.12522736191749573,0.29622769355773926,0.1068868413567543,0.1539766639471054,0.12027689814567566,0.16103331744670868,0.1283019632101059,2.8954607842024416e-05,8.332753168360796e-06,8.076382073340937e-06,7.662396092200652e-05,0.00017266646318603307,1.0715629272795013e-08,1.3450788259506226,1.219507098197937,0.8524417877197266,0.7478809952735901,0.6945832371711731,0.3027504086494446,0.2635480463504791,0.12030919641256332,0.06796476989984512,0.038008566945791245
7300,0.2728927433490753,0.13135716319084167,0.14339356124401093,0.11385270208120346,0.18342100083827972,0.1550828367471695,0.2500465214252472,0.1294226497411728,0.14908607304096222,0.10685478150844574,0.18452556431293488,0.15686623752117157,0.0016510337591171265,0.003382326103746891,0.5231232643127441,0.10633723437786102,0.004917476791888475,0.008094665594398975,1.3751176595687866,1.1888116598129272,0.8473379611968994,0.7411794066429138,0.6868083477020264,0.3134936988353729,0.2536087930202484,0.11981572210788727,0.06627295911312103,0.03579798340797424
7350,0.24987143278121948,0.16024303436279297,0.16069303452968597,0.11961699277162552,0.1429363340139389,0.16663911938667297,0.21885322034358978,0.14479506015777588,0.14525780081748962,0.09654960036277771,0.1259368509054184,0.15125304460525513,0.07560969144105911,1.1979305725162703e-07,2.9023162824159954e-06,2.3588654585182667e-08,3.432128892200126e-08,5.4222336984821595e-06,1.3981785774230957,1.1634515523910522,0.8375458121299744,0.7349473237991333,0.6881468296051025,0.31975841522216797,0.24624669551849365,0.114778533577919,0.0620715506374836,0.036189038306474686
7400,0.23679016530513763,0.14651823043823242,0.13744781911373138,0.1276538223028183,0.1815684586763382,0.17002153396606445,0.18616221845149994,0.10753192007541656,0.09249911457300186,0.07987549155950546,0.13797010481357574,0.1315893977880478,0.46574583649635315,0.5231232643127441,0.07428313046693802,0.031639110296964645,0.027972901239991188,0.4740769863128662,1.3328194618225098,1.2222962379455566,0.8535171747207642,0.7542214393615723,0.7029287219047546,0.28884562849998474,0.2545458972454071,0.11057111620903015,0.06109928339719772,0.03292706608772278
7450,0.2276565432548523,0.14944268763065338,0.13307777047157288,0.12781774997711182,0.16363611817359924,0.19836916029453278,0.17454852163791656,0.10495442152023315,0.08588156849145889,0.07918555289506912,0.11990109831094742,0.1516554057598114,0.017528526484966278,0.003382326103746891,0.00975591130554676,0.005570410750806332,0.0009702224051579833,0.0004045633249916136,1.2931410074234009,1.2599530220031738,0.8582886457443237,0.7692391276359558,0.7113052606582642,0.2692967653274536,0.25637540221214294,0.10534120351076126,0.06152576580643654,0.030205680057406425
7500,0.23251160979270935,0.214189350605011,0.19577276706695557,0.10527539998292923,0.12441170960664749,0.12783923745155334,0.2095896154642105,0.2208942472934723,0.1805664449930191,0.07841601967811584,0.107357457280159,0.11045798659324646,0.06526556611061096,2.5500447750091553,0.0007099223439581692,0.021852364763617516,0.16022413969039917,0.021852364763617516,1.266455054283142,1.2557635307312012,0.897856593132019,0.7697621583938599,0.7193945050239563,0.2618328332901001,0.258441686630249,0.12886904180049896,0.06267465651035309,0.035606008023023605
7550,0.21705126762390137,0.16534799337387085,0.1697324812412262,0.1061990037560463,0.23371194303035736,0.10795731842517853,0.20177264511585236,0.1568789780139923,0.1611972451210022,0.08382727950811386,0.21397508680820465,0.08653677999973297,2.4930757717811503e-05,8.864910472361487e-10,1.359478224438604e-10,2.0848274495666175e-11,2.9356552744275177e-08,1.623665091265991e-11,1.3013927936553955,1.2113555669784546,0.8993342518806458,0.7580533623695374,0.7148401141166687,0.2740640938282013,0.2453860640525818,0.12624986469745636,0.05788946524262428,0.03406744822859764
7600,0.21989889442920685,0.15090078115463257,0.1808326244354248,0.145853191614151,0.18325383961200714,0.11926060169935226,0.1867266446352005,0.12459665536880493,0.15445329248905182,0.11898303776979446,0.15664787590503693,0.08577025681734085,9.123856443693512e-07,1.8553913605501293e-07,2.620462735691831e-10,3.6534821390432626e-08,3.889111610533291e-08,1.5893911187170318e-10,1.296954870223999,1.212524652481079,0.8846349716186523,0.7685050964355469,0.7225074172019958,0.2670976221561432,0.24017183482646942,0.11405788362026215,0.05776672810316086,0.03274814411997795
7650,0.2414669394493103,0.14231055974960327,0.19048084318637848,0.14945432543754578,0.14982792735099792,0.12645946443080902,0.21712812781333923,0.13177306950092316,0.17523393034934998,0.13537685573101044,0.13555385172367096,0.10764501988887787,0.2856878638267517,0.4740769863128662,0.00975591130554676,0.02630019560456276,0.0028048569802194834,0.00975591130554676,1.3633707761764526,1.1370004415512085,0.8737606406211853,0.7550167441368103,0.7098120450973511,0.2906319499015808,0.2194875031709671,0.1141505241394043,0.05572391301393509,0.031028058379888535
7700,0.2463618665933609,0.1445380300283432,0.18235242366790771,0.14325091242790222,0.15110521018505096,0.1323915719985962,0.19784420728683472,0.1098565012216568,0.14820227026939392,0.10838058590888977,0.11718808114528656,0.09537302702665329,8.635489656683148e-09,3.192377251437506e-09,1.0364131775020269e-09,9.146313151298102e-10,1.1365643786120927e-06,1.43072416136647e-08,1.326132893562317,1.151781439781189,0.892596423625946,0.7713318467140198,0.720058023929596,0.2733253538608551,0.2147730439901352,0.11497020721435547,0.05656387656927109,0.029049089178442955
7750,0.22834688425064087,0.1437934935092926,0.19876554608345032,0.1441604346036911,0.15463751554489136,0.13029615581035614,0.16689133644104004,0.09234017133712769,0.14273039996623993,0.08973252773284912,0.10036421567201614,0.0696144625544548,0.6500082015991211,0.8259393572807312,0.5231232643127441,0.5231232643127441,0.42870068550109863,0.1797446310520172,1.3067240715026855,1.1407111883163452,0.9096395969390869,0.7833719253540039,0.7310153245925903,0.261588454246521,0.20446506142616272,0.11392157524824142,0.0541452094912529,0.026475965976715088
7800,0.21055573225021362,0.1697891503572464,0.20243297517299652,0.16394269466400146,0.1341518759727478,0.11912756413221359,0.151182159781456,0.11567531526088715,0.14469806849956512,0.10989363491535187,0.07680381834506989,0.05720549821853638,8.043099519738917e-09,4.71521096907096e-13,0.0007267515175044537,4.329505198796824e-09,2.9756226371802086e-09,1.9655925379089695e-13,1.2707738876342773,1.1422913074493408,0.9570667147636414,0.7845462560653687,0.7405828833580017,0.2424469143152237,0.1998109519481659,0.1290435940027237,0.049536556005477905,0.02620614320039749
7850,0.1703719049692154,0.15249419212341309,0.21158669888973236,0.22732611000537872,0.12849555909633636,0.10972549766302109,0.13240887224674225,0.11411743611097336,0.16815631091594696,0.17999517917633057,0.0858641266822815,0.059808555990457535,7.380767552689349e-09,1.6076461993239088e-12,9.94615431682e-11,1.2898370149727612e-09,2.944506414409055e-14,7.444879199344952e-15,1.3380768299102783,1.0985651016235352,0.9242590665817261,0.7657819986343384,0.7244502305984497,0.26917096972465515,0.19027957320213318,0.1211724579334259,0.04547516629099846,0.023740757256746292
7900,0.2061884105205536,0.2106630504131317,0.1622580885887146,0.1630750298500061,0.1308584213256836,0.12695705890655518,0.18796412646770477,0.20459900796413422,0.17091764509677887,0.1242518424987793,0.08787012845277786,0.08558633178472519,2.509826421737671,3.8190677165985107,4.758614540100098,0.009167530573904514,0.0025541712529957294,0.2735810875892639,1.3020362854003906,1.0853087902069092,0.9345430135726929,0.812843382358551,0.733339786529541,0.25162142515182495,0.19831472635269165,0.11897063255310059,0.0631629228591919,0.021991221234202385
7950,0.23483377695083618,0.17175963521003723,0.20928390324115753,0.11956117302179337,0.14385826885700226,0.12070327252149582,0.21689002215862274,0.16529224812984467,0.197884202003479,0.10550669580698013,0.1360417902469635,0.10707619041204453,9.76303817878943e-06,0.0011342120124027133,1.418742835886111e-12,1.3460657068142812e-11,0.0010010052938014269,8.220527524827048e-05,1.3091665506362915,1.1288007497787476,0.9071152806282043,0.801926851272583,0.7215902805328369,0.26236677169799805,0.20307281613349915,0.11561617255210876,0.0656556785106659,0.02409135363996029
8000,0.24471071362495422,0.18236777186393738,0.17521174252033234,0.13065281510353088,0.1398119330406189,0.1272449940443039,0.20649802684783936,0.1937384009361267,0.188362255692482,0.1535731852054596,0.1653752326965332,0.18167316913604736,0.4422640800476074,4.0181498527526855,4.14103364944458,5.504078388214111,5.56633186340332,8.750158309936523,1.3305003643035889,1.149254560470581,0.8806988596916199,0.7861817479133606,0.7116764187812805,0.3114463686943054,0.21382030844688416,0.10735908150672913,0.061948008835315704,0.022122127935290337
8050,0.18882061541080475,0.1537531316280365,0.19722212851047516,0.14471173286437988,0.15412327647209167,0.16136905550956726,0.17089912295341492,0.1370021253824234,0.17808203399181366,0.12700019776821136,0.13740411400794983,0.14497701823711395,7.488513801945373e-06,0.00021997754811309278,3.2475348365340606e-12,1.1562024671007975e-09,0.0007439795881509781,2.684203991520917e-06,1.393860101699829,1.104061484336853,0.8761183023452759,0.757023811340332,0.688798189163208,0.30218178033828735,0.2089492678642273,0.11644934117794037,0.05800678953528404,0.020027456805109978
8100,0.20596420764923096,0.1530221849679947,0.2007073611021042,0.12082302570343018,0.16732549667358398,0.15215784311294556,0.1787465214729309,0.12968868017196655,0.1744474470615387,0.09070644527673721,0.14443276822566986,0.12875404953956604,0.0033124275505542755,3.2563127660978353e-07,3.500860657368321e-06,2.536019110266352e-07,6.758262394157555e-09,1.6212228004519602e-08,1.3700823783874512,1.1275815963745117,0.8824669718742371,0.7602850198745728,0.6955902576446533,0.2913789749145508,0.21346069872379303,0.11541706323623657,0.055254630744457245,0.020232830196619034
8150,0.2114856094121933,0.15391822159290314,0.15829968452453613,0.1257910579442978,0.16972000896930695,0.18078532814979553,0.21404927968978882,0.15394845604896545,0.15748724341392517,0.12570829689502716,0.16935186088085175,0.18022996187210083,1.0193746089935303,0.2519291043281555,0.14267505705356598,0.7575989961624146,0.1797446310520172,0.22541265189647675,1.4090142250061035,1.085476279258728,0.858820378780365,0.7686747908592224,0.6853242516517639,0.3102123737335205,0.2045174539089203,0.11083170771598816,0.06647496670484543,0.02056460827589035
8200,0.2263164073228836,0.14244583249092102,0.17399655282497406,0.13592134416103363,0.15241692960262299,0.1689029186964035,0.1878674328327179,0.1114729642868042,0.14448513090610504,0.10373729467391968,0.12360922247171402,0.13958275318145752,0.00040220620576292276,2.510999053129126e-08,1.3440409674103648e-08,4.264837480150163e-05,0.09726865589618683,6.691586174056852e-10,1.3970288038253784,1.0929733514785767,0.8561821579933167,0.7689181566238403,0.6983583569526672,0.30201923847198486,0.20384089648723602,0.10617132484912872,0.06317184865474701,0.024573512375354767
8250,0.1982908546924591,0.19207718968391418,0.15439611673355103,0.1294689029455185,0.17625321447849274,0.14951373636722565,0.18631327152252197,0.18097154796123505,0.14497728645801544,0.11591549962759018,0.16693569719791412,0.13963736593723297,0.008907647803425789,5.4761268984293565e-05,0.003831815905869007,0.0029854848980903625,0.015070071443915367,3.763715358218178e-05,1.3767492771148682,1.1737964153289795,0.8499125838279724,0.7479948401451111,0.6878671646118164,0.29733118414878845,0.23648706078529358,0.10734102874994278,0.056246038526296616,0.022725945338606834
8300,0.20620010793209076,0.1647929549217224,0.18010862171649933,0.14691540598869324,0.15969358384609222,0.14228932559490204,0.15553706884384155,0.11611733585596085,0.13733762502670288,0.0971086397767067,0.11086463183164597,0.09182683378458023,0.2500936985015869,0.006715348456054926,0.6623854041099548,0.000588582013733685,9.02844694792293e-05,0.0003150883421767503,1.330994725227356,1.201899766921997,0.8650984168052673,0.7624770998954773,0.7043784260749817,0.274465411901474,0.23304082453250885,0.10212995111942291,0.05162161588668823,0.01991896890103817
8350,0.23319698870182037,0.17357942461967468,0.1914026290178299,0.13408540189266205,0.14067630469799042,0.12705925107002258,0.17868085205554962,0.12996423244476318,0.1460919827222824,0.08736810088157654,0.0952855572104454,0.07848724722862244,6.366102752508596e-05,4.951899133798232e-12,1.9200597058469104e-13,3.471549159250742e-10,2.4654052670908255e-13,2.7305848693259804e-09,1.3335113525390625,1.1599104404449463,0.8854297995567322,0.7785712480545044,0.7021939158439636,0.2750842273235321,0.21929509937763214,0.11128517240285873,0.05984010919928551,0.01835446059703827
8400,0.2154073864221573,0.1695893406867981,0.19669468700885773,0.1360393762588501,0.12443091720342636,0.15783832967281342,0.1605316549539566,0.1210717186331749,0.14556308090686798,0.0846998542547226,0.06998289376497269,0.10922327637672424,5.344571007981358e-08,6.023574172786539e-08,0.0026351429987698793,8.67778116031559e-09,5.964145621817352e-09,3.129696501957824e-11,1.298783779144287,1.175622820854187,0.8906058669090271,0.8004480600357056,0.7141700387001038,0.25654253363609314,0.21669045090675354,0.10562990605831146,0.06293776631355286,0.01714956946671009
8450,0.20484121143817902,0.1691146045923233,0.16237615048885345,0.14714355766773224,0.12976597249507904,0.18675856292247772,0.2108047604560852,0.156727597117424,0.15001852810382843,0.13024042546749115,0.12246892601251602,0.20662687718868256,3.6514978408813477,1.4061501026153564,1.4061501026153564,1.0537006855010986,2.3502066135406494,4.758614540100098,1.297279953956604,1.1775308847427368,0.9102988243103027,0.7903198003768921,0.7080743312835693,0.2817865312099457,0.22000566124916077,0.11704480648040771,0.06051069498062134,0.01655527949333191
8500,0.23141774535179138,0.14665549993515015,0.14343950152397156,0.15848667919635773,0.1474459171295166,0.17255477607250214,0.20955468714237213,0.13395187258720398,0.12977714836597443,0.1460876762866974,0.13445642590522766,0.15996500849723816,0.1342058628797531,0.10020655393600464,0.04858735203742981,0.03364570066332817,0.06196758896112442,0.018149929121136665,1.3222328424453735,1.1633358001708984,0.8810996413230896,0.801967442035675,0.6970137357711792,0.27020442485809326,0.22101132571697235,0.1098608523607254,0.07221978157758713,0.0161146130412817
8550,0.24002453684806824,0.12467966228723526,0.17284007370471954,0.12911851704120636,0.1631230115890503,0.17021428048610687,0.2177869975566864,0.10548748075962067,0.15654440224170685,0.10528592765331268,0.1512375921010971,0.16528184711933136,1.1801578998565674,0.7575989961624146,0.4740769863128662,0.16022413969039917,0.8981232643127441,1.6004126071929932,1.3501207828521729,1.148160457611084,0.8688913583755493,0.7895817160606384,0.6911936402320862,0.28292572498321533,0.218112513422966,0.11455957591533661,0.06834733486175537,0.015114029869437218
8600,0.2359171211719513,0.16119150817394257,0.1480657458305359,0.1316913217306137,0.17240238189697266,0.1507318913936615,0.19971191883087158,0.12738037109375,0.11321679502725601,0.09388118237257004,0.13832403719425201,0.11615975946187973,0.9635816216468811,0.015070071443915367,0.00016866697114892304,0.00033540636650286615,8.398106729146093e-06,2.4061050680757035e-06,1.327962040901184,1.1619391441345215,0.8905792832374573,0.786527693271637,0.6967108845710754,0.27222779393196106,0.21891595423221588,0.11241637170314789,0.0627187043428421,0.014215723611414433
8650,0.22149062156677246,0.12508520483970642,0.18489855527877808,0.15627525746822357,0.1567428708076477,0.15550753474235535,0.2114068865776062,0.11712339520454407,0.18160736560821533,0.1538563072681427,0.15434928238391876,0.1530437171459198,0.0004958338104188442,6.825603549032166e-08,7.582560135332983e-10,2.998960857425459e-09,1.8189616479702408e-09,9.736200734522527e-10,1.4007055759429932,1.1125385761260986,0.8537044525146484,0.7674359083175659,0.6810216903686523,0.3047347962856293,0.21260210871696472,0.10667627304792404,0.06406422704458237,0.01611822098493576
8700,0.2382396012544632,0.12978175282478333,0.16752098500728607,0.15517981350421906,0.16427110135555267,0.14500677585601807,0.19126512110233307,0.09103762358427048,0.13315440714359283,0.1205291673541069,0.12992215156555176,0.1093454509973526,0.00029430436552502215,2.0145893358858302e-05,8.071593948777434e-10,0.0001234021910931915,1.8925327822216786e-05,0.0005194397526793182,1.3741319179534912,1.098368525505066,0.8780754208564758,0.7819854021072388,0.6962096691131592,0.28696897625923157,0.1973704844713211,0.10675439238548279,0.06147243455052376,0.014998363330960274
8750,0.2761303782463074,0.13711178302764893,0.14407429099082947,0.1392877697944641,0.15781331062316895,0.1455824226140976,0.21384336054325104,0.09825017303228378,0.10642334073781967,0.10084835439920425,0.12145194411277771,0.10814185440540314,0.008054552599787712,1.5381733931008057e-07,2.9311968319234438e-05,1.4739090147486422e-05,8.398106729146093e-06,6.20524151599966e-05,1.3659172058105469,1.0957392454147339,0.8828580379486084,0.7849013805389404,0.7032787203788757,0.27840670943260193,0.1930374801158905,0.10662946105003357,0.05958690866827965,0.01566501334309578
8800,0.2503300607204437,0.1681504249572754,0.1519317626953125,0.14190763235092163,0.1455339789390564,0.14214611053466797,0.184099018573761,0.11844053119421005,0.10483761131763458,0.09044290333986282,0.09460637718439102,0.09071998298168182,0.00014800604549236596,3.889111610533291e-08,0.3132617175579071,1.2626097500856304e-08,1.1979305725162703e-07,3.96699397242628e-06,1.3142067193984985,1.137437105178833,0.8955782055854797,0.7895709276199341,0.7287483811378479,0.25525498390197754,0.1995699107646942,0.10394459962844849,0.05355266109108925,0.02148817479610443
8850,0.2973719537258148,0.12676870822906494,0.16772504150867462,0.13432620465755463,0.15067081153392792,0.1231372132897377,0.25192582607269287,0.10910005867481232,0.15529344975948334,0.11867917329072952,0.13760121166706085,0.10430529713630676,0.2143854945898056,2.9311968319234438e-05,6.89361286276835e-07,0.0024756852071732283,4.8326808609999716e-05,0.0001234021910931915,1.2953383922576904,1.145656943321228,0.8837404251098633,0.8184694647789001,0.7315619587898254,0.2560543119907379,0.20693685114383698,0.10310878604650497,0.07233478128910065,0.027516191825270653
8900,0.2574184834957123,0.16809862852096558,0.1578800529241562,0.12578530609607697,0.16403496265411377,0.1267825961112976,0.2243800014257431,0.15404976904392242,0.1437017172574997,0.10620397329330444,0.15001197159290314,0.10750701278448105,0.001514308387413621,2.260326937175705e-06,3.466327029855165e-07,9.422450375495828e-07,1.8553913605501293e-07,1.8553913605501293e-07,1.2807681560516357,1.1337964534759521,0.8937757611274719,0.823878288269043,0.7483142614364624,0.25153252482414246,0.2027771919965744,0.10762835294008255,0.07505550235509872,0.03621377423405647
8950,0.22406944632530212,0.14285080134868622,0.1449681967496872,0.18581068515777588,0.15416863560676575,0.14813224971294403,0.18438725173473358,0.10729990899562836,0.10972759872674942,0.15068279206752777,0.11988037079572678,0.11329001933336258,0.2811887264251709,1.7778711480787024e-05,1.013004202832235e-05,7.734421814120651e-08,6.348800152267131e-09,4.993718150103632e-08,1.2861915826797485,1.1375070810317993,0.8923383951187134,0.819161057472229,0.7432907223701477,0.24950942397117615,0.20225466787815094,0.10515505820512772,0.07092919200658798,0.03205178678035736
9000,0.21421252191066742,0.15717603266239166,0.17168402671813965,0.18105849623680115,0.13975733518600464,0.13611149787902832,0.16796213388442993,0.11687727272510529,0.13144496083259583,0.14026302099227905,0.09749647974967957,0.09313809126615524,8.547762990929186e-05,3.535687574185431e-05,2.9311968319234438e-05,0.004620229359716177,2.7536072593647987e-05,0.00033540636650286615,1.2799841165542603,1.1262115240097046,0.895924985408783,0.8286949992179871,0.7491386532783508,0.24319234490394592,0.19444428384304047,0.1029411032795906,0.0717393010854721,0.03136807307600975
9050,0.22245103120803833,0.13454405963420868,0.18975552916526794,0.1513376086950302,0.1541382521390915,0.14777350425720215,0.21459197998046875,0.13148319721221924,0.18821761012077332,0.1508907526731491,0.1539185345172882,0.14695847034454346,0.014426881447434425,1.1610741523782053e-07,7.571152309537865e-07,2.6425893793202704e-06,0.00022344131139107049,8.66469054017216e-06,1.3408496379852295,1.090540885925293,0.8748462200164795,0.7987306118011475,0.7366315126419067,0.27717188000679016,0.19260729849338531,0.10636764019727707,0.06995788216590881,0.03758348897099495
9100,0.23481927812099457,0.1352667361497879,0.16864906251430511,0.15532030165195465,0.1496533304452896,0.15629132091999054,0.1759594827890396,0.08431334048509598,0.11964374780654907,0.10590296983718872,0.09972488135099411,0.10689122974872589,0.19067834317684174,0.12692801654338837,0.020541900768876076,0.004917476791888475,0.0003800567355938256,0.000911466486286372,1.3100706338882446,1.094571828842163,0.8850743770599365,0.8142403960227966,0.7541108727455139,0.2556890845298767,0.18380194902420044,0.09849872440099716,0.0654568150639534,0.03477033972740173
9150,0.24458925426006317,0.14758720993995667,0.15913406014442444,0.15550634264945984,0.15807437896728516,0.13510878384113312,0.20741574466228485,0.12406038492918015,0.13648946583271027,0.13268449902534485,0.13544635474681854,0.10948444902896881,0.00037890722160227597,8.507396870305328e-11,2.6729447100137804e-08,1.3574332058396976e-07,0.005928608123213053,2.536019110266352e-07,1.337914228439331,1.0769984722137451,0.8925139904022217,0.7954140901565552,0.7401012778282166,0.26912814378738403,0.18235459923744202,0.10719818621873856,0.06112644076347351,0.031983476132154465
9200,0.27348092198371887,0.15129056572914124,0.17693904042243958,0.13650701940059662,0.14828599989414215,0.11349646002054214,0.26041582226753235,0.16173513233661652,0.18683494627475739,0.14412085711956024,0.1574915498495102,0.1132374107837677,0.2192562222480774,0.11967965960502625,0.04570982977747917,0.05488218367099762,0.02630019560456276,0.012509570457041264,1.4035776853561401,1.0502488613128662,0.8687833547592163,0.7716255187988281,0.7100432515144348,0.30033668875694275,0.1863718181848526,0.11049635708332062,0.06305858492851257,0.029789190739393234
9250,0.2591852843761444,0.15012286603450775,0.1731911301612854,0.12803207337856293,0.14107586443424225,0.14839284121990204,0.2138645499944687,0.12356889992952347,0.14727409183979034,0.09730532765388489,0.11343292146921158,0.12179489433765411,0.02127736620604992,0.0021851020865142345,0.014163456857204437,0.0021851020865142345,0.014163456857204437,0.016034256666898727,1.3749529123306274,1.0704560279846191,0.8754469752311707,0.7773851156234741,0.7237446308135986,0.2857773005962372,0.18391653895378113,0.10520124435424805,0.057681743055582047,0.029082851484417915
9300,0.2597900629043579,0.21207121014595032,0.15518921613693237,0.11162374913692474,0.14099515974521637,0.12033059448003769,0.2270895391702652,0.19329816102981567,0.14177484810352325,0.08745402842760086,0.12600360810756683,0.09980501234531403,0.030574504286050797,0.00013983185635879636,0.0003800567355938256,0.005233798176050186,0.005928608123213053,0.0010327640920877457,1.3707695007324219,1.059333324432373,0.8833950161933899,0.7811790704727173,0.7283886075019836,0.28066739439964294,0.17757439613342285,0.10397186130285263,0.055738143622875214,0.027750274166464806
9350,0.25394871830940247,0.1825116127729416,0.16288501024246216,0.12120357155799866,0.15014828741550446,0.12930287420749664,0.19596156477928162,0.13942162692546844,0.1328839510679245,0.09045224636793137,0.10721541196107864,0.08255719393491745,0.2037547528743744,1.7778711480787024e-05,1.2234445810317993,1.857227087020874,3.763715358218178e-05,0.0004045633249916136,1.3295172452926636,1.0775432586669922,0.9133484363555908,0.7887020111083984,0.7407251596450806,0.26165661215782166,0.17543677985668182,0.1093081533908844,0.05061657354235649,0.025513028725981712
9400,0.24382281303405762,0.1619090586900711,0.15232132375240326,0.12130206823348999,0.15759657323360443,0.16304820775985718,0.18699248135089874,0.1247430369257927,0.10400556027889252,0.06870655715465546,0.11012834310531616,0.12147967517375946,0.7376868724822998,1.2679582834243774,0.20141328871250153,0.42870068550109863,0.2519291043281555,0.8259393572807312,1.2824872732162476,1.101086974143982,0.944682240486145,0.7999409437179565,0.7523911595344543,0.24135662615299225,0.17630614340305328,0.11502436548471451,0.048500094562768936,0.023987455293536186
9450,0.24371644854545593,0.15226274728775024,0.1332886815071106,0.1221996322274208,0.19756731390953064,0.15096521377563477,0.186953604221344,0.10375989228487015,0.0817992091178894,0.06746713072061539,0.1467369794845581,0.10234701633453369,0.5578838586807251,7.722489681327716e-05,1.4908486889453343e-07,4.052546671573509e-07,1.2482715874284622e-06,8.410793839175312e-09,1.299575924873352,1.0778003931045532,0.9514050483703613,0.7933818697929382,0.7472357749938965,0.2437436282634735,0.1688973307609558,0.11900226771831512,0.046348169445991516,0.02351461909711361
9500,0.21772004663944244,0.13305209577083588,0.16027285158634186,0.12393695116043091,0.20406769216060638,0.16095036268234253,0.16488927602767944,0.08163907378911972,0.11238992214202881,0.08210454881191254,0.15342137217521667,0.1133248582482338,0.20520608127117157,0.005928608123213053,0.00975591130554676,1.2234445810317993,0.12692801654338837,0.03364570066332817,1.3286758661270142,1.064953327178955,0.9333867430686951,0.7827997803688049,0.7409409880638123,0.25544309616088867,0.16719955205917358,0.11445292830467224,0.04407587647438049,0.022093473002314568
9550,0.2454323023557663,0.12284109741449356,0.13660390675067902,0.12252195924520493,0.17280443012714386,0.1997963935136795,0.19812354445457458,0.08212582767009735,0.09867557883262634,0.08072396367788315,0.13746249675750732,0.1614103466272354,0.27690187096595764,0.09726865589618683,4.264837480150163e-05,3.500860657368321e-06,2.6995780899596866e-07,1.0677034651962458e-06,1.3013988733291626,1.1254804134368896,0.913436770439148,0.7880336046218872,0.7431600093841553,0.24312955141067505,0.18668623268604279,0.10318581014871597,0.044116467237472534,0.020664701238274574
9600,0.21095767617225647,0.18750303983688354,0.1055140569806099,0.09684481471776962,0.2016972154378891,0.19748321175575256,0.1959015130996704,0.17645420134067535,0.0815873071551323,0.06744113564491272,0.18889912962913513,0.1850108504295349,1.6281563830489176e-07,3.4424770840998584e-14,4.8473686869998645e-11,7.835042293777295e-13,0.040445856750011444,1.8189616479702408e-09,1.3142917156219482,1.158106803894043,0.8908663988113403,0.7733396291732788,0.7314035892486572,0.2588356137275696,0.2082311064004898,0.10329211503267288,0.0463162399828434,0.024400515481829643
9650,0.2186695635318756,0.14940457046031952,0.10861022025346756,0.10769736766815186,0.21038714051246643,0.20523113012313843,0.1730998009443283,0.11022540926933289,0.05760815739631653,0.056216612458229065,0.1667034924030304,0.16260941326618195,0.0025240369141101837,1.868827141648932e-11,2.117658652600607e-11,0.00011061771510867402,2.8096680865685904e-14,9.121656304367145e-15,1.307753086090088,1.1722420454025269,0.8837007880210876,0.7718008160591125,0.7368379831314087,0.25263041257858276,0.20887348055839539,0.09585153311491013,0.041283391416072845,0.02315128967165947
9700,0.2519042193889618,0.1423887312412262,0.12070553749799728,0.13000670075416565,0.18798644840717316,0.1670084148645401,0.1739022135734558,0.07976524531841278,0.05250611528754234,0.06475438922643661,0.12560373544692993,0.10608001053333282,0.000643084233161062,8.164300832613769e-12,6.835885330014335e-11,1.6726859897175927e-08,2.1907840164203662e-06,9.721550213726005e-07,1.2905317544937134,1.1689180135726929,0.8842083811759949,0.7896787524223328,0.7466832995414734,0.24246035516262054,0.20287007093429565,0.0912136435508728,0.04598700627684593,0.023358670994639397
9750,0.267535924911499,0.14914169907569885,0.11295858025550842,0.12210839986801147,0.17915047705173492,0.16910497844219208,0.1886206418275833,0.08976740390062332,0.043679699301719666,0.05661356821656227,0.11984432488679886,0.11068354547023773,0.2731843590736389,0.029750417917966843,0.005928608123213053,0.014163456857204437,0.012509570457041264,0.04858735203742981,1.2762134075164795,1.1600563526153564,0.9185751676559448,0.7896497249603271,0.7457174062728882,0.23564724624156952,0.19747570157051086,0.10397832095623016,0.043621961027383804,0.020724844187498093
9800,0.25447478890419006,0.16060791909694672,0.13463188707828522,0.12617990374565125,0.1668809950351715,0.15722453594207764,0.16853903234004974,0.09159624576568604,0.059907589107751846,0.05040401220321655,0.1040879338979721,0.08706913143396378,0.3815416991710663,0.28115013241767883,0.023245465010404587,0.14267505705356598,0.8981232643127441,0.1797446310520172,1.277659296989441,1.154415488243103,0.9097353219985962,0.7938507795333862,0.751486599445343,0.2329317182302475,0.19384914636611938,0.09707922488451004,0.04257592558860779,0.020639104768633842
9850,0.24484559893608093,0.14059877395629883,0.1378205418586731,0.1548633724451065,0.1856391578912735,0.13623245060443878,0.1611730456352234,0.06963958591222763,0.06634654104709625,0.08558402210474014,0.11549217998981476,0.0644342452287674,0.0005044260760769248,8.67260094034733e-13,3.83687392968568e-07,1.6691731330453763e-09,2.5345054180392346e-11,1.022492401858699e-08,1.227316975593567,1.1406936645507812,0.9216718077659607,0.8232245445251465,0.7964077591896057,0.2100801020860672,0.18080253899097443,0.09552150219678879,0.04983527213335037,0.03709033504128456
9900,0.20808985829353333,0.18951384723186493,0.12200407683849335,0.12223685532808304,0.2088395208120346,0.14931587874889374,0.17159487307071686,0.143960639834404,0.12535405158996582,0.11883628368377686,0.20473553240299225,0.11786052584648132,1.2563189268112183,0.03577728942036629,5.441841125488281,4.758614540100098,4.511047840118408,1.3593331575393677,1.3034545183181763,1.0905452966690063,0.8886939287185669,0.8017147779464722,0.7755478024482727,0.24296623468399048,0.19650252163410187,0.08975805342197418,0.0485580675303936,0.035284776240587234
9950,0.2045086920261383,0.1841760128736496,0.12160743027925491,0.13422566652297974,0.22184224426746368,0.13363991677761078,0.17781029641628265,0.1601419895887375,0.09180378168821335,0.10811448097229004,0.19084793329238892,0.10723770409822464,0.03977832943201065,0.000804409384727478,0.016034256666898727,0.018149929121136665,0.001170194591395557,0.0026351429987698793,1.333209753036499,1.1292411088943481,0.8542273640632629,0.7734498381614685,0.7576215267181396,0.2620032727718353,0.19558583199977875,0.08394435048103333,0.043900422751903534,0.035938940942287445
10000,0.18260763585567474,0.14085641503334045,0.10339274257421494,0.21206586062908173,0.18099433183670044,0.18008294701576233,0.2236229032278061,0.1806345283985138,0.12962137162685394,0.2481452375650406,0.22200410068035126,0.22117114067077637,0.015460305847227573,5.368751203604916e-07,0.000588582013733685,4.181188160146121e-07,2.1940866901104528e-09,2.3588654585182667e-08,1.3466719388961792,1.2425237894058228,0.8143727779388428,0.7280265688896179,0.7242118120193481,0.2871723175048828,0.25497564673423767,0.08598298579454422,0.040768031030893326,0.03904923424124718
10050,0.18022330105304718,0.1401969939470291,0.14332106709480286,0.20511363446712494,0.1672472059726715,0.1638978123664856,0.16972044110298157,0.12828080356121063,0.13191717863082886,0.191183403134346,0.15739081799983978,0.15405289828777313,2.4163833586499095e-05,3.96699397242628e-06,5.315785500670245e-08,0.011756090447306633,4.450851349702134e-07,2.2159490242756874e-08,1.2949680089950562,1.2381466627120972,0.8359987139701843,0.7485569715499878,0.7639763951301575,0.25862041115760803,0.2406722754240036,0.08357472717761993,0.03901314362883568,0.047538675367832184
10100,0.2326381504535675,0.12759654223918915,0.1112968698143959,0.13671450316905975,0.2429223209619522,0.14883160591125488,0.23904862999916077,0.13934223353862762,0.1167912408709526,0.15073072910308838,0.24558044970035553,0.1647426187992096,0.060567889362573624,8.139725650835317e-06,1.6398438162923412e-10,8.605109897211194e-13,1.1645750282087558e-13,1.4659835328564223e-15,1.3278388977050781,1.2646019458770752,0.8187288641929626,0.722270667552948,0.7352728843688965,0.2793532609939575,0.2598351240158081,0.08593124896287918,0.03579004853963852,0.0426383912563324
10150,0.23221147060394287,0.13681665062904358,0.12337556481361389,0.13808608055114746,0.21671707928180695,0.15279310941696167,0.1972273290157318,0.11443188786506653,0.10567614436149597,0.12426244467496872,0.20075979828834534,0.13265499472618103,0.5250082015991211,0.9740769863128662,1.8047447204589844,1.8047447204589844,2.0176751613616943,0.9740769863128662,1.3227076530456543,1.2367494106292725,0.8240156173706055,0.7374722361564636,0.7460001707077026,0.26930052042007446,0.24242274463176727,0.0800018459558487,0.03561744466423988,0.052945733070373535
10200,0.21357175707817078,0.15331250429153442,0.14980563521385193,0.1344650834798813,0.1779664158821106,0.1708785742521286,0.17700016498565674,0.12229529768228531,0.11847824603319168,0.10065163671970367,0.1468995362520218,0.1401936560869217,0.0008249285747297108,9.042454252039533e-08,9.915764530887827e-05,1.1610741523782053e-07,3.1561265245727554e-07,4.052546671573509e-07,1.2790985107421875,1.1995790004730225,0.8894937038421631,0.7463580369949341,0.7750731706619263,0.25025761127471924,0.2245836704969406,0.10390662401914597,0.034775473177433014,0.049876291304826736
10250,0.19722630083560944,0.1591958999633789,0.16403897106647491,0.1632237434387207,0.15764980018138885,0.158665269613266,0.16036748886108398,0.12463109195232391,0.13040505349636078,0.12876583635807037,0.12336999922990799,0.12458804249763489,0.03992677107453346,0.0008562671137042344,0.08377023786306381,0.002052849158644676,0.03577728942036629,0.05164138972759247,1.267317771911621,1.1985629796981812,0.8771060109138489,0.7756950855255127,0.7751907110214233,0.24214230477809906,0.22191357612609863,0.09701330959796906,0.04786594957113266,0.047605786472558975
10300,0.16901850700378418,0.1579236537218094,0.160617396235466,0.15697844326496124,0.20741154253482819,0.14805054664611816,0.16927820444107056,0.15069632232189178,0.1483745127916336,0.15385720133781433,0.19806167483329773,0.1321912556886673,1.6360185146331787,0.8981232643127441,0.3868710398674011,1.31326162815094,1.136871099472046,0.1128222793340683,1.2435071468353271,1.2600352764129639,0.8647657036781311,0.7779518365859985,0.7682501077651978,0.24390950798988342,0.24216851592063904,0.09159393608570099,0.049276359379291534,0.04425662383437157
10350,0.23737813532352448,0.15841099619865417,0.144711434841156,0.1408844143152237,0.1900235265493393,0.12859150767326355,0.2046157419681549,0.13787959516048431,0.122957743704319,0.11853372305631638,0.1679021567106247,0.10346850752830505,2.2943302813160926e-09,2.3588654585182667e-08,0.0002612244279589504,9.02844694792293e-05,9.329492911547277e-08,7.507751365043447e-11,1.2994810342788696,1.206284761428833,0.8356568813323975,0.7723379135131836,0.7607328295707703,0.2577942907810211,0.2280263602733612,0.08119340986013412,0.04967502877116203,0.04318336769938469
10400,0.2676154673099518,0.11779759079217911,0.15040083229541779,0.1243119165301323,0.16417625546455383,0.1756979376077652,0.28147900104522705,0.15327513217926025,0.20076842606067657,0.14809827506542206,0.2250414490699768,0.2240026444196701,2.092729091644287,2.811967611312866,3.529750347137451,1.4061501026153564,4.511047840118408,3.288041353225708,1.4249430894851685,1.1272855997085571,0.7949434518814087,0.7348347902297974,0.7141480445861816,0.3414691984653473,0.2217434197664261,0.08202466368675232,0.05057455226778984,0.03915238752961159
10450,0.24993206560611725,0.13006682693958282,0.15359672904014587,0.10985647141933441,0.16593027114868164,0.1906176656484604,0.24595026671886444,0.13818176090717316,0.16561879217624664,0.11031782627105713,0.1783641278743744,0.20124828815460205,2.8281239792704582e-05,1.3307807078533074e-09,4.8326808609999716e-05,2.2828258806839585e-05,0.00016866697114892304,3.8127509482954736e-10,1.4590827226638794,1.1045726537704468,0.7886127829551697,0.7209010124206543,0.7020337581634521,0.33047619462013245,0.21913643181324005,0.08436106145381927,0.04845162853598595,0.037465520203113556
10500,0.22110174596309662,0.13374201953411102,0.137506902217865,0.1433727890253067,0.20207218825817108,0.1622043401002884,0.20106451213359833,0.1181168258190155,0.12269745767116547,0.12959031760692596,0.18621434271335602,0.14995263516902924,5.0286060286452994e-05,6.70166613175871e-13,4.3139135641467874e-07,1.61877123900922e-05,3.471549159250742e-10,3.187570428053732e-06,1.4787880182266235,1.0799365043640137,0.7796909213066101,0.7208008766174316,0.7010635137557983,0.3341834843158722,0.20845520496368408,0.07815124094486237,0.04627015069127083,0.03563164174556732
10550,0.22333942353725433,0.1332363486289978,0.136968731880188,0.1344236433506012,0.2196798175573349,0.1523520052433014,0.17540617287158966,0.0901724100112915,0.09473104774951935,0.09163624048233032,0.1726800799369812,0.1122938022017479,3.1696185942564625e-06,5.723617135799941e-10,1.5252922189179507e-11,1.785933563308497e-14,5.219263064272506e-13,8.605109897211194e-13,1.4318571090698242,1.0946478843688965,0.8100246787071228,0.7367948293685913,0.7159506678581238,0.30984827876091003,0.20243245363235474,0.08198316395282745,0.04408103972673416,0.0322757326066494
10600,0.2045750468969345,0.12287789583206177,0.16318005323410034,0.17452913522720337,0.208110049366951,0.1267278641462326,0.16913633048534393,0.08170001953840256,0.12830448150634766,0.1393011212348938,0.16833725571632385,0.08649323880672455,0.362610399723053,0.029750417917966843,0.00975591130554676,9.422450375495828e-07,2.2828258806839585e-05,3.321474287076853e-05,1.436522364616394,1.0775457620620728,0.8093915581703186,0.7317042350769043,0.7282384634017944,0.3112325072288513,0.19504904747009277,0.08175342530012131,0.04139086231589317,0.03949176147580147
10650,0.2188122719526291,0.14066867530345917,0.15513017773628235,0.1656212955713272,0.19251810014247894,0.12724941968917847,0.17598778009414673,0.1030808761715889,0.11922746896743774,0.13002480566501617,0.15485504269599915,0.08653825521469116,0.0008781258948147297,1.0907282188554746e-07,1.3420103641692549e-05,5.539173457691504e-07,2.2637343111142627e-09,1.4005227910729445e-07,1.4315847158432007,1.0865814685821533,0.8131377100944519,0.7276926636695862,0.7287659645080566,0.30721092224121094,0.1949455440044403,0.08095619827508926,0.03654751554131508,0.03713705390691757
10700,0.25209444761276245,0.13579685986042023,0.14872969686985016,0.1523064523935318,0.1650208681821823,0.14605166018009186,0.20932261645793915,0.10677723586559296,0.12039054185152054,0.13547490537166595,0.13749580085277557,0.11725419759750366,0.2071399688720703,0.16022413969039917,0.020541900768876076,1.136871099472046,0.016034256666898727,0.006715348456054926,1.4292114973068237,1.0678738355636597,0.8362903594970703,0.7260981202125549,0.7293854355812073,0.30646026134490967,0.1904107630252838,0.09263117611408234,0.036114856600761414,0.0379217229783535
10750,0.24309803545475006,0.1703890860080719,0.16327984631061554,0.15770134329795837,0.13859805464744568,0.12693360447883606,0.1902739256620407,0.13047091662883759,0.12344059348106384,0.11770312488079071,0.09639736264944077,0.08189155906438828,0.11652620136737823,1.9750537205709406e-07,0.00017954407667275518,1.3846100955561269e-05,2.8736857871081156e-07,3.689885659241554e-07,1.4058024883270264,1.0620230436325073,0.8552496433258057,0.7323737740516663,0.7457377314567566,0.2944193482398987,0.1807073950767517,0.09563128650188446,0.033590324223041534,0.04082350432872772
10800,0.20901034772396088,0.23654109239578247,0.14115601778030396,0.16858553886413574,0.12457786500453949,0.12012921273708344,0.19888509809970856,0.21773569285869598,0.1328696608543396,0.1636510044336319,0.11193913966417313,0.10593923181295395,0.15663592517375946,1.6701560525689274e-05,0.031639110296964645,0.1797446310520172,1.1478834494482726e-05,1.013004202832235e-05,1.3735733032226562,1.0628632307052612,0.8596411943435669,0.7751526236534119,0.7469099760055542,0.28782913088798523,0.1840721219778061,0.10036683827638626,0.05898478999733925,0.04413865506649017
10850,0.2229834347963333,0.24586009979248047,0.1337074488401413,0.16621033847332,0.1201060488820076,0.11113261431455612,0.19206653535366058,0.2068958431482315,0.10635922104120255,0.14227914810180664,0.08901134878396988,0.0770379975438118,0.13237571716308594,0.003831815905869007,0.00045841795508749783,0.002052849158644676,0.03577728942036629,0.11967965960502625,1.387753963470459,1.0405664443969727,0.8611495494842529,0.7763302326202393,0.7421126365661621,0.28723037242889404,0.1744736135005951,0.09877272695302963,0.05729662999510765,0.03926585987210274
10900,0.24616548418998718,0.19299159944057465,0.15624190866947174,0.15199297666549683,0.1257869303226471,0.1268211305141449,0.17893387377262115,0.13877975940704346,0.1039249524474144,0.09937571734189987,0.06815032660961151,0.0695013776421547,1.4599397218262311e-05,1.0861516130944437e-09,2.1600705668589626e-09,4.725134779975937e-12,3.802471931210272e-15,2.035316622474282e-15,1.3754584789276123,1.0369458198547363,0.8723347187042236,0.779212236404419,0.7505139112472534,0.2786066234111786,0.1656036525964737,0.09549441933631897,0.05130305886268616,0.03629295527935028
10950,0.22693988680839539,0.16373121738433838,0.1593773514032364,0.15783701837062836,0.1485615074634552,0.1435530036687851,0.17350788414478302,0.12039189040660858,0.11155421286821365,0.10608642548322678,0.09609714150428772,0.09043154865503311,0.7509654760360718,0.8259393572807312,0.3868710398674011,0.00033540636650286615,0.0007099223439581692,1.6701560525689274e-05,1.3888702392578125,1.028694748878479,0.8608622550964355,0.7761887311935425,0.7503339052200317,0.2808706760406494,0.16285757720470428,0.08954612910747528,0.04813060909509659,0.03457964211702347
11000,0.18201903998851776,0.13207273185253143,0.16809481382369995,0.1947471797466278,0.18849079310894012,0.13457539677619934,0.14884193241596222,0.09591678529977798,0.1357107311487198,0.159994438290596,0.1546066701412201,0.09901413321495056,2.1220725177073518e-10,9.530678468649967e-09,1.0483170755082316e-11,1.958514080080409e-11,4.457557378767518e-10,1.1645750282087558e-13,1.4132636785507202,1.0201880931854248,0.849811315536499,0.766609787940979,0.7405770421028137,0.290121465921402,0.15975558757781982,0.08666440099477768,0.044995345175266266,0.03163055703043938
11050,0.18588170409202576,0.1258096545934677,0.1683638095855713,0.21334680914878845,0.1644306480884552,0.1421673446893692,0.1698078066110611,0.10530825704336166,0.15338194370269775,0.19245262444019318,0.14948415756225586,0.12547679245471954,0.009361207485198975,2.2125914256321266e-05,7.979939198321517e-08,3.7694562138312904e-08,0.0002531884238123894,2.8130216378485784e-06,1.450758695602417,1.0347809791564941,0.8209465146064758,0.7442399859428406,0.7206142544746399,0.3102765679359436,0.1751178652048111,0.08252299576997757,0.04287023842334747,0.030381422489881516
11100,0.2118692249059677,0.14636172354221344,0.15731963515281677,0.17727230489253998,0.16231492161750793,0.14486223459243774,0.1872350573539734,0.12416283786296844,0.13607846200466156,0.16210368275642395,0.14123322069644928,0.12246359884738922,0.20407772064208984,8.939736289903522e-06,0.000296000944217667,0.6325990557670593,3.500860657368321e-06,3.2887544421100756e-06,1.4187747240066528,1.1041476726531982,0.8118715882301331,0.742479145526886,0.720113217830658,0.2981782853603363,0.19933222234249115,0.076337531208992,0.040598537772893906,0.0283640306442976
11150,0.20879562199115753,0.14830473065376282,0.14913824200630188,0.20635533332824707,0.16389523446559906,0.12351086735725403,0.18743719160556793,0.13099269568920135,0.13191744685173035,0.1854972094297409,0.14748579263687134,0.10080758482217789,1.713665551505983e-05,5.723617135799941e-10,1.85818638254176e-10,6.3583643558629e-12,7.593982951151212e-13,1.4953439690917197e-13,1.3861128091812134,1.1038181781768799,0.8498528599739075,0.7548924684524536,0.7237243056297302,0.2865380048751831,0.19544672966003418,0.09085983037948608,0.04346468299627304,0.026332806795835495
11200,0.19457799196243286,0.1518561840057373,0.17425650358200073,0.17443642020225525,0.14931480586528778,0.15555815398693085,0.16668401658535004,0.12578065693378448,0.1484837532043457,0.1486540138721466,0.12299595773220062,0.12975482642650604,5.11493798704965e-12,2.489971119915002e-12,5.101404187968228e-09,5.896420134376967e-07,2.624410291949403e-13,3.818494457262511e-13,1.3956571817398071,1.092598795890808,0.8404548764228821,0.7568030953407288,0.7250342965126038,0.28867536783218384,0.19075283408164978,0.08580439537763596,0.0434296578168869,0.026714680716395378
11250,0.22730223834514618,0.16920043528079987,0.1582280397415161,0.16211125254631042,0.1408107727766037,0.1423473358154297,0.17712491750717163,0.12837640941143036,0.11723773181438446,0.12123975902795792,0.09799668937921524,0.09978616237640381,0.011712504550814629,0.007606093771755695,7.889293556218036e-06,0.00015844876179471612,0.00013983185635879636,1.013004202832235e-05,1.4009699821472168,1.0891640186309814,0.8422902226448059,0.7528303861618042,0.722441554069519,0.2886579632759094,0.18795619904994965,0.08513972908258438,0.03986358642578125,0.023744527250528336
11300,0.22886991500854492,0.1822463721036911,0.17714343965053558,0.14197830855846405,0.1346280723810196,0.13513393700122833,0.17013154923915863,0.1343298852443695,0.12033317983150482,0.08417996764183044,0.07550933957099915,0.07572463899850845,0.7956352233886719,0.9740769863128662,0.04299908131361008,0.07888973504304886,0.08893946558237076,0.04858735203742981,1.3784297704696655,1.110748052597046,0.8447147607803345,0.7592084407806396,0.7293143272399902,0.27819812297821045,0.19063380360603333,0.08111781626939774,0.038428761065006256,0.022360151633620262
