step,w1,w2,w3,w4,w5,w6,ema1,ema2,ema3,ema4,ema5,ema6,L1,L2,L3,L4,L5,L6
50,0.17393159866333008,0.16588908433914185,0.16994862258434296,0.16264276206493378,0.16316001117229462,0.1644279807806015,0.8716118931770325,0.8458389639854431,0.8583145141601562,0.8457561135292053,0.8458465337753296,0.841505229473114,0.23790524899959564,0.0040784431621432304,0.05488218367099762,0.9740769863128662,0.8259393572807312,0.00861448422074318
100,0.1755683422088623,0.17426195740699768,0.16680485010147095,0.16348117589950562,0.16522502899169922,0.1546587198972702,0.849115788936615,0.8460828065872192,0.8196589350700378,0.8096961975097656,0.8172233700752258,0.7818833589553833,0.7595432996749878,0.8259393572807312,0.3484445810317993,0.3484445810317993,0.575939416885376,0.3132617175579071
150,0.17736120522022247,0.16645488142967224,0.16950012743473053,0.17488306760787964,0.16544809937477112,0.1463526487350464,0.733755886554718,0.7020238637924194,0.7110885381698608,0.7267205119132996,0.6989904642105103,0.6376712918281555,nan,nan,nan,nan,nan,nan
200,0.18117503821849823,0.1681273877620697,0.17278864979743958,0.16973017156124115,0.16045783460140228,0.14772090315818787,0.6970926523208618,0.6597217917442322,0.6733953952789307,0.6644657850265503,0.6363764405250549,0.5950232148170471,nan,nan,nan,nan,nan,nan
250,0.1827913522720337,0.17030908167362213,0.1702364981174469,0.17404288053512573,0.1569710373878479,0.14564917981624603,0.6398931741714478,0.6017624139785767,0.6021433472633362,0.6128992438316345,0.5615258812904358,0.5248289108276367,0.34167370200157166,0.029750417917966843,0.08893946558237076,0.06993620097637177,0.04299908131361008,0.07888973504304886
300,0.187687486410141,0.173234224319458,0.1634066104888916,0.16990219056606293,0.15763625502586365,0.14813317358493805,0.6059855818748474,0.5659187436103821,0.5367172360420227,0.5562078952789307,0.5187415480613708,0.48765233159065247,nan,nan,nan,nan,nan,nan
350,0.19526836276054382,0.16415196657180786,0.16105979681015015,0.16874772310256958,0.16283631324768066,0.14793580770492554,0.5884624719619751,0.5001975297927856,0.4903658330440521,0.5159045457839966,0.497686505317688,0.4491642713546753,0.6628731489181519,0.42870065569877625,0.3868710398674011,0.6325990557670593,0.575939416885376,0.4740769863128662
400,0.19492238759994507,0.16519621014595032,0.16084016859531403,0.16684281826019287,0.16296710073947906,0.14923129975795746,0.5698713064193726,0.4871375560760498,0.4737761318683624,0.4920966625213623,0.4803447425365448,0.4363192915916443,nan,nan,nan,nan,nan,nan
450,0.19411933422088623,0.16926220059394836,0.1631806492805481,0.16560442745685577,0.16176949441432953,0.14606384932994843,0.541782557964325,0.46954208612442017,0.453044056892395,0.46279966831207275,0.45385730266571045,0.40064841508865356,0.6667692065238953,0.22541265189647675,0.3868710398674011,0.6325990557670593,0.8981232643127441,0.6325990557670593
500,0.1911393404006958,0.16760006546974182,0.16563743352890015,0.17171546816825867,0.15754003822803497,0.14636766910552979,0.5186887979507446,0.45086103677749634,0.4458221197128296,0.46306878328323364,0.42045894265174866,0.38383641839027405,0.2871417701244354,0.00975591130554676,0.08893946558237076,0.029750417917966843,0.03364570066332817,0.012509570457041264
550,0.19195513427257538,0.16621269285678864,0.16831351816654205,0.17115022242069244,0.15626753866672516,0.14610092341899872,0.47834667563438416,0.405457466840744,0.4139615595340729,0.4377627372741699,0.37474340200424194,0.3414307236671448,0.18449324369430542,0.023245465010404587,0.2519291043281555,1.8047447204589844,0.005928608123213053,0.004620229359716177
600,0.18110737204551697,0.1736305058002472,0.1675563007593155,0.17843060195446014,0.15503144264221191,0.1442437767982483,0.48892736434936523,0.4665437936782837,0.44889768958091736,0.48002347350120544,0.4104403853416443,0.3747393488883972,0.1533363163471222,0.0019285932648926973,1.6701560525689274e-05,2.1445179299917072e-05,1.3007213055971079e-05,1.013004202832235e-05
650,0.1761113554239273,0.16340549290180206,0.16723880171775818,0.18582631647586823,0.15837827324867249,0.14903981983661652,0.5174917578697205,0.4880547523498535,0.48156461119651794,0.5471295118331909,0.4546186029911041,0.43465709686279297,1.931990385055542,2.6949362754821777,0.8981232643127441,2.2378222942352295,0.8981232643127441,1.910224199295044
700,0.182639017701149,0.17506250739097595,0.16173085570335388,0.17815984785556793,0.1558094173669815,0.14659833908081055,0.5531983971595764,0.5588410496711731,0.45934975147247314,0.5228575468063354,0.4597800076007843,0.4274146556854248,3.7152013778686523,6.376702308654785,0.3484445810317993,1.910224199295044,2.2378222942352295,2.0176751613616943
750,0.1867723912000656,0.17528417706489563,0.15417450666427612,0.1734531968832016,0.1610221415758133,0.14929351210594177,0.5204100608825684,0.48844900727272034,0.42832648754119873,0.4841592013835907,0.45187661051750183,0.41063418984413147,0.14267505705356598,0.08893946558237076,0.42870068550109863,0.1797446310520172,0.6325990557670593,0.2519291043281555
800,0.17710132896900177,0.17050740122795105,0.15242941677570343,0.17042721807956696,0.16836470365524292,0.1611698418855667,0.5007010698318481,0.4805549681186676,0.42147132754325867,0.47876638174057007,0.4713340997695923,0.4552721679210663,1.1901135444641113,1.0537006855010986,0.6931471824645996,0.8981232643127441,0.7575989961624146,1.31326162815094
850,0.18164633214473724,0.16733267903327942,0.15126310288906097,0.16689583659172058,0.16896797716617584,0.16389401257038116,0.462322860956192,0.42169633507728577,0.3717142641544342,0.42041337490081787,0.42650365829467773,0.41141027212142944,0.001514308387413621,0.0017021704697981477,0.001170194591395557,0.0028048569802194834,0.0010327640920877457,0.000911466486286372
900,0.17915061116218567,0.1663946509361267,0.15317538380622864,0.17311590909957886,0.165725439786911,0.16243793070316315,0.4323270618915558,0.39539486169815063,0.3540053963661194,0.4151943027973175,0.3933798372745514,0.3833616077899933,nan,nan,nan,nan,nan,nan
950,0.1796540468931198,0.16739588975906372,0.14965170621871948,0.17944902181625366,0.16744449734687805,0.15640483796596527,0.4212840497493744,0.38857313990592957,0.3331078886985779,0.41525474190711975,0.3948320746421814,0.3786267340183258,1.1790058612823486,1.4061501026153564,1.4061501026153564,0.6325990557670593,2.0176751613616943,3.773245334625244
1000,0.17289267480373383,0.15063594281673431,0.16819697618484497,0.16136212646961212,0.1709109991788864,0.17600131034851074,0.40051090717315674,0.3276815712451935,0.3873453736305237,0.3610083758831024,0.3869668245315552,0.3992193937301636,1.359705924987793,0.8981232643127441,1.4061501026153564,0.8259393572807312,0.575939416885376,0.3484445810317993
1050,0.17860949039459229,0.14688915014266968,0.16856208443641663,0.15725181996822357,0.16266801953315735,0.18601946532726288,0.4212927222251892,0.323530912399292,0.3923438787460327,0.35761603713035583,0.37454754114151,0.441617488861084,nan,nan,nan,nan,nan,nan
1100,0.18266239762306213,0.15292607247829437,0.18299207091331482,0.1552971750497818,0.15554332733154297,0.1705789864063263,0.44290998578071594,0.35406747460365295,0.4438115954399109,0.3617604374885559,0.36255234479904175,0.4086894094944,nan,nan,nan,nan,nan,nan
1150,0.18642234802246094,0.14764748513698578,0.17279137670993805,0.16337741911411285,0.16266140341758728,0.16709990799427032,0.4326212704181671,0.31751254200935364,0.40085968375205994,0.36762407422065735,0.36562538146972656,0.3801606297492981,0.11078239977359772,0.14267505705356598,0.6931471824645996,0.14267505705356598,0.16022413969039917,0.28115013241767883
1200,0.19221067428588867,0.14765937626361847,0.17115502059459686,0.1583368182182312,0.16219529509544373,0.16844290494918823,0.41002157330513,0.2781796157360077,0.3520103991031647,0.3130878210067749,0.32512614130973816,0.3440239727497101,nan,nan,nan,nan,nan,nan
1250,0.1833004355430603,0.1530650407075882,0.16869039833545685,0.1528928130865097,0.1655866950750351,0.17646460235118866,0.37869298458099365,0.28944656252861023,0.3375644087791443,0.28899919986724854,0.3283858299255371,0.35986965894699097,0.0016505643725395203,5.8292964240536094e-05,0.00033540636650286615,0.011047745123505592,0.0017021704697981477,0.0006265303236432374
1300,0.17811539769172668,0.14816102385520935,0.17786996066570282,0.15316930413246155,0.16239599883556366,0.18028827011585236,0.35559624433517456,0.26353025436401367,0.35490676760673523,0.2801523804664612,0.3093993067741394,0.3616589605808258,nan,nan,nan,nan,nan,nan
1350,0.17708441615104675,0.15364700555801392,0.16822661459445953,0.14492173492908478,0.16624042391777039,0.18987980484962463,0.36733752489089966,0.29635316133499146,0.34168022871017456,0.26712119579315186,0.3357418179512024,0.40221989154815674,nan,nan,nan,nan,nan,nan
1400,0.18512387573719025,0.1472346931695938,0.16922427713871002,0.14788061380386353,0.16572819650173187,0.18480832874774933,0.3732231855392456,0.2598673701286316,0.328767329454422,0.262057363986969,0.31843259930610657,0.37237313389778137,0.0006997213349677622,0.0004879761836491525,0.00023053328914102167,0.0028048569802194834,0.00010890284465858713,0.00013983185635879636
1450,0.1863265037536621,0.14921651780605316,0.17123685777187347,0.1496076136827469,0.16454672813415527,0.1790657490491867,0.35745835304260254,0.24734924733638763,0.3154903054237366,0.24864476919174194,0.2957582473754883,0.33761465549468994,0.016877301037311554,2.1445179299917072e-05,0.0004879761836491525,5.4222336984821595e-06,7.889293556218036e-06,7.889293556218036e-06
1500,0.18478164076805115,0.15969768166542053,0.17056787014007568,0.14740140736103058,0.17197678983211517,0.16557461023330688,0.3655684292316437,0.29262226819992065,0.3255476653575897,0.2525607645511627,0.3296608030796051,0.3106919825077057,nan,nan,nan,nan,nan,nan
1550,0.18481643497943878,0.14938609302043915,0.17268817126750946,0.14584429562091827,0.1803044080734253,0.16696064174175262,0.35278719663619995,0.2457556426525116,0.31478220224380493,0.2310771495103836,0.33992844820022583,0.29942673444747925,0.44927695393562317,0.28115013241767883,0.00861448422074318,0.0010327640920877457,0.3868710398674011,0.14267505705356598
1600,0.18178026378154755,0.1586231142282486,0.16424347460269928,0.14351052045822144,0.18141165375709534,0.17043094336986542,0.3346301019191742,0.26649630069732666,0.2839057743549347,0.21643497049808502,0.33361515402793884,0.30239591002464294,nan,nan,nan,nan,nan,nan
1650,0.18019819259643555,0.15805895626544952,0.16761721670627594,0.148491770029068,0.17300254106521606,0.17263123393058777,0.33911970257759094,0.2734130024909973,0.30236896872520447,0.24234670400619507,0.3191942870616913,0.3181307017803192,0.10229551047086716,0.020541900768876076,0.00975591130554676,0.004620229359716177,0.12692801654338837,0.12692801654338837
1700,0.19130803644657135,0.15167279541492462,0.16300058364868164,0.14580446481704712,0.1694183498620987,0.17879576981067657,0.35232990980148315,0.2372935563325882,0.27291950583457947,0.21773332357406616,0.29203513264656067,0.3187215328216553,0.0145525261759758,0.0028048569802194834,5.4222336984821595e-06,3.2887544421100756e-06,2.5612855552026303e-06,0.0019285932648926973
1750,0.18622559309005737,0.15201738476753235,0.15999703109264374,0.16292420029640198,0.16934697329998016,0.16948874294757843,0.30764591693878174,0.20717225968837738,0.23228605091571808,0.2412744164466858,0.2604878544807434,0.261054664850235,0.023898642510175705,0.023245465010404587,0.0021851020865142345,0.0036000751424580812,0.011047745123505592,0.02630019560456276
1800,0.1806909590959549,0.15330980718135834,0.1591392159461975,0.17206789553165436,0.17220965027809143,0.16258253157138824,0.30764350295066833,0.22547981142997742,0.24413910508155823,0.283193975687027,0.28360575437545776,0.25484228134155273,nan,nan,nan,nan,nan,nan
1850,0.1743343323469162,0.15119358897209167,0.15837334096431732,0.19300147891044617,0.17176975309848785,0.15132750570774078,0.3288480341434479,0.25764110684394836,0.28083816170692444,0.37970951199531555,0.3214380443096161,0.2580838203430176,nan,nan,nan,nan,nan,nan
1900,0.17899300158023834,0.1473120003938675,0.16151182353496552,0.19089797139167786,0.1691513955593109,0.15213380753993988,0.34494078159332275,0.2475438416004181,0.29355666041374207,0.3771370053291321,0.31666454672813416,0.2636476755142212,nan,nan,nan,nan,nan,nan
1950,0.17837171256542206,0.14740128815174103,0.16688868403434753,0.19289427995681763,0.16395407915115356,0.15048997104167938,0.35084831714630127,0.2554928958415985,0.3175770342350006,0.3899846374988556,0.30870670080184937,0.26586171984672546,nan,nan,nan,nan,nan,nan
2000,0.18573351204395294,0.1480155885219574,0.16355931758880615,0.18556448817253113,0.16544649004936218,0.151680588722229,0.36561816930770874,0.2521205246448517,0.30204957723617554,0.3651629388332367,0.30778560042381287,0.26435017585754395,nan,nan,nan,nan,nan,nan
2050,0.1823969930410385,0.14852771162986755,0.16040903329849243,0.1928321272134781,0.16015753149986267,0.15567663311958313,0.3441260755062103,0.24141903221607208,0.2798967659473419,0.37194326519966125,0.27911221981048584,0.2649237811565399,nan,nan,nan,nan,nan,nan
2100,0.19025008380413055,0.15448471903800964,0.15703526139259338,0.17948034405708313,0.16104336082935333,0.15770623087882996,0.338487833738327,0.23359669744968414,0.24623095989227295,0.3088461458683014,0.2566675841808319,0.2580195665359497,0.36076927185058594,0.1797446310520172,0.6325990557670593,0.28115013241767883,0.42870068550109863,1.6004126071929932
2150,0.19256538152694702,0.15169696509838104,0.15662293136119843,0.17652615904808044,0.16455796360969543,0.15803052484989166,0.3481871783733368,0.22891174256801605,0.24488992989063263,0.30470383167266846,0.2696007490158081,0.24936340749263763,nan,nan,nan,nan,nan,nan
2200,0.1808353066444397,0.14506416022777557,0.17781054973602295,0.170238196849823,0.1686147153377533,0.15743695199489594,0.33288097381591797,0.22325439751148224,0.32713794708251953,0.30289289355278015,0.2977288067340851,0.2637888491153717,0.05259496718645096,0.0002612244279589504,0.3132617175579071,0.04299908131361008,0.000911466486286372,0.0021851020865142345
2250,0.182740718126297,0.15826350450515747,0.18087390065193176,0.1744070202112198,0.15954722464084625,0.14416764676570892,0.3444719612598419,0.2725984454154968,0.34021735191345215,0.32354462146759033,0.28317126631736755,0.23765499889850616,0.16911746561527252,0.10020655393600464,0.2519291043281555,0.3868710398674011,0.7575989961624146,1.2234445810317993
2300,0.18458236753940582,0.15170542895793915,0.1770266443490982,0.17357537150382996,0.16126824915409088,0.1518419086933136,0.3364182412624359,0.23834066092967987,0.3155204653739929,0.30567631125450134,0.2689048945903778,0.23879031836986542,nan,nan,nan,nan,nan,nan
2350,0.19049189984798431,0.15229077637195587,0.1747910976409912,0.17414100468158722,0.16025173664093018,0.14803358912467957,0.36741089820861816,0.25519970059394836,0.3234104514122009,0.32156607508659363,0.28042295575141907,0.24116528034210205,0.1421639323234558,3.535687574185431e-05,1.4739090147486422e-05,2.7536072593647987e-05,0.0001234021910931915,4.006448943982832e-05
2400,0.18519286811351776,0.15310077369213104,0.17089684307575226,0.17317980527877808,0.1684287190437317,0.14920103549957275,0.3279646039009094,0.23281386494636536,0.287795752286911,0.2944308817386627,0.28052201867103577,0.21991302073001862,nan,nan,nan,nan,nan,nan
2450,0.1917124092578888,0.17105819284915924,0.1594061553478241,0.16464395821094513,0.16645193099975586,0.1467273235321045,0.3629471957683563,0.30595093965530396,0.27067670226097107,0.2868416905403137,0.2923022508621216,0.2292369306087494,nan,nan,nan,nan,nan,nan
2500,0.19358506798744202,0.17874829471111298,0.1631310135126114,0.15542170405387878,0.1626451015472412,0.14646872878074646,0.3671807646751404,0.3276325762271881,0.2812824547290802,0.25522011518478394,0.27805906534194946,0.2279503345489502,0.6403611302375793,0.6325990557670593,0.5231232643127441,0.3132617175579071,0.3484445810317993,0.5231232643127441
2550,0.1909000724554062,0.18051038682460785,0.16026289761066437,0.15456749498844147,0.16381241381168365,0.14994671940803528,0.32845932245254517,0.30047839879989624,0.24099206924438477,0.22289972007274628,0.25194522738456726,0.20772428810596466,nan,nan,nan,nan,nan,nan
2600,0.1911829710006714,0.18732206523418427,0.14500680565834045,0.16057933866977692,0.16635742783546448,0.14955143630504608,0.37380847334861755,0.3637087643146515,0.2389788180589676,0.2874583303928375,0.30495685338974,0.2522401511669159,9.567318920744583e-05,6.412061281935166e-08,0.20141328871250153,1.4593773585147574e-06,8.233249104705465e-08,4.099093509069007e-09
2650,0.18927398324012756,0.18835623562335968,0.1556171476840973,0.15562063455581665,0.16838711500167847,0.14274479448795319,0.372529536485672,0.4172229766845703,0.27154186367988586,0.27717071771621704,0.3161986768245697,0.24368104338645935,0.4209868013858795,5.1309285163879395,0.014163456857204437,0.575939416885376,0.575939416885376,1.5019291639328003
2700,0.18509232997894287,0.19813615083694458,0.15218056738376617,0.15225253999233246,0.16242142021656036,0.14991696178913116,0.37860986590385437,0.4110736548900604,0.2804330885410309,0.28067007660865784,0.31268310546875,0.27306461334228516,0.12648093700408936,0.0019285932648926973,0.0002612244279589504,0.0005529314512386918,0.0015023101586848497,0.005233798176050186
2750,0.19406771659851074,0.19176442921161652,0.1497863084077835,0.15220807492733002,0.16120165586471558,0.15097185969352722,0.38403233885765076,0.3780626058578491,0.254533588886261,0.26255300641059875,0.2912568151950836,0.25847548246383667,nan,nan,nan,nan,nan,nan
2800,0.1906728744506836,0.17922694981098175,0.1517326533794403,0.1589435338973999,0.16966354846954346,0.149760439991951,0.3708595335483551,0.33990636467933655,0.2566399872303009,0.2798543870449066,0.3124886155128479,0.2500983476638794,nan,nan,nan,nan,nan,nan
2850,0.1883123815059662,0.17931033670902252,0.15603797137737274,0.1583656519651413,0.16751629114151,0.15045732259750366,0.33611181378364563,0.31161975860595703,0.24211041629314423,0.24951401352882385,0.277601033449173,0.2239004522562027,nan,nan,nan,nan,nan,nan
2900,0.1893107295036316,0.17217689752578735,0.15871988236904144,0.1580885648727417,0.16871456801891327,0.1529894322156906,0.32292112708091736,0.27593541145324707,0.23565155267715454,0.23368188738822937,0.26587992906570435,0.2174493968486786,0.002640271093696356,2.4374099960589035e-11,5.964145621817352e-09,0.0003150883421767503,2.6729447100137804e-08,3.889111610533291e-08
2950,0.19137541949748993,0.16141682863235474,0.16033799946308136,0.1573430597782135,0.16030259430408478,0.1692241132259369,0.3330173194408417,0.24662436544895172,0.24666257202625275,0.23101112246513367,0.2402273267507553,0.26733431220054626,0.5089014768600464,0.2968331575393677,0.6325990557670593,0.000804409384727478,3.2887544421100756e-06,0.029750417917966843
3000,0.19601386785507202,0.1734171360731125,0.16166405379772186,0.16316425800323486,0.15216532349586487,0.15357531607151031,0.35371503233909607,0.320477694272995,0.26038485765457153,0.28442007303237915,0.22478458285331726,0.2317834496498108,0.42870068550109863,3.167999029159546,0.6325990557670593,2.578889846801758,0.06993620097637177,0.3132617175579071
3050,0.1934957653284073,0.15765567123889923,0.15513502061367035,0.15759901702404022,0.1766650378704071,0.15944944322109222,0.3991042971611023,0.2966831624507904,0.2886244058609009,0.2965034544467926,0.3536042273044586,0.30233991146087646,nan,nan,nan,nan,nan,nan
3100,0.18902438879013062,0.161269873380661,0.15009772777557373,0.16742996871471405,0.1731063425540924,0.15907171368598938,0.40496551990509033,0.3255671262741089,0.28967079520225525,0.34431004524230957,0.3609805405139923,0.3187050521373749,nan,nan,nan,nan,nan,nan
3150,0.188431978225708,0.16842585802078247,0.15866407752037048,0.16271661221981049,0.1656637191772461,0.15609779953956604,0.3653618395328522,0.30973976850509644,0.28018513321876526,0.2926720678806305,0.3015545904636383,0.2721134126186371,0.006255071144551039,3.2887544421100756e-06,1.1253516873921399e-07,0.0002612244279589504,1.5229980832032197e-08,1.1861120086109622e-08
3200,0.18435697257518768,0.15845735371112823,0.16216447949409485,0.1663147360086441,0.16679391264915466,0.16191260516643524,0.33102232217788696,0.25606489181518555,0.267831027507782,0.27978235483169556,0.28144529461860657,0.2746216356754303,0.04005875810980797,0.0380413718521595,0.06993620097637177,0.014163456857204437,0.0380413718521595,0.8259393572807312
3250,0.18864911794662476,0.16283859312534332,0.16636498272418976,0.1601683795452118,0.16161054372787476,0.1603683978319168,0.33738434314727783,0.2660886347293854,0.2804865539073944,0.2531398832798004,0.25789809226989746,0.2544306516647339,0.60426926612854,0.7575989961624146,1.136871099472046,0.28115013241767883,0.3132617175579071,0.3484445810317993
3300,0.1806066483259201,0.1617870330810547,0.16575264930725098,0.15653231739997864,0.16000378131866455,0.17531754076480865,0.3282211422920227,0.268734872341156,0.2794913351535797,0.2514255940914154,0.27030110359191895,0.3181403875350952,0.8500663042068481,0.3484445810317993,0.22541265189647675,0.2519291043281555,1.0537006855010986,1.31326162815094
3350,0.1768249124288559,0.16812555491924286,0.15908165276050568,0.1549241840839386,0.1682007908821106,0.17284293472766876,0.34993571043014526,0.3157949447631836,0.2883457541465759,0.27530157566070557,0.315906286239624,0.32954907417297363,0.9293646812438965,0.012509570457041264,0.004620229359716177,0.011047745123505592,0.0015023101586848497,0.018149929121136665
3400,0.18877780437469482,0.18051426112651825,0.161763995885849,0.14332294464111328,0.1624576449394226,0.163163423538208,0.4152661859989166,0.3936000168323517,0.34101295471191406,0.27992701530456543,0.3404864966869354,0.3446713089942932,0.4740769863128662,0.5231232643127441,0.6931471824645996,0.575939416885376,0.42870068550109863,0.6325990557670593
3450,0.18528492748737335,0.17198406159877777,0.16283287107944489,0.14689037203788757,0.1649809628725052,0.16802683472633362,0.38040271401405334,0.34315621852874756,0.3158175051212311,0.26429858803749084,0.32237035036087036,0.33151715993881226,nan,nan,nan,nan,nan,nan
3500,0.18029916286468506,0.16579802334308624,0.17210279405117035,0.14838998019695282,0.16907377541065216,0.16433632373809814,0.3667518198490143,0.32115837931632996,0.3400689363479614,0.2729181945323944,0.33184921741485596,0.31778132915496826,0.435210645198822,0.02630019560456276,0.06993620097637177,0.6931471824645996,0.12692801654338837,0.12692801654338837
3550,0.18122921884059906,0.16628707945346832,0.16862577199935913,0.15066371858119965,0.17015355825424194,0.16304075717926025,0.36332520842552185,0.32030174136161804,0.3272848129272461,0.27096906304359436,0.33179453015327454,0.3104439973831177,nan,nan,nan,nan,nan,nan
3600,0.18163800239562988,0.16392575204372406,0.17492260038852692,0.15284132957458496,0.16643758118152618,0.1602347195148468,0.351913720369339,0.3005940318107605,0.3327344059944153,0.2659374177455902,0.30812129378318787,0.2893209159374237,0.05316908657550812,5.4222336984821595e-06,1.013004202832235e-05,2.5612855552026303e-06,1.3440409674103648e-08,4.139937814784389e-08
3650,0.18258295953273773,0.16370974481105804,0.17595721781253815,0.14645889401435852,0.1701601892709732,0.16113099455833435,0.36051300168037415,0.2979736328125,0.3338363766670227,0.24248796701431274,0.3168517053127289,0.2900514006614685,0.9078962206840515,0.05488218367099762,0.06993620097637177,0.018149929121136665,0.029750417917966843,0.04858735203742981
3700,0.18551146984100342,0.16058896481990814,0.17364540696144104,0.14383330941200256,0.17377546429634094,0.16264542937278748,0.33156323432922363,0.2594289183616638,0.2985125482082367,0.2043323814868927,0.29888686537742615,0.2657911479473114,nan,nan,nan,nan,nan,nan
3750,0.17632842063903809,0.15952129662036896,0.1786249279975891,0.15007548034191132,0.16744975745677948,0.16800019145011902,0.3194136619567871,0.2693282663822174,0.3258836567401886,0.23880872130393982,0.2935812175273895,0.29522213339805603,nan,nan,nan,nan,nan,nan
3800,0.17708204686641693,0.15415272116661072,0.17506511509418488,0.15755988657474518,0.1653793603181839,0.17076081037521362,0.30796781182289124,0.23932620882987976,0.3022971749305725,0.25014910101890564,0.2741242051124573,0.2899746000766754,2.738694820436649e-05,7.265816748258658e-08,3.689885659241554e-07,0.00013136042980477214,4.264837480150163e-05,5.6586241470313325e-08
3850,0.16996914148330688,0.16079740226268768,0.17228341102600098,0.1612158864736557,0.1652020514011383,0.17053213715553284,0.2945477068424225,0.26681187748908997,0.3013096749782562,0.2681114375591278,0.28032389283180237,0.29620110988616943,nan,nan,nan,nan,nan,nan
3900,0.16839636862277985,0.14957073330879211,0.16769813001155853,0.168249249458313,0.16884437203407288,0.17724117636680603,0.3440655767917633,0.2847900390625,0.34198805689811707,0.34362855553627014,0.3453940153121948,0.36966100335121155,nan,nan,nan,nan,nan,nan
3950,0.17634020745754242,0.15129271149635315,0.16418229043483734,0.1644638329744339,0.17234008014202118,0.1713809221982956,0.31978660821914673,0.24318724870681763,0.2840677499771118,0.28492435812950134,0.30831390619277954,0.3055233955383301,nan,nan,nan,nan,nan,nan
4000,0.18026772141456604,0.16681639850139618,0.15098024904727936,0.16030630469322205,0.16949409246444702,0.17213520407676697,0.33864617347717285,0.2998715341091156,0.24999916553497314,0.2799678146839142,0.3078336715698242,0.31556475162506104,nan,nan,nan,nan,nan,nan
4050,0.1854630559682846,0.16103586554527283,0.15372321009635925,0.16482803225517273,0.1642751693725586,0.17067468166351318,0.3671543598175049,0.3080722689628601,0.27396172285079956,0.3077892065048218,0.3063158094882965,0.3262155055999756,0.14083975553512573,1.2234445810317993,0.1128222793340683,0.04299908131361008,0.06196758896112442,0.16022413969039917
4100,0.18751278519630432,0.16735023260116577,0.14975666999816895,0.16294145584106445,0.16288886964321136,0.16954998672008514,0.3482826352119446,0.2919710874557495,0.2369852066040039,0.2787921130657196,0.27877306938171387,0.2984315752983093,0.0005572532536461949,0.000430649786721915,0.00015844876179471612,0.0040784431621432304,0.018149929121136665,5.8292964240536094e-05
4150,0.18562956154346466,0.1741623431444168,0.16003724932670593,0.16098488867282867,0.16082890331745148,0.15835705399513245,0.3551296293735504,0.32276487350463867,0.28054526448249817,0.2816043794155121,0.2818693518638611,0.2753209173679352,0.4285447597503662,0.3484445810317993,0.3132617175579071,0.12692801654338837,0.20141328871250153,0.3132617175579071
4200,0.18371450901031494,0.17280542850494385,0.1624031364917755,0.15808136761188507,0.16623392701148987,0.15676170587539673,0.35451439023017883,0.32237592339515686,0.2916441261768341,0.2782929837703705,0.30330970883369446,0.27425387501716614,0.18362101912498474,6.962280622246908e-06,9.516296813671943e-06,2.486225669784403e-09,0.012509570457041264,0.011047745123505592
4250,0.19268500804901123,0.17339834570884705,0.15390340983867645,0.16473136842250824,0.1541280746459961,0.1611538827419281,0.37774598598480225,0.3250133693218231,0.2653801739215851,0.29937562346458435,0.26610955595970154,0.2883974313735962,nan,nan,nan,nan,nan,nan
4300,0.18627020716667175,0.18019379675388336,0.15278252959251404,0.1671113520860672,0.15639354288578033,0.15724854171276093,0.3759973645210266,0.359414666891098,0.27690598368644714,0.32172834873199463,0.28858593106269836,0.29131200909614563,nan,nan,nan,nan,nan,nan
4350,0.17347721755504608,0.16284991800785065,0.1649264693260193,0.17011557519435883,0.16584903001785278,0.16278177499771118,0.36189576983451843,0.333542138338089,0.34170079231262207,0.3570350706577301,0.35071200132369995,0.32918354868888855,1.0193746089935303,1.31326162815094,1.5019291639328003,1.5019291639328003,2.1269280910491943,0.8981232643127441
4400,0.16329583525657654,0.16977636516094208,0.15885742008686066,0.16457301378250122,0.17957307398319244,0.16392427682876587,0.33685755729675293,0.3529766798019409,0.32032498717308044,0.3381249010562897,0.3808942139148712,0.33600056171417236,0.337799072265625,0.023245465010404587,0.04858735203742981,0.07888973504304886,0.0380413718521595,0.06196758896112442
4450,0.17631365358829498,0.15579447150230408,0.15581269562244415,0.15759769082069397,0.19311867654323578,0.16136282682418823,0.38572534918785095,0.32430046796798706,0.3243500292301178,0.32998788356781006,0.43060117959976196,0.34167540073394775,0.018981195986270905,0.0009702224051579833,0.00013983185635879636,7.484903471777216e-05,6.605432281503454e-05,0.00013983185635879636
4500,0.17736521363258362,0.15600046515464783,0.15654362738132477,0.1536407172679901,0.18655242025852203,0.16989751160144806,0.377479612827301,0.313303679227829,0.31504151225090027,0.30568256974220276,0.4027302861213684,0.3559718430042267,nan,nan,nan,nan,nan,nan
4550,0.1769731342792511,0.16004402935504913,0.15822480618953705,0.15101337432861328,0.1800815612077713,0.17366312444210052,0.37202513217926025,0.3217506408691406,0.31603458523750305,0.2927103638648987,0.38073110580444336,0.36258482933044434,nan,nan,nan,nan,nan,nan
4600,0.18156711757183075,0.15510810911655426,0.16360609233379364,0.14949262142181396,0.17772653698921204,0.17249943315982819,0.3851161301136017,0.30636459589004517,0.3330342471599579,0.28792697191238403,0.3744264841079712,0.3595004081726074,nan,nan,nan,nan,nan,nan
4650,0.18773700296878815,0.15979762375354767,0.15895362198352814,0.1503613293170929,0.17776945233345032,0.16538088023662567,0.3863944113254547,0.29867514967918396,0.29536983370780945,0.2719436287879944,0.35116222500801086,0.3149670660495758,0.884735107421875,0.08893946558237076,0.020541900768876076,0.42870068550109863,0.06196758896112442,0.018149929121136665
4700,0.19326072931289673,0.16223788261413574,0.1613186150789261,0.15179304778575897,0.17317716777324677,0.1582126021385193,0.39207151532173157,0.30529704689979553,0.30267271399497986,0.2727588415145874,0.33778488636016846,0.2933521270751953,0.04585900157690048,0.029750417917966843,0.04858735203742981,0.06993620097637177,0.04858735203742981,0.07888973504304886
4750,0.1966516375541687,0.15991012752056122,0.15537551045417786,0.15632298588752747,0.1761237382888794,0.15561598539352417,0.37954604625701904,0.27029186487197876,0.260033518075943,0.27457135915756226,0.32207781076431274,0.26329270005226135,1.2636762857437134,0.575939416885376,0.9740769863128662,2.1269280910491943,0.9740769863128662,1.2234445810317993
4800,0.1991771012544632,0.16595077514648438,0.16470719873905182,0.15537026524543762,0.1677474081516266,0.1470472812652588,0.3906124532222748,0.3001949191093445,0.29647159576416016,0.2675842344760895,0.30552515387535095,0.24033108353614807,0.007848300971090794,1.7603447304281872e-06,3.6534821390432626e-08,1.8189616479702408e-09,2.061153470123145e-09,3.850741947530878e-09
4850,0.1974259912967682,0.1640501618385315,0.16461977362632751,0.15202781558036804,0.1688372641801834,0.15303905308246613,0.3748827874660492,0.28228700160980225,0.2840200960636139,0.24423262476921082,0.29666855931282043,0.247547447681427,nan,nan,nan,nan,nan,nan
4900,0.19017700850963593,0.1662905067205429,0.16469214856624603,0.14809809625148773,0.16896484792232513,0.16177737712860107,0.3635457158088684,0.2999301850795746,0.2993006706237793,0.24257875978946686,0.3051723837852478,0.29139044880867004,0.6158379912376404,0.8981232643127441,1.31326162815094,0.8981232643127441,0.6325990557670593,1.4061501026153564
4950,0.18464040756225586,0.16429810225963593,0.16753961145877838,0.1478726714849472,0.16751667857170105,0.1681324988603592,0.3346390426158905,0.2762751877307892,0.28604382276535034,0.22360973060131073,0.2859754264354706,0.2878101170063019,nan,nan,nan,nan,nan,nan
5000,0.1858721822500229,0.18041594326496124,0.16266745328903198,0.1546587198972702,0.15910400450229645,0.15728165209293365,0.3456023037433624,0.33081603050231934,0.279558390378952,0.2545653283596039,0.2685936391353607,0.26289865374565125,0.003993075340986252,0.00017954407667275518,0.0004879761836491525,0.000296000944217667,0.000430649786721915,0.001170194591395557
5050,0.17730595171451569,0.15790680050849915,0.16745489835739136,0.15451766550540924,0.17320799827575684,0.16960665583610535,0.3582432270050049,0.3003073036670685,0.32966187596321106,0.2894590497016907,0.34655144810676575,0.3360458314418793,nan,nan,nan,nan,nan,nan
5100,0.1798100620508194,0.15419578552246094,0.16661415994167328,0.15633197128772736,0.17456145584583282,0.16848663985729218,0.3131764531135559,0.23790445923805237,0.27558907866477966,0.24382565915584564,0.2984497547149658,0.28089290857315063,0.00907565001398325,0.08893946558237076,0.023245465010404587,1.7603447304281872e-06,0.0028048569802194834,0.000430649786721915
5150,0.18931999802589417,0.15701475739479065,0.16239066421985626,0.15708696842193604,0.16838839650154114,0.16579918563365936,0.31424790620803833,0.2197977751493454,0.23646199703216553,0.22002534568309784,0.25441476702690125,0.25081783533096313,0.18362152576446533,1.287896111534792e-06,4.737906635909894e-07,4.406940945500537e-08,2.536019110266352e-07,0.4073510468006134
5200,0.18170781433582306,0.14864757657051086,0.1650637835264206,0.1525401473045349,0.16420134902000427,0.1878392994403839,0.2978440821170807,0.199028879404068,0.2498757243156433,0.21066564321517944,0.2470415085554123,0.3136346638202667,0.06777124851942062,0.12692801654338837,0.02630019560456276,0.011047745123505592,0.0021851020865142345,0.0040784431621432304
5250,0.19116908311843872,0.14462028443813324,0.17408542335033417,0.15438763797283173,0.1574690192937851,0.17826849222183228,0.3339272439479828,0.19440388679504395,0.2871211767196655,0.22708138823509216,0.2369624823331833,0.2989935278892517,nan,nan,nan,nan,nan,nan
5300,0.19147630035877228,0.14633554220199585,0.17214317619800568,0.15170986950397491,0.15833216905593872,0.18000298738479614,0.3094644844532013,0.1750335544347763,0.2562457323074341,0.19306743144989014,0.2144300490617752,0.27856919169425964,nan,nan,nan,nan,nan,nan
5350,0.18802787363529205,0.14320600032806396,0.18430538475513458,0.15668682754039764,0.15660639107227325,0.17116746306419373,0.31973135471343994,0.18357834219932556,0.3097332715988159,0.22856077551841736,0.22830405831336975,0.2727574408054352,nan,nan,nan,nan,nan,nan
5400,0.18816067278385162,0.15253058075904846,0.17160242795944214,0.15673385560512543,0.15901368856430054,0.1719588041305542,0.32061320543289185,0.21665063500404358,0.2749611437320709,0.2300981730222702,0.23724664747714996,0.2759876251220703,0.005524391774088144,0.0008562671137042344,5.4761268984293565e-05,5.368751203604916e-07,1.3846100955561269e-05,8.398106729146093e-06
5450,0.18641258776187897,0.15226197242736816,0.16415570676326752,0.15759262442588806,0.1604968160390854,0.1790803223848343,0.30369818210601807,0.20245137810707092,0.23917321860790253,0.22116801142692566,0.23565497994422913,0.2830547094345093,0.220687136054039,0.1128222793340683,0.06196758896112442,0.28115013241767883,0.8259393572807312,0.14267505705356598
5500,0.19191254675388336,0.15310266613960266,0.15627416968345642,0.15056106448173523,0.16486360132694244,0.1832859218120575,0.3336627781391144,0.22069725394248962,0.23094885051250458,0.2123272716999054,0.257702112197876,0.310666561126709,nan,nan,nan,nan,nan,nan
5550,0.20727655291557312,0.1499749720096588,0.16116632521152496,0.14679154753684998,0.1610756814479828,0.17371498048305511,0.37471702694892883,0.21467924118041992,0.2501262426376343,0.20389443635940552,0.2498444765806198,0.28901025652885437,0.006839882582426071,0.020541900768876076,0.0028048569802194834,0.0040784431621432304,0.0024756852071732283,0.1797446310520172
5600,0.19797758758068085,0.1462237536907196,0.1676299273967743,0.14368583261966705,0.17051753401756287,0.1739654541015625,0.34276431798934937,0.19125641882419586,0.2595667839050293,0.18250200152397156,0.2681064307689667,0.27811577916145325,nan,nan,nan,nan,nan,nan
5650,0.1941935420036316,0.1426529735326767,0.1636066436767578,0.14660871028900146,0.17617769539356232,0.17676037549972534,0.3287477195262909,0.17452754080295563,0.24305257201194763,0.18820367753505707,0.2800666391849518,0.28171759843826294,nan,nan,nan,nan,nan,nan
5700,0.18551850318908691,0.1544393002986908,0.16324257850646973,0.14689938724040985,0.17749641835689545,0.17240379750728607,0.2981925904750824,0.20732609927654266,0.23476684093475342,0.1825495958328247,0.27620479464530945,0.26179489493370056,0.010673155076801777,1.8925327822216786e-05,6.144193321233615e-06,9.422450375495828e-07,3.2887544421100756e-06,7.889293556218036e-06
5750,0.18837997317314148,0.15998472273349762,0.1615004688501358,0.1533956080675125,0.16730323433876038,0.1694359928369522,0.3097131550312042,0.22885942459106445,0.22791780531406403,0.1971578299999237,0.24105863273143768,0.24769964814186096,1.1348021030426025,1.136871099472046,0.575939416885376,0.04858735203742981,0.14267505705356598,0.1797446310520172
5800,0.193284273147583,0.15814568102359772,0.1647515445947647,0.1515982449054718,0.16386675834655762,0.16835354268550873,0.29755714535713196,0.20322905480861664,0.20647160708904266,0.1700257658958435,0.2042357325553894,0.2171802967786789,1.2022731304168701,1.7014132738113403,3.120239853160456e-05,0.4740769863128662,0.04299908131361008,0.00033540636650286615
5850,0.19455589354038239,0.15920113027095795,0.16397759318351746,0.1530187875032425,0.16690543293952942,0.1623411774635315,0.28442320227622986,0.1841476410627365,0.1989283561706543,0.16434378921985626,0.20777715742588043,0.1939135640859604,nan,nan,nan,nan,nan,nan
5900,0.19146235287189484,0.15217238664627075,0.17621350288391113,0.15330344438552856,0.1688234806060791,0.158024862408638,0.27043747901916504,0.15559890866279602,0.22894008457660675,0.1593015342950821,0.20751871168613434,0.17446807026863098,nan,nan,nan,nan,nan,nan
5950,0.19409245252609253,0.15641997754573822,0.1898256093263626,0.15456914901733398,0.1696191281080246,0.13547375798225403,0.340120404958725,0.23222540318965912,0.32900601625442505,0.22627386450767517,0.27273085713386536,0.16034208238124847,nan,nan,nan,nan,nan,nan
6000,0.1992771178483963,0.1512119323015213,0.17159447073936462,0.1500156968832016,0.18699337542057037,0.1409074366092682,0.3791218101978302,0.2411147803068161,0.30434057116508484,0.23714356124401093,0.3473101854324341,0.20582522451877594,nan,nan,nan,nan,nan,nan
6050,0.20101067423820496,0.15365375578403473,0.1708240956068039,0.1575852334499359,0.17720074951648712,0.1397254467010498,0.409630686044693,0.2763412892818451,0.3275560736656189,0.2892592251300812,0.34620630741119385,0.23463445901870728,0.19067850708961487,0.1602242887020111,0.038041409105062485,0.20141346752643585,0.08893955498933792,0.6931476593017578
6100,0.20101633667945862,0.15519380569458008,0.17161959409713745,0.15613773465156555,0.16990889608860016,0.14612358808517456,0.3845818042755127,0.2552260756492615,0.3055289089679718,0.2582579553127289,0.3005198836326599,0.2251150906085968,nan,nan,nan,nan,nan,nan
6150,0.19212199747562408,0.16028118133544922,0.17822416126728058,0.15870597958564758,0.15813539922237396,0.15253135561943054,0.3613138198852539,0.27071335911750793,0.32376959919929504,0.2657751739025116,0.2639743387699127,0.2459336370229721,nan,nan,nan,nan,nan,nan
6200,0.19098132848739624,0.16155022382736206,0.1716383695602417,0.15218882262706757,0.16053929924964905,0.16310200095176697,0.35022565722465515,0.26762130856513977,0.3042736053466797,0.2356308102607727,0.2645140290260315,0.279021680355072,0.36300304532051086,0.3868710398674011,1.0537006855010986,0.14267505705356598,0.3868710398674011,1.0537006855010986
6250,0.18730458617210388,0.16253159940242767,0.1704607605934143,0.1485925018787384,0.16178768873214722,0.16932286322116852,0.34683606028556824,0.27590423822402954,0.2997205853462219,0.2310718446969986,0.2736104428768158,0.2963716685771942,nan,nan,nan,nan,nan,nan
6300,0.17058153450489044,0.1579979956150055,0.16846486926078796,0.1447470486164093,0.1734643280506134,0.18474428355693817,0.3303958773612976,0.29246267676353455,0.3317900002002716,0.24910315871238708,0.33869031071662903,0.3698810338973999,0.00012033166422042996,4.006448943982832e-05,0.7575989961624146,1.8925327822216786e-05,1.1478834494482726e-05,0.0005529314512386918
6350,0.18237078189849854,0.15409211814403534,0.1648724526166916,0.14435361325740814,0.16638866066932678,0.1879223734140396,0.3577090799808502,0.2734634578227997,0.3072742521762848,0.24082107841968536,0.3118513524532318,0.37270262837409973,nan,nan,nan,nan,nan,nan
6400,0.18534760177135468,0.1559058576822281,0.15965452790260315,0.1467168629169464,0.1636020988225937,0.188773050904274,0.3416854739189148,0.25519514083862305,0.26707515120506287,0.2248213142156601,0.2792876064777374,0.3508417308330536,nan,nan,nan,nan,nan,nan
6450,0.1799916923046112,0.15541724860668182,0.15768225491046906,0.1519952416419983,0.1693844050168991,0.18552914261817932,0.32254621386528015,0.24914759397506714,0.2563818395137787,0.23801547288894653,0.2921762466430664,0.3376968502998352,nan,nan,nan,nan,nan,nan
6500,0.18184971809387207,0.15159374475479126,0.15692003071308136,0.1573202908039093,0.1727885603904724,0.17952768504619598,0.2941117286682129,0.20312350988388062,0.22038957476615906,0.22166331112384796,0.26855576038360596,0.28768613934516907,nan,nan,nan,nan,nan,nan
6550,0.18544746935367584,0.1546345204114914,0.15925146639347076,0.14894209802150726,0.1648152470588684,0.18690919876098633,0.33709222078323364,0.24715662002563477,0.261697918176651,0.22856900095939636,0.2786964476108551,0.3409663140773773,0.0012379353865981102,0.0021851020865142345,2.1445179299917072e-05,7.889293556218036e-06,8.939736289903522e-06,4.785106284543872e-06
6600,0.19608204066753387,0.1515302062034607,0.16367493569850922,0.14843828976154327,0.16679726541042328,0.1734772026538849,0.36011916399002075,0.23253391683101654,0.27069705724716187,0.22232912480831146,0.2800537347793579,0.2994880676269531,1.0214102985628415e-05,2.1445179299917072e-05,1.3007213055971079e-05,1.3007213055971079e-05,0.000296000944217667,4.222842107992619e-06
6650,0.19012819230556488,0.1526932567358017,0.161609947681427,0.15009799599647522,0.17404530942440033,0.17142528295516968,0.3847719728946686,0.2751382291316986,0.30351555347442627,0.2665669322013855,0.340580552816391,0.3329964876174927,nan,nan,nan,nan,nan,nan
6700,0.19180142879486084,0.16149702668190002,0.16172026097774506,0.1488344818353653,0.16784119606018066,0.16830557584762573,0.391806423664093,0.3058195114135742,0.3065101206302643,0.2649935483932495,0.32508525252342224,0.32646676898002625,nan,nan,nan,nan,nan,nan
6750,0.19689449667930603,0.15813256800174713,0.16092529892921448,0.15023338794708252,0.16825443506240845,0.16555988788604736,0.3814737796783447,0.27416330575942993,0.2917638123035431,0.24781514704227448,0.3033319413661957,0.2965504825115204,0.039168886840343475,0.16022413969039917,1.0537006855010986,0.06196758896112442,0.005928608123213053,0.12692801654338837
6800,0.21099475026130676,0.16054482758045197,0.15759770572185516,0.15274016559123993,0.1638072431087494,0.1543152779340744,0.40115606784820557,0.2658923268318176,0.2567211985588074,0.24122735857963562,0.2758503258228302,0.2463025152683258,1.0758076030015218e-07,5.715006068385264e-07,8.764247638737288e-08,0.00033540636650286615,5.715006068385264e-07,1.4449801710725296e-07
6850,0.21161553263664246,0.15550576150417328,0.158783420920372,0.15101784467697144,0.16852761805057526,0.15454985201358795,0.3957276940345764,0.24168354272842407,0.2521127164363861,0.22704115509986877,0.28189197182655334,0.238600492477417,nan,nan,nan,nan,nan,nan
6900,0.20379075407981873,0.1529969722032547,0.1582297533750534,0.1457054615020752,0.17379902303218842,0.1654779314994812,0.3825374245643616,0.23937104642391205,0.2574329376220703,0.21531309187412262,0.30276018381118774,0.27826324105262756,0.12736697494983673,0.001170194591395557,0.14267505705356598,0.012509570457041264,0.029750417917966843,0.00861448422074318
6950,0.20151332020759583,0.15128132700920105,0.1534070372581482,0.15925651788711548,0.1718292236328125,0.16271260380744934,0.3429052233695984,0.20098118484020233,0.20788854360580444,0.226411834359169,0.26402440667152405,0.23704048991203308,4.814628482563421e-05,1.2751904421293148e-07,3.535687574185431e-05,1.3440409674103648e-08,8.939736289903522e-06,0.00013983185635879636
7000,0.20882968604564667,0.1510773003101349,0.15427479147911072,0.1573641300201416,0.1689426153898239,0.1595115065574646,0.3313993513584137,0.16953568160533905,0.18000753223896027,0.1899210661649704,0.22541937232017517,0.19669784605503082,nan,nan,nan,nan,nan,nan
7050,0.1981397122144699,0.15187223255634308,0.16623519361019135,0.15319028496742249,0.16417300701141357,0.16638951003551483,0.28857770562171936,0.1556113213300705,0.2007932960987091,0.15993191301822662,0.19455188512802124,0.20125722885131836,nan,nan,nan,nan,nan,nan
7100,0.18525570631027222,0.1677512228488922,0.17860953509807587,0.15392754971981049,0.15458641946315765,0.15986953675746918,0.2592582404613495,0.21012675762176514,0.2411731332540512,0.16755671799182892,0.16967101395130157,0.18630538880825043,2.541056710470002e-05,2.6995780899596866e-07,1.0815941892117209e-11,1.2501528701136522e-09,9.545034901359273e-12,1.3887944613766301e-11
7150,0.19348929822444916,0.16374482214450836,0.16606537997722626,0.14559446275234222,0.1622861921787262,0.16881977021694183,0.325791597366333,0.24265867471694946,0.25102314352989197,0.18448631465435028,0.23909080028533936,0.25777101516723633,0.05390632525086403,0.0028048569802194834,0.14267505705356598,0.0010327640920877457,0.08893946558237076,0.0031777266412973404
7200,0.18684127926826477,0.17101669311523438,0.16926652193069458,0.1367107629776001,0.1645595282316208,0.17160512506961823,0.3225484788417816,0.27829933166503906,0.27315598726272583,0.16635248064994812,0.25905492901802063,0.28001677989959717,nan,nan,nan,nan,nan,nan
7250,0.18680144846439362,0.17239080369472504,0.16800153255462646,0.1393081694841385,0.16838505864143372,0.16511301696300507,0.3066025972366333,0.26646146178245544,0.2535659968852997,0.1599237322807312,0.25470614433288574,0.24489456415176392,nan,nan,nan,nan,nan,nan
7300,0.18468093872070312,0.1807374507188797,0.16597002744674683,0.13649553060531616,0.17285630106925964,0.15925975143909454,0.3314930498600006,0.3101348280906677,0.2679370939731598,0.17120715975761414,0.2880415916442871,0.24747389554977417,1.0714812278747559,0.0040784431621432304,0.0036000751424580812,0.00861448422074318,0.0017021704697981477,0.00017954407667275518
7350,0.18714408576488495,0.17346012592315674,0.1635594666004181,0.1465885043144226,0.169269859790802,0.15997792780399323,0.3218305706977844,0.2838650643825531,0.25447946786880493,0.1997057944536209,0.27163830399513245,0.24340908229351044,nan,nan,nan,nan,nan,nan
7400,0.1907239854335785,0.17125800251960754,0.16254638135433197,0.14775265753269196,0.16850706934928894,0.1592118740081787,0.2970386743545532,0.2437470257282257,0.21792542934417725,0.1706688106060028,0.23573066294193268,0.20764341950416565,0.0002469275495968759,5.8292964240536094e-05,0.0021851020865142345,6.475950158346677e-07,1.9947317468904657e-06,6.475950158346677e-07
7450,0.19083541631698608,0.17246466875076294,0.16071544587612152,0.14724081754684448,0.1738400161266327,0.1549035906791687,0.2994365692138672,0.2473866194486618,0.21187742054462433,0.16833855211734772,0.250689834356308,0.1934516578912735,0.27354758977890015,0.07888973504304886,0.020541900768876076,0.001170194591395557,0.016034256666898727,0.001170194591395557
7500,0.17972581088542938,0.18233171105384827,0.17651227116584778,0.1491217464208603,0.1643037647008896,0.1480046659708023,0.26121053099632263,0.2684081196784973,0.2521894872188568,0.16787584125995636,0.21635276079177856,0.16411623358726501,nan,nan,nan,nan,nan,nan
7550,0.17200608551502228,0.1708773970603943,0.19276964664459229,0.14901059865951538,0.16302579641342163,0.15231046080589294,0.24287740886211395,0.25050270557403564,0.3036975860595703,0.1659141182899475,0.2112068384885788,0.17797772586345673,0.6130030155181885,1.7014132738113403,1.0537006855010986,0.020541900768876076,0.10020655393600464,0.14267505705356598
7600,0.16579969227313995,0.17171333730220795,0.19932197034358978,0.15312133729457855,0.1612505316734314,0.1487930715084076,0.2503734529018402,0.26789650321006775,0.3424440026283264,0.21059860289096832,0.23646289110183716,0.19626156985759735,nan,nan,nan,nan,nan,nan
7650,0.16582661867141724,0.16722868382930756,0.17846041917800903,0.17202158272266388,0.16453887522220612,0.15192373096942902,0.24948079884052277,0.2536484897136688,0.2858257293701172,0.2676360309123993,0.24562186002731323,0.20613659918308258,2.039398339093168e-07,2.123380681950948e-06,2.8172628674383304e-09,9.833214242860322e-09,3.2563127660978353e-07,4.6448813684207835e-09
7700,0.16934682428836823,0.16760888695716858,0.1701267808675766,0.16856317222118378,0.172422394156456,0.15193192660808563,0.22427602112293243,0.21701069176197052,0.22439146041870117,0.21848580241203308,0.22902172803878784,0.16627079248428345,0.529173731803894,0.3132617175579071,0.3132617175579071,0.1797446310520172,0.1128222793340683,0.10020655393600464
7750,0.1826551854610443,0.16421349346637726,0.16419778764247894,0.16498272120952606,0.1723305881023407,0.1516202688217163,0.24772773683071136,0.19451136887073517,0.19446352124214172,0.1968480348587036,0.21863500773906708,0.15461722016334534,nan,nan,nan,nan,nan,nan
7800,0.18244290351867676,0.1659058928489685,0.1642574667930603,0.17238064110279083,0.1670956015586853,0.14791752398014069,0.26294055581092834,0.2154323011636734,0.2104395031929016,0.23457443714141846,0.21900497376918793,0.1580493152141571,nan,nan,nan,nan,nan,nan
7850,0.18073050677776337,0.1568172127008438,0.17357705533504486,0.15623390674591064,0.180745467543602,0.15189583599567413,0.29599234461784363,0.22573895752429962,0.27600422501564026,0.22389431297779083,0.2960333228111267,0.20995542407035828,6.489649706509226e-08,2.998960857425459e-09,0.0002612244279589504,1.9947317468904657e-06,1.8189616479702408e-09,2.998960857425459e-09
7900,0.18546275794506073,0.15910394489765167,0.16849693655967712,0.15805582702159882,0.18160416185855865,0.1472763866186142,0.3281915783882141,0.25154340267181396,0.2802233397960663,0.248238667845726,0.317679226398468,0.21291999518871307,nan,nan,nan,nan,nan,nan
7950,0.18985171616077423,0.15500280261039734,0.16609445214271545,0.16791360080242157,0.1724356859922409,0.14870165288448334,0.3324988782405853,0.22923310101032257,0.2634444236755371,0.2688363194465637,0.28199076652526855,0.20869001746177673,0.2879701852798462,1.4449801710725296e-07,1.6701560525689274e-05,1.013004202832235e-05,3.224186784223093e-08,1.4449801710725296e-07
8000,0.18896594643592834,0.15278027951717377,0.1723514348268509,0.1608341634273529,0.17363016307353973,0.15143795311450958,0.3067966401576996,0.20157596468925476,0.261240690946579,0.22700557112693787,0.26489973068237305,0.1972077190876007,4.8658450396033004e-05,5.043475539423525e-07,1.2751904421293148e-07,4.450851349702134e-07,8.315283821502817e-07,4.785106284543872e-06
8050,0.19330602884292603,0.1541098952293396,0.1581668108701706,0.16911140084266663,0.17735005915164948,0.1479557305574417,0.3247542679309845,0.20700784027576447,0.2240810990333557,0.2597958743572235,0.2765353322029114,0.19187790155410767,1.1901135444641113,0.6325990557670593,1.0537006855010986,1.31326162815094,0.6325990557670593,1.136871099472046
8100,0.18950623273849487,0.15481950342655182,0.15312333405017853,0.16873370110988617,0.1852220892906189,0.14859510958194733,0.3111583888530731,0.2100774049758911,0.2045692652463913,0.25310832262039185,0.299725204706192,0.18956004083156586,nan,nan,nan,nan,nan,nan
8150,0.18816421926021576,0.15840812027454376,0.15274246037006378,0.16700035333633423,0.18448768556118011,0.14919714629650116,0.31871265172958374,0.2335023581981659,0.21717098355293274,0.259648859500885,0.3089451789855957,0.20384949445724487,8.433782204519957e-05,1.6212228004519602e-08,0.16972708702087402,3.0894991596142063e-06,9.02844694792293e-05,7.031431596260518e-05
8200,0.1830909252166748,0.15660718083381653,0.1567544937133789,0.1652318686246872,0.18715253472328186,0.15116296708583832,0.32061296701431274,0.24327301979064941,0.24373845756053925,0.2698095738887787,0.33147379755973816,0.225758895277977,1.5173442946547766e-08,1.5893911187170318e-10,1.5893911187170318e-10,4.099093509069007e-09,2.8736857871081156e-07,1.5893911187170318e-10
8250,0.1837821900844574,0.1568278819322586,0.16217903792858124,0.1643640547990799,0.17880357801914215,0.15404318273067474,0.2693086862564087,0.1900075078010559,0.2067834734916687,0.21347492933273315,0.2555769681930542,0.18104952573776245,nan,nan,nan,nan,nan,nan
8300,0.17892707884311676,0.15999676287174225,0.17627455294132233,0.15966612100601196,0.16890965402126312,0.15622583031654358,0.26398375630378723,0.20807141065597534,0.2565159499645233,0.20703701674938202,0.23517656326293945,0.19614586234092712,nan,nan,nan,nan,nan,nan
8350,0.17483827471733093,0.16327986121177673,0.17335794866085052,0.15192390978336334,0.18262700736522675,0.15397290885448456,0.2819034457206726,0.2477055937051773,0.27765199542045593,0.2116626501083374,0.3036956787109375,0.21836107969284058,nan,nan,nan,nan,nan,nan
8400,0.1750437468290329,0.1603536456823349,0.16371798515319824,0.15542426705360413,0.18028289079666138,0.16517753899097443,0.27715247869491577,0.23358473181724548,0.24386273324489594,0.21812930703163147,0.291574090719223,0.24825651943683624,0.01788896881043911,2.260326937175705e-06,4.05865202557365e-10,1.7257828943684217e-08,0.00023053328914102167,3.535687574185431e-05
8450,0.17926035821437836,0.14982545375823975,0.1634027361869812,0.16721174120903015,0.18314656615257263,0.1571531593799591,0.28120383620262146,0.19151969254016876,0.23489315807819366,0.2464146763086319,0.2919275760650635,0.21539461612701416,nan,nan,nan,nan,nan,nan
8500,0.17044146358966827,0.1591181755065918,0.18888479471206665,0.16648587584495544,0.1657896488904953,0.14928001165390015,0.27525046467781067,0.24100683629512787,0.325894832611084,0.2634124457836151,0.2613379955291748,0.20941434800624847,0.021500011906027794,9.422450375495828e-07,4.006448943982832e-05,3.120239853160456e-05,2.1445179299917072e-05,7.889293556218036e-06
8550,0.1674417108297348,0.153834268450737,0.18516166508197784,0.16180916130542755,0.17338265478610992,0.15837053954601288,0.2717244327068329,0.22934472560882568,0.3220214545726776,0.2546156048774719,0.28915733098983765,0.24387553334236145,nan,nan,nan,nan,nan,nan
8600,0.17280243337154388,0.1524392068386078,0.18186324834823608,0.15832208096981049,0.16983266174793243,0.16474038362503052,0.2544390559196472,0.19269077479839325,0.281523197889328,0.21465128660202026,0.24494917690753937,0.22911912202835083,0.16978095471858978,0.20141328871250153,0.3484445810317993,0.5231232643127441,0.07888973504304886,0.0028048569802194834
8650,0.17487424612045288,0.16397377848625183,0.18258027732372284,0.16360358893871307,0.15409083664417267,0.16087724268436432,0.3134927451610565,0.2813124656677246,0.3350541889667511,0.2801823914051056,0.2502303719520569,0.2717800438404083,nan,nan,nan,nan,nan,nan
8700,0.17674648761749268,0.1625996083021164,0.16944082081317902,0.16246141493320465,0.15927834808826447,0.16947336494922638,0.28741639852523804,0.24548567831516266,0.26588717103004456,0.24506480991840363,0.24840274453163147,0.26799526810646057,0.06350143253803253,1.7603447304281872e-06,0.00010890284465858713,1.2098664683435345e-06,1.31326162815094,0.20141328871250153
8750,0.18357689678668976,0.1666954755783081,0.16409102082252502,0.1695334017276764,0.15516947209835052,0.16093367338180542,0.31201568245887756,0.26426565647125244,0.25647056102752686,0.272621750831604,0.22879837453365326,0.24685323238372803,1.5086541225173278e-06,1.7231721358257346e-05,7.823256487071717e-10,1.6561834126349595e-09,2.286290801123414e-08,7.042271477075701e-08
8800,0.1774766743183136,0.15876580774784088,0.1641833633184433,0.1833539605140686,0.16066496074199677,0.15555526316165924,0.2756475806236267,0.21906602382659912,0.23526108264923096,0.28991612792015076,0.22452425956726074,0.20852512121200562,0.1864062249660492,0.04299908131361008,0.0015991234686225653,0.000588582013733685,0.00021656748140230775,0.00014884956181049347
8850,0.1749393343925476,0.1609397828578949,0.16097690165042877,0.18682803213596344,0.16001585125923157,0.15630002319812775,0.2803857922554016,0.23868131637573242,0.2387966364622116,0.3132604658603668,0.23580260574817657,0.22405485808849335,nan,nan,nan,nan,nan,nan
8900,0.17387261986732483,0.1621759831905365,0.16319817304611206,0.17996376752853394,0.16172483563423157,0.15906457602977753,0.2887789011001587,0.25395843386650085,0.25710001587867737,0.3059951663017273,0.25256556272506714,0.24427253007888794,nan,nan,nan,nan,nan,nan
8950,0.1748523861169815,0.1614530384540558,0.16459552943706512,0.17428648471832275,0.1623443067073822,0.16246828436851501,0.26191920042037964,0.22205528616905212,0.23169369995594025,0.26029837131500244,0.22480788826942444,0.22518955171108246,nan,nan,nan,nan,nan,nan
9000,0.18157565593719482,0.16603022813796997,0.16256289184093475,0.1725381463766098,0.15550389885902405,0.1617891490459442,0.274856835603714,0.23055309057235718,0.22010619938373566,0.2495850771665573,0.19813105463981628,0.21774448454380035,1.3632376294481219e-06,2.151006976702785e-11,6.144193321233615e-06,3.028842954222455e-08,2.2671443715427397e-12,3.2986755688080294e-12
9050,0.18589074909687042,0.16424822807312012,0.16255484521389008,0.16948936879634857,0.15717536211013794,0.16064143180847168,0.2544601559638977,0.1925700306892395,0.1873883455991745,0.2082756906747818,0.17056165635585785,0.1814679652452469,nan,nan,nan,nan,nan,nan
9100,0.19843731820583344,0.1708676666021347,0.14625754952430725,0.1640537530183792,0.1671116054058075,0.1532721370458603,0.31810688972473145,0.2433149516582489,0.16555483639240265,0.22296731173992157,0.2322012037038803,0.18897777795791626,nan,nan,nan,nan,nan,nan
9150,0.19773975014686584,0.17217831313610077,0.15230059623718262,0.1609591692686081,0.16334658861160278,0.15347567200660706,0.29305753111839294,0.22384697198867798,0.1625097543001175,0.1901569962501526,0.1975187361240387,0.16635267436504364,nan,nan,nan,nan,nan,nan
9200,0.21603381633758545,0.17161022126674652,0.14848124980926514,0.15253479778766632,0.15883994102478027,0.15249992907047272,0.34463486075401306,0.22953027486801147,0.15714670717716217,0.17061375081539154,0.19086593389511108,0.17049945890903473,nan,nan,nan,nan,nan,nan
9250,0.21224896609783173,0.17130576074123383,0.1490887850522995,0.156042218208313,0.15626420080661774,0.1550501137971878,0.3233538866043091,0.2114029973745346,0.14029978215694427,0.16488678753376007,0.1634783148765564,0.16240255534648895,0.9000082015991211,0.3132617175579071,0.07888973504304886,0.28115013241767883,0.06993620097637177,0.3484445810317993
9300,0.2175694853067398,0.17233940958976746,0.15588881075382233,0.14731277525424957,0.1492910236120224,0.15759849548339844,0.3428562879562378,0.22633007168769836,0.17616863548755646,0.14787617325782776,0.15454591810703278,0.1816224753856659,nan,nan,nan,nan,nan,nan
9350,0.2068631500005722,0.1729171872138977,0.16639681160449982,0.1477045863866806,0.14702312648296356,0.15909500420093536,0.323202520608902,0.22585216164588928,0.22639235854148865,0.14536581933498383,0.1462247669696808,0.18292981386184692,1.1435761451721191,0.28115013241767883,2.2378222942352295,0.03364570066332817,0.3484445810317993,0.1128222793340683
9400,0.19398319721221924,0.16610050201416016,0.1783255934715271,0.1491742730140686,0.15037977695465088,0.16203662753105164,0.27352818846702576,0.19666162133216858,0.23181600868701935,0.14350181818008423,0.14744271337985992,0.18439872562885284,0.005489691160619259,0.00016866697114892304,0.00021656748140230775,0.004340910352766514,1.7778711480787024e-05,2.5867766453302465e-05
9450,0.1941070556640625,0.17601247131824493,0.16731305420398712,0.14510822296142578,0.1568164974451065,0.16064275801181793,0.2967037260532379,0.24809329211711884,0.2241227775812149,0.15253786742687225,0.19205158948898315,0.20323657989501953,0.018028054386377335,0.000804409384727478,0.1128222793340683,0.0024756852071732283,0.1128222793340683,0.0380413718521595
9500,0.20583926141262054,0.16076093912124634,0.16550056636333466,0.15329819917678833,0.154572531580925,0.16002848744392395,0.317516952753067,0.19514304399490356,0.20952558517456055,0.171616330742836,0.1757165491580963,0.19288213551044464,0.002170845866203308,4.8326808609999716e-05,2.2828258806839585e-05,0.00027806960861198604,0.0005194397526793182,1.4593773585147574e-06
9550,0.21009421348571777,0.16599498689174652,0.161804661154747,0.15469884872436523,0.15215808153152466,0.1552491933107376,0.30358028411865234,0.1878078132867813,0.17557646334171295,0.15192759037017822,0.14374689757823944,0.15380245447158813,0.015329750254750252,0.10020655393600464,0.14267505705356598,0.000804409384727478,0.0024756852071732283,0.012509570457041264
9600,0.19865143299102783,0.1643979251384735,0.17412419617176056,0.1551744043827057,0.14980991184711456,0.157842218875885,0.2757079005241394,0.18107697367668152,0.20981645584106445,0.1522069126367569,0.1346156895160675,0.1607300043106079,nan,nan,nan,nan,nan,nan
9650,0.18903964757919312,0.16485652327537537,0.1646624356508255,0.15542685985565186,0.1589287668466568,0.1670856475830078,0.2718668282032013,0.20342618227005005,0.20283719897270203,0.1739760786294937,0.1851164996623993,0.21014173328876495,nan,nan,nan,nan,nan,nan
9700,0.1851273775100708,0.16920852661132812,0.1812329739332199,0.14789453148841858,0.15366534888744354,0.16287122666835785,0.25645607709884644,0.21149994432926178,0.24582570791244507,0.1441837102174759,0.16332262754440308,0.19241397082805634,nan,nan,nan,nan,nan,nan
9750,0.19268304109573364,0.18776319921016693,0.16841007769107819,0.14730766415596008,0.14698515832424164,0.15685085952281952,0.29250264167785645,0.2797025740146637,0.22585327923297882,0.15958334505558014,0.15849842131137848,0.19065549969673157,2.916993798862677e-05,0.00033540636650286615,1.8553913605501293e-07,3.466327029855165e-07,1.2751904421293148e-07,1.8553913605501293e-07
9800,0.19303712248802185,0.18467669188976288,0.16474980115890503,0.1417999118566513,0.15660303831100464,0.15913347899913788,0.3092646896839142,0.287126749753952,0.23003742098808289,0.1550319343805313,0.20468054711818695,0.21269509196281433,nan,nan,nan,nan,nan,nan
9850,0.19138206541538239,0.17667362093925476,0.1661723107099533,0.14181052148342133,0.15839819610118866,0.16556334495544434,0.2972298860549927,0.2572460472583771,0.22660665214061737,0.14733992516994476,0.2026500552892685,0.22477097809314728,nan,nan,nan,nan,nan,nan
9900,0.2025078982114792,0.18977756798267365,0.15179374814033508,0.14129860699176788,0.15087200701236725,0.16375021636486053,0.3447304666042328,0.31226736307144165,0.20060236752033234,0.16477873921394348,0.19755692780017853,0.23851211369037628,nan,nan,nan,nan,nan,nan
9950,0.1960873007774353,0.20259717106819153,0.14816775918006897,0.14106354117393494,0.1487860381603241,0.16329817473888397,0.32143327593803406,0.3333131968975067,0.18122540414333344,0.1540389508008957,0.18093043565750122,0.22687317430973053,0.4986001253128052,0.06993620097637177,0.3484445810317993,0.06196758896112442,0.1128222793340683,0.10020655393600464
10000,0.19222335517406464,0.1909458488225937,0.15386489033699036,0.14840151369571686,0.14997057616710663,0.16459380090236664,0.30196264386177063,0.298628568649292,0.19067108631134033,0.17259444296360016,0.17785318195819855,0.2243739664554596,nan,nan,nan,nan,nan,nan
10050,0.19016775488853455,0.1874280869960785,0.14839521050453186,0.1647670716047287,0.15646128356456757,0.15278056263923645,0.34240448474884033,0.3352212905883789,0.21963083744049072,0.27143439650535583,0.24583092331886292,0.23404699563980103,1.8657952978173853e-06,1.4449801710725296e-07,2.4616969573898473e-10,1.3709582162846345e-06,1.1861120086109622e-08,1.1253516873921399e-07
10100,0.18145164847373962,0.20061159133911133,0.14700601994991302,0.16754497587680817,0.15774904191493988,0.1456366926431656,0.3531476855278015,0.40333837270736694,0.24788980185985565,0.3132789731025696,0.28315576910972595,0.243210569024086,nan,nan,nan,nan,nan,nan
10150,0.1899893879890442,0.18990878760814667,0.15188738703727722,0.15851126611232758,0.15842752158641815,0.1512756049633026,0.35124602913856506,0.35103386640548706,0.23933158814907074,0.26067477464675903,0.26041051745414734,0.23731358349323273,nan,nan,nan,nan,nan,nan
10200,0.19055689871311188,0.18324679136276245,0.16150429844856262,0.16851282119750977,0.15055210888385773,0.14562708139419556,0.35144487023353577,0.331886351108551,0.2687353193759918,0.2899753451347351,0.23362407088279724,0.21699398756027222,nan,nan,nan,nan,nan,nan
10250,0.19049647450447083,0.17213059961795807,0.15094232559204102,0.1644458770751953,0.16861964762210846,0.1533651202917099,0.347738653421402,0.29742398858070374,0.23240293562412262,0.2748163640499115,0.28722381591796875,0.240285262465477,0.013150161132216454,1.0677034651962458e-06,7.734421814120651e-08,3.466327029855165e-07,7.484903471777216e-05,1.4739090147486422e-05
10300,0.1977444291114807,0.17091597616672516,0.16118696331977844,0.15909108519554138,0.16544261574745178,0.14561890065670013,0.3763062059879303,0.30150532722473145,0.2707480490207672,0.266544371843338,0.29717716574668884,0.22221669554710388,0.7859445810317993,0.5231232643127441,0.3484445810317993,0.575939416885376,1.7014132738113403,0.5231232643127441
10350,0.19427233934402466,0.16206516325473785,0.1553267389535904,0.15895506739616394,0.1704719066619873,0.15890885889530182,0.3581123948097229,0.26425933837890625,0.24323652684688568,0.25466883182525635,0.2892909348011017,0.25452232360839844,0.41297096014022827,0.00015844876179471612,2.1445179299917072e-05,0.0002612244279589504,2.5612855552026303e-06,6.962280622246908e-06
10400,0.2008371204137802,0.15312117338180542,0.15552081167697906,0.1624060869216919,0.1683664619922638,0.1597483605146408,0.38602009415626526,0.2503877580165863,0.2581627368927002,0.2798229455947876,0.29784443974494934,0.27157291769981384,nan,nan,nan,nan,nan,nan
10450,0.19579315185546875,0.1583327054977417,0.15890973806381226,0.16160006821155548,0.1671767681837082,0.15818755328655243,0.3412090241909027,0.25693559646606445,0.2494906783103943,0.25690266489982605,0.27199921011924744,0.23839037120342255,0.1533363163471222,2.2378222942352295,1.31326162815094,1.2234445810317993,1.0537006855010986,0.42870068550109863
10500,0.1889084428548813,0.16030631959438324,0.15538813173770905,0.1627388596534729,0.16928674280643463,0.16337139904499054,0.31524890661239624,0.23327142000198364,0.2178446501493454,0.24072390794754028,0.26024994254112244,0.24297964572906494,0.07137055695056915,0.00033540636650286615,9.610703273210675e-05,9.610703273210675e-05,6.605432281503454e-05,0.03364570066332817
10550,0.19131740927696228,0.1604670286178589,0.1588170826435089,0.16416974365711212,0.16571524739265442,0.159513458609581,0.29291003942489624,0.20498736202716827,0.1998196542263031,0.21639356017112732,0.221078559756279,0.2020072489976883,nan,nan,nan,nan,nan,nan
10600,0.1899833232164383,0.15639570355415344,0.15925616025924683,0.1742379367351532,0.16436514258384705,0.1557616889476776,0.325169175863266,0.22189533710479736,0.23896604776382446,0.27554750442504883,0.24656948447227478,0.222856804728508,0.713346004486084,0.016034256666898727,0.8259393572807312,0.03364570066332817,0.023245465010404587,0.3132617175579071
10650,0.18585430085659027,0.1607198864221573,0.1563321053981781,0.16448262333869934,0.16012948751449585,0.1724816858768463,0.3150947391986847,0.24169574677944183,0.22645169496536255,0.2509591579437256,0.2372949719429016,0.27446478605270386,0.42870068550109863,0.28115013241767883,0.12692801654338837,0.06196758896112442,0.023245465010404587,0.06196758896112442
10700,0.19757811725139618,0.17378075420856476,0.1501948982477188,0.15426495671272278,0.16782230138778687,0.1563589870929718,0.36148032546043396,0.2979505956172943,0.22574956715106964,0.23898476362228394,0.2806805968284607,0.24566195905208588,0.00016770321235526353,8.423464183116014e-12,3.726646127688582e-06,6.101936989542922e-13,2.646573848963385e-09,0.0003150883421767503
10750,0.19669894874095917,0.16571374237537384,0.15903028845787048,0.15423674881458282,0.17371995747089386,0.1506003737449646,0.36096784472465515,0.2752615809440613,0.25467798113822937,0.23937499523162842,0.29885295033454895,0.2274455577135086,nan,nan,nan,nan,nan,nan
10800,0.19535881280899048,0.15713204443454742,0.15581758320331573,0.1601899266242981,0.1798582375049591,0.15164341032505035,0.3512093126773834,0.24233360588550568,0.23813332617282867,0.25197041034698486,0.30987483263015747,0.22455625236034393,nan,nan,nan,nan,nan,nan
10850,0.1921040266752243,0.1705089807510376,0.14896182715892792,0.1630888432264328,0.1746232509613037,0.15071305632591248,0.3270914852619171,0.2674669623374939,0.1999179720878601,0.24522051215171814,0.2793883979320526,0.2057618349790573,nan,nan,nan,nan,nan,nan
10900,0.18365846574306488,0.17282524704933167,0.14685533940792084,0.1590927690267563,0.1785280555486679,0.15904009342193604,0.2953720986843109,0.26541638374328613,0.18398338556289673,0.22351080179214478,0.2806212306022644,0.2238408327102661,0.09894727915525436,0.1128222793340683,0.029750417917966843,0.020541900768876076,0.02630019560456276,0.06993620097637177
10950,0.17714297771453857,0.16563649475574493,0.15457965433597565,0.1495102345943451,0.1901354342699051,0.16299527883529663,0.2692101299762726,0.23382169008255005,0.19962406158447266,0.18311846256256104,0.3021036982536316,0.22586609423160553,0.21435034275054932,1.8553913605501293e-07,1.3440409674103648e-08,1.8553913605501293e-07,0.0001234021910931915,0.0001234021910931915
11000,0.17771732807159424,0.16798844933509827,0.15764658153057098,0.14940191805362701,0.1873352825641632,0.15991045534610748,0.3404730558395386,0.31007131934165955,0.27861925959587097,0.2520734667778015,0.3640287518501282,0.28567731380462646,0.25337451696395874,1.1365643786120927e-06,1.4593773585147574e-06,0.004340910352766514,7.411307706206571e-06,1.7778711480787024e-05
11050,0.18363873660564423,0.1622801274061203,0.15547989308834076,0.1486646682024002,0.18471215665340424,0.16522441804409027,0.3155179023742676,0.2543129026889801,0.23312310874462128,0.21093566715717316,0.31840285658836365,0.26321324706077576,3.70580232811335e-06,3.028842954222455e-08,1.287896111534792e-06,2.486225669784403e-09,1.8010158642223217e-10,3.364740708278191e-10
11100,0.1880575567483902,0.160224050283432,0.15028689801692963,0.15517573058605194,0.18408654630184174,0.1621691733598709,0.30438151955604553,0.224294051527977,0.19228054583072662,0.2082865834236145,0.29371047019958496,0.2303275465965271,nan,nan,nan,nan,nan,nan
11150,0.18922214210033417,0.16246651113033295,0.15756240487098694,0.15307463705539703,0.17880798876285553,0.1588663011789322,0.28178027272224426,0.20631751418113708,0.19114559888839722,0.1768420934677124,0.25375860929489136,0.1952250897884369,1.560121563670691e-05,1.917171560394948e-10,9.23744991609965e-09,8.592166977905435e-10,4.5990555808117506e-10,3.775134718719819e-11
11200,0.18945381045341492,0.165740966796875,0.1604967713356018,0.1542409509420395,0.17833802103996277,0.1517294943332672,0.27896648645401,0.21016600728034973,0.1942528933286667,0.17456519603729248,0.24642933905124664,0.16644422709941864,0.262654185295105,0.0017021704697981477,0.0019285932648926973,0.001170194591395557,0.0019285932648926973,0.0017021704697981477
11250,0.18542997539043427,0.1660086214542389,0.15600718557834625,0.16221104562282562,0.16798964142799377,0.1623535007238388,0.2737571597099304,0.21843835711479187,0.18736952543258667,0.20686765015125275,0.22436966001987457,0.20730653405189514,nan,nan,nan,nan,nan,nan
11300,0.17357410490512848,0.1734536737203598,0.15571260452270508,0.17511099576950073,0.15867479145526886,0.16347385942935944,0.2635861039161682,0.2632390856742859,0.2092898041009903,0.2679938077926636,0.21871218085289001,0.2336103320121765,nan,nan,nan,nan,nan,nan
11350,0.17124313116073608,0.19206799566745758,0.15350359678268433,0.16511522233486176,0.15707474946975708,0.16099530458450317,0.25845038890838623,0.32920023798942566,0.20494695007801056,0.23631839454174042,0.2116071730852127,0.22694911062717438,0.569600522518158,1.9637140035629272,0.6325990557670593,0.16022413969039917,0.16022413969039917,0.4740769863128662
11400,0.17506933212280273,0.1901937872171402,0.16832111775875092,0.16820695996284485,0.14710618555545807,0.15110263228416443,0.2693699300289154,0.3108006417751312,0.249715656042099,0.24937646090984344,0.18235626816749573,0.19575855135917664,nan,nan,nan,nan,nan,nan
11450,0.17538699507713318,0.1960328221321106,0.1679973304271698,0.15964749455451965,0.1515340954065323,0.14940136671066284,0.25302404165267944,0.3081098198890686,0.23171448707580566,0.20648090541362762,0.18066148459911346,0.17364521324634552,0.0001351866958430037,4.592136519931955e-07,1.6893528709260863e-07,0.0001442702632630244,1.7805650287527897e-08,1.223763312907522e-08
11500,0.18157467246055603,0.1931031197309494,0.16716766357421875,0.15618851780891418,0.1492120623588562,0.15275393426418304,0.2581159770488739,0.2888946533203125,0.2167811095714569,0.182814359664917,0.15996675193309784,0.17169663310050964,nan,nan,nan,nan,nan,nan
11550,0.18377873301506042,0.18347083032131195,0.16553443670272827,0.15977835655212402,0.15358445048332214,0.1538531631231308,0.2665453255176544,0.2657068967819214,0.21426869928836823,0.1965728998184204,0.17680436372756958,0.1776784360408783,nan,nan,nan,nan,nan,nan
11600,0.1867678016424179,0.1838776171207428,0.16165825724601746,0.15867625176906586,0.1512792408466339,0.15774080157279968,0.2776430547237396,0.269845187664032,0.20545229315757751,0.19614294171333313,0.1722736656665802,0.19318661093711853,nan,nan,nan,nan,nan,nan
11650,0.18255867063999176,0.17026227712631226,0.17050589621067047,0.17491836845874786,0.1533733308315277,0.14838151633739471,0.2742631435394287,0.23974601924419403,0.24045374989509583,0.25310078263282776,0.18803581595420837,0.17165714502334595,2.2519345748150954e-06,5.368751203604916e-07,5.6586241470313325e-08,7.658115031006218e-09,1.3574332058396976e-07,3.689885659241554e-07
11700,0.18059881031513214,0.1613335907459259,0.18979871273040771,0.16428539156913757,0.15225642919540405,0.151727095246315,0.24783392250537872,0.1919960230588913,0.2724285125732422,0.2009708136320114,0.1633315533399582,0.16160781681537628,1.2012499155389378e-06,2.0176443626951368e-08,7.422499059828169e-09,9.721550213726005e-07,2.332077201572247e-06,2.07853863685159e-05
11750,0.182562455534935,0.1626860499382019,0.1811455637216568,0.16686804592609406,0.15459905564785004,0.15213891863822937,0.24192124605178833,0.1842862069606781,0.23802556097507477,0.19697673618793488,0.1587926149368286,0.1507721096277237,nan,nan,nan,nan,nan,nan
11800,0.18068479001522064,0.16076603531837463,0.18011197447776794,0.1693301647901535,0.1574176549911499,0.151689350605011,0.21380864083766937,0.15540669858455658,0.21222099661827087,0.18135683238506317,0.14488288760185242,0.12634898722171783,nan,nan,nan,nan,nan,nan
11850,0.16618821024894714,0.15694911777973175,0.18475139141082764,0.18087176978588104,0.1642453968524933,0.14699411392211914,0.2580927610397339,0.2294931262731552,0.3110378384590149,0.3004264533519745,0.25221312046051025,0.19672858715057373,nan,nan,nan,nan,nan,nan
11900,0.1754991114139557,0.1525430828332901,0.18653005361557007,0.1721000373363495,0.16303737461566925,0.15029025077819824,0.3054170608520508,0.23532363772392273,0.3358962833881378,0.2956380546092987,0.2685898542404175,0.22788432240486145,nan,nan,nan,nan,nan,nan
11950,0.17510190606117249,0.15168684720993042,0.1828448623418808,0.16959001123905182,0.1637093871831894,0.15706701576709747,0.27369779348373413,0.20264048874378204,0.2951163351535797,0.2578655481338501,0.24039645493030548,0.21989348530769348,5.402096576290205e-06,9.329492911547277e-08,5.964145621817352e-09,6.5404583438066766e-06,8.233249104705465e-08,2.123380681950948e-06
12000,0.1711978018283844,0.1634913980960846,0.17487622797489166,0.16469095647335052,0.1571810096502304,0.16856254637241364,0.28476324677467346,0.2617335915565491,0.29539263248443604,0.26538875699043274,0.24205243587493896,0.2770068347454071,nan,nan,nan,nan,nan,nan
12050,0.17318183183670044,0.16689471900463104,0.17948497831821442,0.15720488131046295,0.15714958310127258,0.16608403623104095,0.2792659103870392,0.26077646017074585,0.29714059829711914,0.23086978495121002,0.23069389164447784,0.25834181904792786,nan,nan,nan,nan,nan,nan
12100,0.1737365871667862,0.17020894587039948,0.17199715971946716,0.15626095235347748,0.15979492664337158,0.16800136864185333,0.24053151905536652,0.2271495759487152,0.23229345679283142,0.1847982108592987,0.19586728513240814,0.22067275643348694,0.3259541690349579,0.0031777266412973404,0.00023053328914102167,0.0002612244279589504,0.00015844876179471612,0.0017021704697981477
12150,0.19473887979984283,0.1662442684173584,0.172042116522789,0.14325395226478577,0.1551467925310135,0.16857393085956573,0.3370382785797119,0.25716057419776917,0.2765059769153595,0.18285128474235535,0.23777161538600922,0.29343390464782715,0.32653042674064636,0.16972708702087402,0.4073510468006134,0.10633723437786102,1.650610089302063,3.1082098484039307
12200,0.18989123404026031,0.16339696943759918,0.1651528775691986,0.15211781859397888,0.15815457701683044,0.17128652334213257,0.2991478145122528,0.22476258873939514,0.2300536036491394,0.18935656547546387,0.20862078666687012,0.24810436367988586,0.00021532736718654633,7.194133289090132e-09,7.582560135332983e-10,1.2501528701136522e-09,5.602796449011294e-09,4.94445018262013e-09
12250,0.18010400235652924,0.169264554977417,0.16313602030277252,0.14778193831443787,0.1696235090494156,0.17009001970291138,0.292062371969223,0.2610265910625458,0.24258731305599213,0.19316403567790985,0.26208582520484924,0.26345905661582947,nan,nan,nan,nan,nan,nan
12300,0.18014457821846008,0.1731596142053604,0.1618950217962265,0.14862996339797974,0.16933618485927582,0.16683459281921387,0.26692530512809753,0.24762938916683197,0.20922116935253143,0.16690444946289062,0.23402680456638336,0.22393199801445007,0.6344529390335083,0.6623854041099548,0.15121395885944366,0.15121395885944366,0.4073510468006134,0.13458654284477234
12350,0.188897043466568,0.1699856072664261,0.1680145114660263,0.15641452372074127,0.1549781858921051,0.16171005368232727,0.30744147300720215,0.25522294640541077,0.24944958090782166,0.21403703093528748,0.20947040617465973,0.23051810264587402,0.00017851773009169847,1.1253516873921399e-07,2.646573848963385e-09,1.013004202832235e-05,1.5534990325249964e-06,7.194133289090132e-09
12400,0.17033956944942474,0.14716824889183044,0.18263347446918488,0.17471943795681,0.16321319341659546,0.16192613542079926,0.3258461654186249,0.25273746252059937,0.36068984866142273,0.3385399580001831,0.30447784066200256,0.30051934719085693,nan,nan,nan,nan,nan,nan
12450,0.1828746646642685,0.14536958932876587,0.1676214039325714,0.17258228361606598,0.17200061678886414,0.1595514565706253,0.3372660279273987,0.22235870361328125,0.29279521107673645,0.3077760934829712,0.30586573481559753,0.26831701397895813,0.14357608556747437,0.014163456857204437,0.007606093771755695,0.06196758896112442,0.0380413718521595,0.0021851020865142345
12500,0.1846081167459488,0.1506672501564026,0.16811387240886688,0.1691909283399582,0.17011737823486328,0.15730255842208862,0.2991386950016022,0.1975579410791397,0.2523418068885803,0.25553494691848755,0.2582653760910034,0.21910659968852997,nan,nan,nan,nan,nan,nan
12550,0.1880902498960495,0.15371641516685486,0.16396726667881012,0.17234575748443604,0.16717761754989624,0.15470266342163086,0.3273477256298065,0.22644148766994476,0.25872018933296204,0.2836381196975708,0.2684151828289032,0.22963927686214447,nan,nan,nan,nan,nan,nan
12600,0.1861676573753357,0.15672825276851654,0.1672831028699875,0.16504624485969543,0.1686030626296997,0.15617170929908752,0.3143143653869629,0.22889527678489685,0.26159003376960754,0.2564547061920166,0.2650139629840851,0.2271682471036911,0.026497941464185715,0.005233798176050186,0.04858735203742981,0.20141328871250153,0.0019285932648926973,0.00861448422074318
12650,0.18299202620983124,0.1608855277299881,0.16944584250450134,0.164144828915596,0.16379474103450775,0.1587369740009308,0.29241037368774414,0.2277689427137375,0.2534129023551941,0.2376774400472641,0.23662352561950684,0.2212025374174118,0.0932299867272377,0.0021851020865142345,0.0004879761836491525,0.0002612244279589504,0.0005529314512386918,0.011047745123505592
12700,0.19134993851184845,0.15577509999275208,0.17012754082679749,0.16175749897956848,0.16084744036197662,0.16014257073402405,0.31497320532798767,0.2121279388666153,0.2561954855918884,0.23097039759159088,0.2281494438648224,0.22595350444316864,nan,nan,nan,nan,nan,nan
12750,0.1931139975786209,0.1626100391149521,0.16610702872276306,0.16200123727321625,0.16169975697994232,0.15446791052818298,0.3064657151699066,0.2210552841424942,0.23146304488182068,0.21906635165214539,0.21814699470996857,0.19549624621868134,0.0440286323428154,0.013311021961271763,0.0008562671137042344,9.02844694792293e-05,0.0003570343542378396,0.00014884956181049347
12800,0.19268423318862915,0.16243606805801392,0.16464202105998993,0.16139063239097595,0.16375058889389038,0.1550964117050171,0.27381762862205505,0.18843349814414978,0.19517801702022552,0.1852051168680191,0.1924634873867035,0.1653147041797638,nan,nan,nan,nan,nan,nan
12850,0.18544906377792358,0.15880025923252106,0.16658645868301392,0.16672027111053467,0.17118510603904724,0.15125888586044312,0.2577130198478699,0.1666385978460312,0.1911361664533615,0.20118120312690735,0.20378537476062775,0.14325743913650513,1.4369676113128662,0.00861448422074318,0.08893946558237076,1.0537006855010986,0.005928608123213053,0.07888973504304886
12900,0.18220831453800201,0.1545509696006775,0.16477088630199432,0.16780543327331543,0.17069359123706818,0.15997076034545898,0.2636798322200775,0.18136653304100037,0.2133825123310089,0.22250708937644958,0.23103953897953033,0.19860003888607025,nan,nan,nan,nan,nan,nan
12950,0.1897115260362625,0.15149687230587006,0.161478653550148,0.16654285788536072,0.17376835644245148,0.15700176358222961,0.2587132155895233,0.14624342322349548,0.17814740538597107,0.19358722865581512,0.2148224413394928,0.16408942639827728,nan,nan,nan,nan,nan,nan
13000,0.19316305220127106,0.15750037133693695,0.162166565656662,0.16096021234989166,0.171194925904274,0.15501488745212555,0.26384294033050537,0.16178950667381287,0.17638762295246124,0.17265421152114868,0.20347701013088226,0.153836190700531,nan,nan,nan,nan,nan,nan
13050,0.18726156651973724,0.16156689822673798,0.15547221899032593,0.16124051809310913,0.17842797935009003,0.1560307890176773,0.26490646600723267,0.19111287593841553,0.17188683152198792,0.19010187685489655,0.24074579775333405,0.17367993295192719,nan,nan,nan,nan,nan,nan
13100,0.1924443244934082,0.16180433332920074,0.15461133420467377,0.15708641707897186,0.1794642210006714,0.15458939969539642,0.2694557309150696,0.18416358530521393,0.16065222024917603,0.16851362586021423,0.23443762958049774,0.16058196127414703,0.04517541080713272,0.10020655393600464,6.758262394157555e-09,4.181188160146121e-07,1.7429786680622783e-07,3.432128892200126e-08
13150,0.1848636120557785,0.15411634743213654,0.1501726359128952,0.16980400681495667,0.1896710842847824,0.1513722985982895,0.2644690275192261,0.1735137701034546,0.16055263578891754,0.22198228538036346,0.27730557322502136,0.16453102231025696,nan,nan,nan,nan,nan,nan
13200,0.18674226105213165,0.15501774847507477,0.15303155779838562,0.1648005098104477,0.18246673047542572,0.15794116258621216,0.2422400414943695,0.14914515614509583,0.14269745349884033,0.1797432154417038,0.23065924644470215,0.15848666429519653,nan,nan,nan,nan,nan,nan
13250,0.1852712780237198,0.16063928604125977,0.15042902529239655,0.1641489714384079,0.1827954798936844,0.15671589970588684,0.23759737610816956,0.1662674993276596,0.133432537317276,0.17707398533821106,0.2308707982301712,0.15390412509441376,nan,nan,nan,nan,nan,nan
13300,0.18501530587673187,0.15683069825172424,0.1496182680130005,0.16320514678955078,0.1790449321269989,0.1662856787443161,0.23252356052398682,0.14988775551319122,0.1263478696346283,0.1698082983493805,0.21612267196178436,0.17915788292884827,nan,nan,nan,nan,nan,nan
13350,0.17097024619579315,0.17112386226654053,0.1588083803653717,0.15556691586971283,0.18509559333324432,0.1584348976612091,0.2343154102563858,0.2347644716501236,0.19741982221603394,0.1871086061000824,0.27400684356689453,0.1962425261735916,nan,nan,nan,nan,nan,nan
13400,0.17642945051193237,0.16528235375881195,0.16006982326507568,0.15366774797439575,0.17670533061027527,0.1678452491760254,0.27455151081085205,0.24191857874393463,0.22589606046676636,0.20548735558986664,0.2753327488899231,0.24961216747760773,nan,nan,nan,nan,nan,nan
13450,0.17968787252902985,0.15681307017803192,0.1893392652273178,0.15779371559619904,0.16154363751411438,0.15482240915298462,0.28200873732566833,0.2139253169298172,0.30816832184791565,0.21704240143299103,0.22878575325012207,0.2075374573469162,nan,nan,nan,nan,nan,nan
13500,0.1861189901828766,0.1637694388628006,0.17531977593898773,0.16003189980983734,0.1656094640493393,0.14915038645267487,0.289504736661911,0.22554144263267517,0.2596174478530884,0.2139982134103775,0.23112784326076508,0.17878921329975128,nan,nan,nan,nan,nan,nan
13550,0.18750548362731934,0.16357634961605072,0.17035424709320068,0.1614971160888672,0.16846369206905365,0.14860321581363678,0.2698267698287964,0.20179513096809387,0.23495768010616302,0.20297163724899292,0.21644257009029388,0.15547719597816467,0.051734767854213715,0.006715348456054926,1.31326162815094,0.7575989961624146,0.014163456857204437,0.12692801654338837
13600,0.18415485322475433,0.16802851855754852,0.1781664788722992,0.16063779592514038,0.1568595916032791,0.15215277671813965,0.28097066283226013,0.23475858569145203,0.26375800371170044,0.2124926745891571,0.20071116089820862,0.18603499233722687,0.08486774563789368,2.123380681950948e-06,2.7264741220278665e-06,3.0894991596142063e-06,3.0894991596142063e-06,0.040445856750011444
13650,0.18990853428840637,0.1648208200931549,0.17344021797180176,0.16571225225925446,0.1555013358592987,0.1506168246269226,0.2610149085521698,0.19166623055934906,0.2159305065870285,0.19320809841156006,0.16172701120376587,0.14592872560024261,0.03435049578547478,0.1128222793340683,0.016034256666898727,9.516296813671943e-06,2.9311968319234438e-05,3.96699397242628e-06
13700,0.1933838576078415,0.16305360198020935,0.17034487426280975,0.1637163907289505,0.15649206936359406,0.15300919115543365,0.2613767683506012,0.17692922055721283,0.19858340919017792,0.1789371520280838,0.15659767389297485,0.14545650780200958,0.00015754734340589494,6.144193321233615e-06,2.2159490242756874e-08,7.194133289090132e-09,1.3440409674103648e-08,5.315785500670245e-08
13750,0.19350983202457428,0.17026130855083466,0.16720794141292572,0.16359035670757294,0.15619789063930511,0.14923270046710968,0.2642437219619751,0.20024675130844116,0.1911986619234085,0.18026229739189148,0.15714141726493835,0.13433299958705902,nan,nan,nan,nan,nan,nan
13800,0.18839435279369354,0.16760803759098053,0.16072675585746765,0.16858863830566406,0.16307967901229858,0.15160252153873444,0.2655295729637146,0.20765942335128784,0.18690787255764008,0.21054700016975403,0.19410179555416107,0.15797826647758484,7.071888830978423e-06,1.0364131775020269e-09,6.1627378547535194e-12,2.4374099960589035e-11,2.0007480915074094e-12,1.37509263958141e-12
13850,0.18836265802383423,0.15955080091953278,0.16702142357826233,0.16856467723846436,0.1607777625322342,0.15572267770767212,0.2590208053588867,0.17677690088748932,0.19942794740200043,0.20398078858852386,0.18056899309158325,0.16475552320480347,0.0070577156729996204,1.3709582162846345e-06,3.689885659241554e-07,9.516296813671943e-06,4.222842107992619e-06,1.7087563586315468e-09
13900,0.18928933143615723,0.14873363077640533,0.18926005065441132,0.16247394680976868,0.1568625420331955,0.1533806174993515,0.286551833152771,0.16717714071273804,0.28645485639572144,0.2109156847000122,0.1935175359249115,0.18240611255168915,0.002041768515482545,1.5381733931008057e-07,1.0364131775020269e-09,2.620462735691831e-10,3.129696501957824e-11,6.625567455786907e-11
13950,0.19115468859672546,0.15945415198802948,0.18251663446426392,0.1557909995317459,0.15580303966999054,0.15528041124343872,0.2785656452178955,0.18549706041812897,0.25236406922340393,0.17399276793003082,0.17403100430965424,0.17236778140068054,0.3311927616596222,1.0160636221279162e-11,4.737906635909894e-07,5.1599970823934527e-11,2.2671443715427397e-12,7.91311200593059e-12
14000,0.19280408322811127,0.1585616022348404,0.1836734116077423,0.1576259285211563,0.15222050249576569,0.15511447191238403,0.26622867584228516,0.16933123767375946,0.242104172706604,0.16664880514144897,0.14912886917591095,0.15845119953155518,0.010947506874799728,5.771936230303254e-06,5.0937178457388654e-06,0.024726280942559242,1.3846100955561269e-05,1.1365643786120927e-06
14050,0.18930232524871826,0.15781641006469727,0.18900848925113678,0.15672308206558228,0.15168581902980804,0.15546377003192902,0.23965758085250854,0.14969287812709808,0.2388658970594406,0.14643873274326324,0.13008052110671997,0.14223380386829376,0.0028264967259019613,0.011047745123505592,0.0005529314512386918,0.029750417917966843,0.011047745123505592,0.00861448422074318
14100,0.18380458652973175,0.1661284863948822,0.17902733385562897,0.15517832338809967,0.1551884263753891,0.16067281365394592,0.26067280769348145,0.21599379181861877,0.24233907461166382,0.1717621088027954,0.17120245099067688,0.18843276798725128,0.5997447967529297,1.136871099472046,0.06993620097637177,0.08893946558237076,0.029750417917966843,0.03364570066332817
14150,0.18424856662750244,0.15766753256320953,0.16167929768562317,0.1634242683649063,0.1615913212299347,0.17138896882534027,0.294865220785141,0.2169666290283203,0.22952969372272491,0.2348971962928772,0.22925755381584167,0.2586901783943176,nan,nan,nan,nan,nan,nan
14200,0.17377832531929016,0.16104786098003387,0.17002011835575104,0.14886662364006042,0.16736941039562225,0.17891773581504822,0.2560478448867798,0.2180083841085434,0.2451159805059433,0.17868293821811676,0.23725928366184235,0.2706206440925598,nan,nan,nan,nan,nan,nan
14250,0.18166303634643555,0.15422961115837097,0.17811082303524017,0.14830559492111206,0.16559015214443207,0.17210078239440918,0.2715303599834442,0.1904941350221634,0.2658286392688751,0.17110534012317657,0.22567464411258698,0.24476584792137146,1.6770187357906252e-05,9.02844694792293e-05,0.4073510468006134,1.4593773585147574e-06,1.3846100955561269e-05,0.00019112256995867938
14300,0.18272624909877777,0.15899471938610077,0.17442287504673004,0.15100163221359253,0.15932431817054749,0.17353026568889618,0.25768014788627625,0.18880468606948853,0.2346474826335907,0.1632729023694992,0.18996284902095795,0.23210787773132324,0.0012027707416564226,6.5404583438066766e-06,5.771936230303254e-06,5.4761268984293565e-05,0.013311021961271763,1.5689673091401346e-05
14350,0.186540424823761,0.15556056797504425,0.17249612510204315,0.14902986586093903,0.16314680874347687,0.1732262372970581,0.2761590778827667,0.18535269796848297,0.2370224893093109,0.1639084666967392,0.20916032791137695,0.2391343116760254,nan,nan,nan,nan,nan,nan
14400,0.17983098328113556,0.15493802726268768,0.1684415638446808,0.1645699143409729,0.16693302989006042,0.16528649628162384,0.26151910424232483,0.18628373742103577,0.22764776647090912,0.21613729000091553,0.22616298496723175,0.2208072990179062,0.1484207808971405,6.89361286276835e-07,4.895668870297243e-10,1.9362746961348876e-09,0.2968331575393677,0.2519291043281555
14450,0.19410020112991333,0.15722471475601196,0.17249234020709991,0.1600627899169922,0.16050300002098083,0.1556169092655182,0.34671109914779663,0.2423374354839325,0.3104490041732788,0.25113752484321594,0.252643346786499,0.24403926730155945,0.02195693738758564,0.014163456857204437,2.2378222942352295,0.00861448422074318,0.023245465010404587,0.6931471824645996
14500,0.18804410099983215,0.15307018160820007,0.1721818894147873,0.14754535257816315,0.16660289466381073,0.172555610537529,0.33448702096939087,0.22936469316482544,0.2875959873199463,0.21115803718566895,0.27169284224510193,0.28932443261146545,0.3272257149219513,0.00109933502972126,0.0003150883421767503,0.00010230508632957935,0.040445856750011444,0.06583535671234131
14550,0.17685051262378693,0.1524132639169693,0.16984108090400696,0.1647433638572693,0.1682015359401703,0.16795021295547485,0.29632312059402466,0.22196854650974274,0.27610230445861816,0.26086515188217163,0.2712521255016327,0.27050453424453735,nan,nan,nan,nan,nan,nan
14600,0.17765292525291443,0.15796707570552826,0.16947728395462036,0.16023017466068268,0.16391117870807648,0.1707613170146942,0.28292596340179443,0.22478999197483063,0.25960439443588257,0.23183123767375946,0.24307428300380707,0.26334062218666077,6.587660755030811e-05,5.771936230303254e-06,1.1032560420787263e-09,1.1628233792526643e-10,1.783247334519178e-11,3.098819161342914e-12
14650,0.17225247621536255,0.159335657954216,0.18579480051994324,0.15665240585803986,0.1603492945432663,0.16561535000801086,0.31835830211639404,0.27938416600227356,0.35619908571243286,0.27089235186576843,0.2825549244880676,0.2987116277217865,nan,nan,nan,nan,nan,nan
14700,0.17239190638065338,0.15933308005332947,0.19501212239265442,0.15315601229667664,0.1550397127866745,0.16506712138652802,0.296722412109375,0.2573356330394745,0.35836806893348694,0.23756574094295502,0.24367788434028625,0.2750132977962494,nan,nan,nan,nan,nan,nan
14750,0.17578580975532532,0.16519677639007568,0.18545538187026978,0.15009291470050812,0.161971315741539,0.16149786114692688,0.2744990885257721,0.24324467778205872,0.3005152642726898,0.19579850137233734,0.2334831953048706,0.2321755737066269,0.05018250271677971,0.0001234021910931915,0.001170194591395557,0.0017021704697981477,2.1445179299917072e-05,0.014163456857204437
14800,0.17195692658424377,0.17040157318115234,0.18151484429836273,0.1425226479768753,0.16883940994739532,0.1647646427154541,0.285544216632843,0.28100112080574036,0.31259092688560486,0.1916726678609848,0.276396244764328,0.2641812264919281,nan,nan,nan,nan,nan,nan
14850,0.18208840489387512,0.1646030843257904,0.17765161395072937,0.15510667860507965,0.16237084567546844,0.1581794023513794,0.3345673978328705,0.2840897738933563,0.3222334384918213,0.2543777823448181,0.27726268768310547,0.26418617367744446,nan,nan,nan,nan,nan,nan
14900,0.18189911544322968,0.1606573462486267,0.18476863205432892,0.15584750473499298,0.15845510363578796,0.15837237238883972,0.3089330494403839,0.24746550619602203,0.3169865310192108,0.23232623934745789,0.24057535827159882,0.24032573401927948,0.012432638555765152,0.012509570457041264,0.04299908131361008,0.0031777266412973404,0.006715348456054926,0.007606093771755695
14950,0.18100491166114807,0.16348032653331757,0.18691590428352356,0.14981970191001892,0.15905435383319855,0.15972480177879333,0.3056206703186035,0.2532796859741211,0.3195929229259491,0.21008598804473877,0.23969359695911407,0.2417757511138916,0.1934356540441513,1.7429786680622783e-07,1.5381733931008057e-07,4.895668870297243e-10,5.964145621817352e-09,3.6174372386454934e-09
15000,0.18682289123535156,0.17119315266609192,0.18059654533863068,0.14246796071529388,0.1625346690416336,0.15638476610183716,0.32481908798217773,0.3051718473434448,0.32113882899284363,0.206011563539505,0.26570263504981995,0.23804426193237305,0.9280217885971069,3.288041353225708,2.2378222942352295,2.4639394283294678,1.910224199295044,1.0537006855010986
15050,0.18273572623729706,0.17166553437709808,0.17635618150234222,0.14599977433681488,0.16737139225006104,0.15587137639522552,0.30266913771629333,0.2717277705669403,0.285073846578598,0.19156593084335327,0.2591893970966339,0.22395533323287964,0.000829647178761661,9.610703273210675e-05,0.000296000944217667,8.481463737552986e-05,0.00023053328914102167,0.000430649786721915
15100,0.1781235933303833,0.16627620160579681,0.17462240159511566,0.15928027033805847,0.1653401106595993,0.15635746717453003,0.2594439685344696,0.22537440061569214,0.2496379166841507,0.20410656929016113,0.22257983684539795,0.19492924213409424,1.2039068906233297e-06,5.547519665860534e-10,0.002052849158644676,0.0009702224051579833,3.028842954222455e-08,1.2378190139550327e-10
15150,0.17747493088245392,0.1609821617603302,0.17271733283996582,0.16919027268886566,0.16640086472034454,0.15323439240455627,0.2503463327884674,0.20157843828201294,0.23675984144210815,0.22644361853599548,0.21813152730464935,0.1769160032272339,nan,nan,nan,nan,nan,nan
15200,0.18035998940467834,0.15949362516403198,0.168737530708313,0.1678602248430252,0.16951662302017212,0.15403202176094055,0.2340426743030548,0.1725672483444214,0.20073746144771576,0.19813109934329987,0.20304076373577118,0.155145525932312,nan,nan,nan,nan,nan,nan
15250,0.18119700253009796,0.16689233481884003,0.17233137786388397,0.15865826606750488,0.16689828038215637,0.1540227234363556,0.25420746207237244,0.21353216469287872,0.2289557009935379,0.1880798041820526,0.21348685026168823,0.17337064445018768,0.051734767854213715,0.05488218367099762,0.00975591130554676,0.014163456857204437,0.04858735203742981,0.011047745123505592
15300,0.18452320992946625,0.1679568737745285,0.1724071353673935,0.1598123162984848,0.16393640637397766,0.15136408805847168,0.2601545751094818,0.20738102495670319,0.22092784941196442,0.1835678517818451,0.20286627113819122,0.15622398257255554,0.6307429671287537,0.00975591130554676,0.06993620097637177,0.08893946558237076,0.7575989961624146,0.04299908131361008
15350,0.18479503691196442,0.16352622210979462,0.17763103544712067,0.1667775809764862,0.15855193138122559,0.14871825277805328,0.2611329257488251,0.1999959647655487,0.2413635551929474,0.2098398208618164,0.18455034494400024,0.152536079287529,nan,nan,nan,nan,nan,nan
15400,0.18046385049819946,0.17664113640785217,0.17336870729923248,0.16729731857776642,0.1558220386505127,0.146406888961792,0.24898283183574677,0.23835855722427368,0.2291022688150406,0.2114565223455429,0.1765013188123703,0.14543196558952332,0.002616899088025093,2.382369359565928e-07,7.582560135332983e-10,1.2501528701136522e-09,0.021852364763617516,7.052879807956103e-11
15450,0.1849544197320938,0.16957171261310577,0.16964027285575867,0.16524897515773773,0.16071544587612152,0.1498691290616989,0.2785630524158478,0.23560042679309845,0.23591655492782593,0.22271278500556946,0.2099950760602951,0.17442138493061066,0.016156692057847977,0.018149929121136665,0.029750417917966843,0.007606093771755695,0.1128222793340683,0.014163456857204437
15500,0.1743565797805786,0.17822210490703583,0.15781420469284058,0.1588023453950882,0.1740884929895401,0.15671628713607788,0.27188268303871155,0.28284668922424316,0.22204065322875977,0.22516153752803802,0.2711132764816284,0.2185499370098114,nan,nan,nan,nan,nan,nan
15550,0.18455679714679718,0.1677177995443344,0.15751400589942932,0.15650615096092224,0.17195455729961395,0.16175058484077454,0.29379841685295105,0.24596118927001953,0.21457697451114655,0.21136745810508728,0.258434921503067,0.22784754633903503,nan,nan,nan,nan,nan,nan
15600,0.1866043359041214,0.1711733192205429,0.1550440639257431,0.15513545274734497,0.16891291737556458,0.1631300002336502,0.28528720140457153,0.24213026463985443,0.19264662265777588,0.19294124841690063,0.2354835718870163,0.21806566417217255,nan,nan,nan,nan,nan,nan
15650,0.18763630092144012,0.1674824059009552,0.16858242452144623,0.15951336920261383,0.16244836151599884,0.15433712303638458,0.29113298654556274,0.23431938886642456,0.2375926375389099,0.20994409918785095,0.21906030178070068,0.19344986975193024,nan,nan,nan,nan,nan,nan
15700,0.19018395245075226,0.16453464329242706,0.17141982913017273,0.15416081249713898,0.1600521355867386,0.159648597240448,0.27883702516555786,0.20710797607898712,0.227400004863739,0.17487090826034546,0.19343505799770355,0.1921854168176651,0.0018351947655901313,2.7536072593647987e-05,8.592166977905435e-10,2.789468100949932e-10,1.6918980105806725e-10,1.3176514046531196e-10
15750,0.2023482471704483,0.16699188947677612,0.16941693425178528,0.15911604464054108,0.15184266865253448,0.15028423070907593,0.3115709125995636,0.21170726418495178,0.21726974844932556,0.1864883005619049,0.16306635737419128,0.15794549882411957,0.6403611302375793,0.16022413969039917,0.0028048569802194834,0.029750417917966843,0.0036000751424580812,0.0021851020865142345
15800,0.197252094745636,0.16578641533851624,0.17032118141651154,0.1620747148990631,0.1550782173871994,0.14948739111423492,0.302196741104126,0.21530558168888092,0.22879846394062042,0.20398417115211487,0.18192026019096375,0.16356147825717926,nan,nan,nan,nan,nan,nan
15850,0.2012140303850174,0.16498802602291107,0.16245828568935394,0.1593676656484604,0.16328419744968414,0.14868780970573425,0.29491013288497925,0.19702228903770447,0.18657755851745605,0.17693886160850525,0.19017796218395233,0.14520923793315887,0.27648335695266724,0.3132617175579071,0.03364570066332817,0.020541900768876076,0.14267505705356598,0.28115013241767883
15900,0.1948924958705902,0.15432047843933105,0.16519533097743988,0.14229543507099152,0.17804357409477234,0.1652526557445526,0.30139902234077454,0.1846906989812851,0.21873927116394043,0.14412766695022583,0.25618913769721985,0.21891272068023682,nan,nan,nan,nan,nan,nan
15950,0.19534286856651306,0.1669701337814331,0.1648881882429123,0.14681604504585266,0.16673146188259125,0.15925133228302002,0.3063569664955139,0.22944959998130798,0.2222469300031662,0.1695142537355423,0.22783702611923218,0.20580743253231049,0.022346723824739456,0.10020655393600464,0.0010327640920877457,0.4740769863128662,0.00975591130554676,0.07888973504304886
16000,0.18959051370620728,0.17144416272640228,0.16051961481571198,0.14786823093891144,0.1719898283481598,0.15858766436576843,0.3071851432323456,0.2568807005882263,0.22395993769168854,0.1829126626253128,0.2584695518016815,0.217905655503273,nan,nan,nan,nan,nan,nan
16050,0.19013327360153198,0.16700534522533417,0.16510412096977234,0.14538869261741638,0.17051437497138977,0.1618541181087494,0.28698480129241943,0.22213506698608398,0.2164103388786316,0.15282756090164185,0.23253196477890015,0.20646987855434418,nan,nan,nan,nan,nan,nan
16100,0.19565267860889435,0.1654527634382248,0.15837982296943665,0.14643891155719757,0.17012780904769897,0.16394805908203125,0.28732144832611084,0.20349378883838654,0.18164898455142975,0.1424551010131836,0.21742592751979828,0.19892576336860657,nan,nan,nan,nan,nan,nan
16150,0.19011422991752625,0.17101609706878662,0.16735267639160156,0.14641469717025757,0.16348852217197418,0.1616138070821762,0.27519962191581726,0.22226589918136597,0.21143880486488342,0.14460855722427368,0.19975847005844116,0.19399185478687286,nan,nan,nan,nan,nan,nan
16200,0.18501199781894684,0.17619411647319794,0.1649855226278305,0.1502503752708435,0.16553156077861786,0.15802642703056335,0.26242750883102417,0.23801033198833466,0.20514602959156036,0.15836872160434723,0.20679809153079987,0.18359830975532532,nan,nan,nan,nan,nan,nan
16250,0.18462899327278137,0.17861749231815338,0.16252252459526062,0.1514013558626175,0.16600100696086884,0.15682865679264069,0.24516858160495758,0.22861771285533905,0.18140272796154022,0.14596153795719147,0.19199132919311523,0.1635713130235672,nan,nan,nan,nan,nan,nan
16300,0.1919405311346054,0.17189475893974304,0.16187825798988342,0.15056651830673218,0.16601677238941193,0.15770317614078522,0.2555257976055145,0.20037420094013214,0.17035526037216187,0.13413549959659576,0.18297742307186127,0.15729035437107086,nan,nan,nan,nan,nan,nan
16350,0.18884529173374176,0.16196849942207336,0.16825298964977264,0.156614288687706,0.16142962872982025,0.16288937628269196,0.24798409640789032,0.17122097313404083,0.19025442004203796,0.15441302955150604,0.1695546954870224,0.17405569553375244,nan,nan,nan,nan,nan,nan
16400,0.19284380972385406,0.1621147096157074,0.16896529495716095,0.1566886454820633,0.1606161743402481,0.15877141058444977,0.2463672012090683,0.16044682264328003,0.18093445897102356,0.14359530806541443,0.155849888920784,0.15013167262077332,7.931985237519257e-06,3.889111610533291e-08,1.8738771814241773e-06,1.1979305725162703e-07,7.658115031006218e-09,2.6729447100137804e-08
16450,0.1921694576740265,0.15819357335567474,0.17039595544338226,0.1620023250579834,0.1612502932548523,0.1559884250164032,0.24179446697235107,0.14451539516448975,0.18166811764240265,0.15641102194786072,0.15408456325531006,0.13749657571315765,nan,nan,nan,nan,nan,nan
16500,0.18608982861042023,0.15926997363567352,0.1711040735244751,0.16190768778324127,0.16709063947200775,0.15453779697418213,0.19816167652606964,0.12113882601261139,0.156686931848526,0.12915068864822388,0.14905895292758942,0.11391916871070862,0.05354469642043114,0.05488218367099762,0.06196758896112442,0.04299908131361008,0.4740769863128662,0.8259393572807312
16550,0.19258315861225128,0.15443944931030273,0.17048822343349457,0.17048373818397522,0.15670505166053772,0.15530037879943848,0.24879604578018188,0.13953666388988495,0.18847444653511047,0.18846139311790466,0.14780889451503754,0.14229431748390198,1.4511823565044324e-06,4.508755348242577e-12,3.3982678893096363e-09,4.8473686869998645e-11,0.10633723437786102,0.000588582013733685
16600,0.18680477142333984,0.15527603030204773,0.16808125376701355,0.17720156908035278,0.16316983103752136,0.1494665890932083,0.2612573802471161,0.1696610450744629,0.20888642966747284,0.23504672944545746,0.19420698285102844,0.15078875422477722,0.009075076319277287,6.412061281935166e-08,2.9693733583080473e-10,0.000430649786721915,2.2828258806839585e-05,0.00027806960861198604
16650,0.1928849071264267,0.15448226034641266,0.1628541648387909,0.17333079874515533,0.1723511666059494,0.14409665763378143,0.28953856229782104,0.17853137850761414,0.20491927862167358,0.2360926866531372,0.23325873911380768,0.1437338888645172,nan,nan,nan,nan,nan,nan
16700,0.1914433091878891,0.15657733380794525,0.1654205620288849,0.16176632046699524,0.18543283641338348,0.13935960829257965,0.3569257855415344,0.2478863000869751,0.27508214116096497,0.26400789618492126,0.3322352468967438,0.1904095560312271,0.9599900841712952,0.007606093771755695,0.007606093771755695,0.005928608123213053,0.06993620097637177,0.02630019560456276
16750,0.19051863253116608,0.16278186440467834,0.155748650431633,0.17445078492164612,0.17742657661437988,0.13907352089881897,0.33409014344215393,0.25542065501213074,0.2333368957042694,0.29003646969795227,0.29849356412887573,0.17671652138233185,nan,nan,nan,nan,nan,nan
16800,0.19506263732910156,0.15987133979797363,0.15528953075408936,0.17412696778774261,0.17692865431308746,0.13872085511684418,0.33849745988845825,0.23902177810668945,0.22448275983333588,0.28172945976257324,0.2897103726863861,0.16806891560554504,nan,nan,nan,nan,nan,nan
16850,0.2020297646522522,0.17031782865524292,0.15093277394771576,0.1634511798620224,0.17056870460510254,0.14269976317882538,0.3530375361442566,0.2676631808280945,0.2072472721338272,0.24708721041679382,0.26839911937713623,0.17920146882534027,nan,nan,nan,nan,nan,nan
16900,0.1916571706533432,0.16094231605529785,0.15228930115699768,0.1567155122756958,0.19055505096912384,0.14784066379070282,0.2990126311779022,0.2116815149784088,0.18404953181743622,0.19837461411952972,0.29612910747528076,0.1692260503768921,nan,nan,nan,nan,nan,nan
16950,0.18854448199272156,0.15869276225566864,0.16205166280269623,0.15712235867977142,0.18467406928539276,0.1489146500825882,0.273069828748703,0.1865936517715454,0.19689591228961945,0.1817106455564499,0.2615644037723541,0.1550476849079132,0.12976759672164917,0.014163456857204437,0.007606093771755695,0.018149929121136665,0.005928608123213053,0.007606093771755695
17000,0.2050236463546753,0.15663446485996246,0.15758654475212097,0.15758484601974487,0.17371128499507904,0.14945922791957855,0.3223133087158203,0.1877080649137497,0.19073805212974548,0.1907326579093933,0.23944798111915588,0.16426244378089905,nan,nan,nan,nan,nan,nan
17050,0.20292478799819946,0.15377914905548096,0.15790754556655884,0.160753533244133,0.1731134057044983,0.15152154862880707,0.28542059659957886,0.1481480747461319,0.16196109354496002,0.17010372877120972,0.20677496492862701,0.14082743227481842,1.4659362932434306e-05,9.329492911547277e-08,0.06993620097637177,2.312550151373216e-10,0.000430649786721915,2.0145893358858302e-05
17100,0.1913827359676361,0.16164499521255493,0.1527990698814392,0.1503189355134964,0.18716561794281006,0.1566886603832245,0.2896195948123932,0.205183207988739,0.1770438402891159,0.16886158287525177,0.2784788906574249,0.18961235880851746,nan,nan,nan,nan,nan,nan
17150,0.1874186247587204,0.17236433923244476,0.16341279447078705,0.15290410816669464,0.17300722002983093,0.1508929580450058,0.3004527688026428,0.2585856318473816,0.23192013800144196,0.19868586957454681,0.26044708490371704,0.1920657753944397,nan,nan,nan,nan,nan,nan
17200,0.19120244681835175,0.17239059507846832,0.156814306974411,0.1504143923521042,0.16976070404052734,0.15941756963729858,0.29199689626693726,0.24021191895008087,0.19286169111728668,0.17202751338481903,0.23252537846565247,0.20109400153160095,nan,nan,nan,nan,nan,nan
17250,0.1854214370250702,0.16443446278572083,0.16051186621189117,0.15366460382938385,0.16857276856899261,0.16739493608474731,0.2697944641113281,0.20973487198352814,0.19766278564929962,0.17586499452590942,0.22216257452964783,0.2186567485332489,nan,nan,nan,nan,nan,nan
17300,0.19045211374759674,0.16045546531677246,0.15161076188087463,0.1472983956336975,0.17353703081607819,0.17664629220962524,0.3073078393936157,0.22246019542217255,0.19439370930194855,0.18010996282100677,0.2612555921077728,0.2700459957122803,0.0012389043113216758,1.6212228004519602e-08,1.8010158642223217e-10,5.964145621817352e-09,2.0408184864262324e-10,5.847042988671447e-11
17350,0.19157858192920685,0.1676209717988968,0.1503879427909851,0.1496703177690506,0.1659919172525406,0.1747502237558365,0.29022982716560364,0.22398611903190613,0.1702791154384613,0.16795481741428375,0.21914614737033844,0.2451469749212265,0.01211337186396122,0.000588582013733685,6.08359243869927e-07,0.004340910352766514,1.7778711480787024e-05,0.05488218367099762
17400,0.18943144381046295,0.161607563495636,0.15347880125045776,0.1566212922334671,0.16351903975009918,0.17534182965755463,0.28444892168045044,0.20502080023288727,0.17921653389930725,0.18935070931911469,0.21090005338191986,0.24580402672290802,nan,nan,nan,nan,nan,nan
17450,0.1915149837732315,0.16139154136180878,0.1543990969657898,0.15353603661060333,0.16264769434928894,0.17651070654392242,0.27761828899383545,0.1920519322156906,0.1699056774377823,0.16710293292999268,0.19592848420143127,0.23682604730129242,nan,nan,nan,nan,nan,nan
17500,0.19688820838928223,0.15842948853969574,0.15567627549171448,0.15741151571273804,0.15895810723304749,0.17263633012771606,0.2794760465621948,0.17185145616531372,0.1631736159324646,0.16866061091423035,0.17350034415721893,0.21436087787151337,0.004799090325832367,4.5990555808117506e-10,3.927862621821987e-07,2.789468100949932e-10,1.1628233792526643e-10,4.363462480228009e-09
17550,0.18538182973861694,0.14730559289455414,0.17059101164340973,0.14499308168888092,0.1716231405735016,0.18010534346103668,0.2639201879501343,0.1501137614250183,0.22275979816913605,0.1422814428806305,0.22574569284915924,0.24962490797042847,0.0001785171771189198,4.8473686869998645e-11,2.4616969573898473e-10,1.4739090147486422e-05,4.94445018262013e-09,1.0261879540562902e-10
17600,0.1855579912662506,0.14512021839618683,0.1723247617483139,0.14704233407974243,0.17013509571552277,0.17981968820095062,0.268008828163147,0.14677859842777252,0.2309921383857727,0.15245430171489716,0.22466105222702026,0.2520650029182434,0.039445437490940094,0.08377023786306381,0.00011592606460908428,1.7778711480787024e-05,1.3846100955561269e-05,3.500860657368321e-06
17650,0.18303558230400085,0.1507570594549179,0.16931678354740143,0.14822320640087128,0.175167053937912,0.17350035905838013,0.24859604239463806,0.15202951431274414,0.22111466526985168,0.143071711063385,0.22917915880680084,0.22275975346565247,0.11508017033338547,0.06196758896112442,1.2234445810317993,0.005233798176050186,0.3484445810317993,0.1797446310520172
17700,0.19840236008167267,0.14558763802051544,0.17025570571422577,0.14620065689086914,0.17024916410446167,0.1693044751882553,0.30746036767959595,0.15493816137313843,0.23222199082374573,0.1560095101594925,0.23285481333732605,0.2288484126329422,0.11078239977359772,0.1797446310520172,0.16022413969039917,0.07888973504304886,0.22541265189647675,0.10020655393600464
17750,0.19220152497291565,0.14603614807128906,0.16608479619026184,0.1554328352212906,0.17092539370059967,0.1693192422389984,0.27199414372444153,0.13464903831481934,0.19897115230560303,0.16582877933979034,0.21333551406860352,0.20861488580703735,nan,nan,nan,nan,nan,nan
17800,0.19066782295703888,0.14913468062877655,0.17190325260162354,0.14858029782772064,0.16992542147636414,0.16978855431079865,0.26730889081954956,0.14446741342544556,0.21550844609737396,0.14260528981685638,0.2097223550081253,0.20931947231292725,nan,nan,nan,nan,nan,nan
17850,0.19564072787761688,0.15015184879302979,0.18223850429058075,0.14689433574676514,0.16598641872406006,0.1590881198644638,0.2911386489868164,0.16014668345451355,0.25601133704185486,0.14928726851940155,0.20977254211902618,0.18876086175441742,0.00010172421752940863,0.00023053328914102167,7.484903471777216e-05,4.691164434689199e-08,8.315283821502817e-07,5.602796449011294e-09
17900,0.19899940490722656,0.1488182246685028,0.1848115473985672,0.15448126196861267,0.16228482127189636,0.15060481429100037,0.31772616505622864,0.17243805527687073,0.2807435691356659,0.19111165404319763,0.2157517373561859,0.17840488255023956,nan,nan,nan,nan,nan,nan
17950,0.19887149333953857,0.150950089097023,0.17771220207214355,0.14923937618732452,0.1655336618423462,0.15769319236278534,0.3031688332557678,0.16277948021888733,0.24174733459949493,0.15506498515605927,0.2137528955936432,0.19352659583091736,0.6167226433753967,0.22541265189647675,0.04299908131361008,0.018149929121136665,0.7575989961624146,1.136871099472046
18000,0.20364294946193695,0.14754916727542877,0.17962805926799774,0.14720746874809265,0.1641894280910492,0.1577828824520111,0.34792736172676086,0.18842002749443054,0.28579992055892944,0.18727241456508636,0.24167324602603912,0.2216140627861023,0.001492742681875825,1.43072416136647e-08,6.758262394157555e-09,7.81148685291555e-07,0.03577728942036629,2.4061050680757035e-06
18050,0.19711536169052124,0.1445758193731308,0.19596193730831146,0.1475394368171692,0.15787099301815033,0.15693645179271698,0.3114689886569977,0.15794096887111664,0.30847856402397156,0.1679852306842804,0.20148815214633942,0.19854921102523804,0.008539875037968159,4.993718150103632e-08,3.889111610533291e-08,2.0007480915074094e-12,1.2135149655978505e-12,1.3046516124382013e-11
18100,0.1924668252468109,0.14995400607585907,0.19059263169765472,0.14721892774105072,0.16118177771568298,0.15858584642410278,0.26443368196487427,0.14088408648967743,0.2595898509025574,0.13177216053009033,0.1766251027584076,0.16858796775341034,9.596722722049478e-12,1.7656539208141253e-12,1.37509263958141e-12,3.939706633843132e-13,1.1513510631000479e-11,5.05868296470785e-13
18150,0.19420307874679565,0.15120266377925873,0.18420076370239258,0.15092909336090088,0.16088691353797913,0.15857745707035065,0.2512679994106293,0.12612630426883698,0.22482894361019135,0.1252208948135376,0.15716663002967834,0.14993734657764435,nan,nan,nan,nan,nan,nan
18200,0.1892533302307129,0.1546221822500229,0.17937588691711426,0.1518317610025406,0.16090695559978485,0.16400989890098572,0.22743576765060425,0.13379177451133728,0.22679761052131653,0.11204995959997177,0.14173053205013275,0.16195818781852722,1.0617679357528687,1.7014132738113403,3.6513001918792725,0.42870068550109863,0.5231232643127441,1.6004126071929932
18250,0.18534402549266815,0.16238456964492798,0.18261468410491943,0.14777778089046478,0.15789470076560974,0.1639842540025711,0.22342392802238464,0.15730081498622894,0.21600626409053802,0.11017192155122757,0.1432812660932541,0.16220228374004364,nan,nan,nan,nan,nan,nan
18300,0.18579553067684174,0.15897545218467712,0.17645865678787231,0.15076351165771484,0.16162914037704468,0.1663777232170105,0.21275754272937775,0.13480904698371887,0.18697747588157654,0.10829037427902222,0.14308638870716095,0.1575644463300705,nan,nan,nan,nan,nan,nan
