step,w1,w2,w3,w4,w5,w6,ema1,ema2,ema3,ema4,ema5,ema6,L1,L2,L3,L4,L5,L6
50,0.16473466157913208,0.30032530426979065,0.11046227812767029,0.1018674299120903,0.16194243729114532,0.16066786646842957,0.8161928653717041,0.9340843558311462,0.7538191080093384,0.753599226474762,0.8130932450294495,0.8120676875114441,0.029817547649145126,1.910224199295044,0.3868710398674011,1.7014132738113403,0.0019285932648926973,0.029750417917966843
100,0.22443710267543793,0.2114371806383133,0.10694421082735062,0.19551368057727814,0.1345762461423874,0.12709154188632965,0.6797000765800476,0.6697470545768738,0.5573112964630127,0.6568188667297363,0.595191478729248,0.5857495665550232,0.011701957322657108,0.000911466486286372,0.0040784431621432304,3.726646127688582e-06,6.144193321233615e-06,2.260326937175705e-06
150,0.17107994854450226,0.1993512511253357,0.12526413798332214,0.19692476093769073,0.17708328366279602,0.1302967071533203,0.5405882000923157,0.5702932476997375,0.49362707138061523,0.5613728165626526,0.5438425540924072,0.49321413040161133,0.24611346423625946,0.6931471824645996,0.6931471824645996,0.0031777266412973404,0.0024756852071732283,0.0019285932648926973
200,0.16974341869354248,0.191495880484581,0.1123276948928833,0.19725041091442108,0.13965831696987152,0.18952424824237823,0.5258098840713501,0.5449337363243103,0.45688381791114807,0.5497877597808838,0.4928174912929535,0.5432467460632324,0.08032739162445068,0.0031777266412973404,3.535687574185431e-05,4.5398901420412585e-05,5.8292964240536094e-05,0.005233798176050186
250,0.2022041380405426,0.2059415876865387,0.13901594281196594,0.11813832819461823,0.13048943877220154,0.2042105495929718,0.48757416009902954,0.4897976219654083,0.46757861971855164,0.39887502789497375,0.42142453789711,0.4885713458061218,0.08134990930557251,0.0015023101586848497,4.264163494110107,0.07888973504304886,0.6931471824645996,0.018149929121136665
300,0.185202494263649,0.2497473508119583,0.23028382658958435,0.13424403965473175,0.08903972804546356,0.11148252338171005,0.48816242814064026,0.5374953746795654,0.5241076350212097,0.4350765645503998,0.3673197031021118,0.404409259557724,0.0002153248933609575,1.013004202832235e-05,5.1090889331695255e-12,0.001170194591395557,4.8473686869998645e-11,2.2897348947448215e-11
350,0.23336291313171387,0.19199557602405548,0.18842385709285736,0.1405152976512909,0.10366591811180115,0.14203646779060364,0.5436192750930786,0.5098392963409424,0.5079578161239624,0.47141382098197937,0.43858352303504944,0.4601995050907135,0.16371259093284607,0.005233798176050186,0.12692801654338837,1.31326162815094,3.0485873222351074,0.014163456857204437
400,0.20549440383911133,0.2052764892578125,0.10212060064077377,0.15428242087364197,0.17862629890441895,0.1541997492313385,0.5207958221435547,0.5210795998573303,0.4048749804496765,0.47295960783958435,0.49840161204338074,0.4730510711669922,0.0543200746178627,0.10020655393600464,9.610703273210675e-05,0.00015844876179471612,0.12692801654338837,0.018149929121136665
450,0.1998618245124817,0.21293586492538452,0.12057570368051529,0.11493208259344101,0.22404958307743073,0.12764494121074677,0.44434642791748047,0.4544309675693512,0.3806227743625641,0.3660266101360321,0.4783354699611664,0.38773679733276367,0.6130030155181885,0.575939416885376,2.578889846801758,1.910224199295044,2.1269280910491943,2.3502066135406494
500,0.22186855971813202,0.1738683432340622,0.13132315874099731,0.12166363000869751,0.2164357304573059,0.1348406970500946,0.43214476108551025,0.3783854842185974,0.33722007274627686,0.3201237916946411,0.41408151388168335,0.33590829372406006,1.4154094457626343,0.06196758896112442,0.575939416885376,0.12692801654338837,0.018149929121136665,0.00861448422074318
550,0.269525945186615,0.16553069651126862,0.1406272053718567,0.11248909682035446,0.17702576518058777,0.13480137288570404,0.41065216064453125,0.3302021622657776,0.3038524091243744,0.26639553904533386,0.3412138521671295,0.2962515950202942,0.007832883857190609,0.006715348456054926,0.06196758896112442,6.144193321233615e-06,9.610703273210675e-05,1.7603447304281872e-06
600,0.24482667446136475,0.1511843353509903,0.12798401713371277,0.11397971212863922,0.19565947353839874,0.16636578738689423,0.37525519728660583,0.295527845621109,0.27629712224006653,0.24909824132919312,0.3380773961544037,0.31131789088249207,0.01909990981221199,0.0002034476783592254,0.8259393572807312,0.018149929121136665,0.0002034476783592254,0.00033540636650286615
650,0.26173144578933716,0.12632304430007935,0.12433025240898132,0.1221621185541153,0.15894465148448944,0.20650850236415863,0.3885643780231476,0.2640872895717621,0.2615973949432373,0.25934427976608276,0.30351826548576355,0.35163024067878723,0.4764336943626404,0.04858735203742981,0.06196758896112442,0.12692801654338837,0.20141328871250153,0.6931471824645996
700,0.22891676425933838,0.12199785560369492,0.1343540996313095,0.12422440201044083,0.11941920965909958,0.2710876166820526,0.4188935458660126,0.3153447210788727,0.3546420931816101,0.313769668340683,0.32021158933639526,0.4492778182029724,0.44460058212280273,0.4740769863128662,2.811967611312866,0.018149929121136665,1.31326162815094,0.6931471824645996
750,0.24691976606845856,0.11451683193445206,0.14573638141155243,0.12755268812179565,0.14803855121135712,0.21723572909832,0.3677741289138794,0.23755612969398499,0.2776896059513092,0.25555214285850525,0.2800767719745636,0.34331613779067993,0.34663528203964233,0.0024756852071732283,0.0380413718521595,0.023245465010404587,0.018149929121136665,0.014163456857204437
800,0.19671505689620972,0.1270136833190918,0.12678112089633942,0.19445806741714478,0.2119245082139969,0.14310753345489502,0.3736128509044647,0.30004334449768066,0.31032076478004456,0.36991190910339355,0.38420960307121277,0.319236695766449,0.21772919595241547,0.07888973504304886,1.136871099472046,0.0380413718521595,0.04858735203742981,0.029750417917966843
850,0.2181938886642456,0.18451984226703644,0.1231362372636795,0.1610681116580963,0.18056920170783997,0.13251276314258575,0.4255172312259674,0.4029000997543335,0.3361632823944092,0.3665901720523834,0.3843289911746979,0.33439069986343384,1.1972801685333252,1.7014132738113403,1.7014132738113403,0.3132617175579071,0.20141328871250153,0.3132617175579071
900,0.27569812536239624,0.17299188673496246,0.13085857033729553,0.13336989283561707,0.15446926653385162,0.13261231780052185,0.4433552324771881,0.3631523549556732,0.3170962929725647,0.3261622488498688,0.34384453296661377,0.32522234320640564,0.43047401309013367,0.10020655393600464,0.10020655393600464,0.6931471824645996,0.0380413718521595,0.6931471824645996
950,0.2759006917476654,0.17636094987392426,0.11535093188285828,0.1393267661333084,0.15607647597789764,0.136984184384346,0.40703877806663513,0.3308299481868744,0.26077795028686523,0.291936993598938,0.31067177653312683,0.28913918137550354,0.23706763982772827,7.484903471777216e-05,1.013004202832235e-05,6.144193321233615e-06,0.00033540636650286615,7.889293556218036e-06
1000,0.22533562779426575,0.17787620425224304,0.1327344924211502,0.1372065395116806,0.15648020803928375,0.17036691308021545,0.376019686460495,0.33619263768196106,0.2880709171295166,0.2933577299118042,0.3150504529476166,0.3290756046772003,0.08056779950857162,0.00015844876179471612,0.018149929121136665,7.484903471777216e-05,0.0005529314512386918,0.00015844876179471612
1050,0.22773078083992004,0.2283204346895218,0.15831755101680756,0.08813649415969849,0.1693948358297348,0.12809987366199493,0.40770038962364197,0.4049401581287384,0.3451429307460785,0.24789176881313324,0.3556841313838959,0.3095845580101013,0.3189535140991211,0.0002612244279589504,0.06196758896112442,0.001170194591395557,0.0002034476783592254,0.0007099223439581692
1100,0.18044167757034302,0.25437381863594055,0.1613193303346634,0.12762248516082764,0.1385374367237091,0.13770514726638794,0.36668235063552856,0.4242088198661804,0.3472013771533966,0.30765148997306824,0.32119205594062805,0.32004982233047485,0.22667118906974792,0.3132617175579071,0.12692801654338837,0.0380413718521595,0.0380413718521595,0.023245465010404587
1150,0.23756195604801178,0.17196573317050934,0.13452735543251038,0.1395629644393921,0.13170062005519867,0.18468135595321655,0.3838139474391937,0.33113735914230347,0.2897531986236572,0.29396212100982666,0.28364983201026917,0.3387868404388428,0.4100376069545746,0.4740769863128662,0.3868710398674011,0.20141328871250153,0.12692801654338837,0.06196758896112442
1200,0.24273283779621124,0.1550750732421875,0.14598165452480316,0.1492634266614914,0.13717204332351685,0.16977502405643463,0.3918803930282593,0.31806185841560364,0.30364790558815,0.30828791856765747,0.2955992519855499,0.33078354597091675,0.4630729556083679,0.4740769863128662,0.029750417917966843,0.12692801654338837,0.2519291043281555,0.2519291043281555
1250,0.21704766154289246,0.26350080966949463,0.12990690767765045,0.12855862081050873,0.11076817661523819,0.15021783113479614,0.3745546340942383,0.40553051233291626,0.28982916474342346,0.28711116313934326,0.2625703811645508,0.3131767809391022,0.1033235415816307,0.000911466486286372,0.10020655393600464,0.0005529314512386918,0.0040784431621432304,0.0380413718521595
1300,0.22787553071975708,0.2136378437280655,0.15001550316810608,0.13570067286491394,0.12375569343566895,0.1490146964788437,0.3936246633529663,0.3827374577522278,0.3244021236896515,0.30785536766052246,0.2926504611968994,0.32329678535461426,0.024341730400919914,0.00015844876179471612,9.610703273210675e-05,0.00015844876179471612,1.3007213055971079e-05,1.013004202832235e-05
1350,0.21572650969028473,0.21042196452617645,0.1374141126871109,0.10373267531394958,0.11811728775501251,0.21458755433559418,0.4168038070201874,0.4122583270072937,0.3419496417045593,0.2956065237522125,0.31698158383369446,0.41549280285835266,0.04375211149454117,1.0677034651962458e-06,4.5398901420412585e-05,0.005233798176050186,3.535687574185431e-05,1.3709582162846345e-06
1400,0.2273428589105606,0.2057204246520996,0.13289563357830048,0.11773928254842758,0.12817828357219696,0.18812350928783417,0.32287880778312683,0.30638378858566284,0.2342889904975891,0.21431060135364532,0.23219166696071625,0.29171574115753174,0.00047341169556602836,6.475950158346677e-07,0.0002612244279589504,0.000430649786721915,0.3868710398674011,0.00861448422074318
1450,0.16399915516376495,0.18576061725616455,0.1540139615535736,0.1041109561920166,0.20454013347625732,0.18757520616054535,0.3539465665817261,0.3744935989379883,0.34356987476348877,0.2789582312107086,0.3903838098049164,0.3760974109172821,0.001170194591395557,1.6701560525689274e-05,1.0677034651962458e-06,4.785106284543872e-06,1.8553913605501293e-07,1.1253516873921399e-07
1500,0.15232153236865997,0.1879970282316208,0.13479666411876678,0.12095753848552704,0.22689485549926758,0.17703236639499664,0.3852784037590027,0.41949689388275146,0.3646172285079956,0.34670788049697876,0.45049944519996643,0.40955305099487305,0.05346095189452171,0.0031777266412973404,0.0040784431621432304,0.0005529314512386918,0.000430649786721915,0.00033540636650286615
1550,0.17498496174812317,0.18990667164325714,0.14067140221595764,0.12540416419506073,0.1907890886068344,0.17824365198612213,0.3251293897628784,0.3386068642139435,0.28908392786979675,0.2701151967048645,0.3397555351257324,0.32843920588493347,0.007112735882401466,0.004620229359716177,0.0040784431621432304,0.0028048569802194834,0.04299908131361008,0.03364570066332817
1600,0.2016196846961975,0.1660364270210266,0.14934183657169342,0.12011946737766266,0.1950666308403015,0.1678158938884735,0.34034013748168945,0.308414489030838,0.2975635230541229,0.25482821464538574,0.3394448757171631,0.30990397930145264,0.01841171458363533,0.029750417917966843,0.6931471824645996,0.012509570457041264,0.4740769863128662,0.0028048569802194834
1650,0.1801794022321701,0.13420598208904266,0.14311647415161133,0.14400933682918549,0.19182804226875305,0.20666083693504333,0.3045848608016968,0.25578227639198303,0.2662881314754486,0.2673143148422241,0.32432329654693604,0.3270132839679718,0.03389589488506317,0.014163456857204437,0.0040784431621432304,0.0040784431621432304,0.9740769863128662,0.014163456857204437
1700,0.2098875790834427,0.13322825729846954,0.1356286108493805,0.15096831321716309,0.2176586538553238,0.15262861549854279,0.33730006217956543,0.260436087846756,0.2618906497955322,0.27947157621383667,0.3404461145401001,0.2814061939716339,0.3472365438938141,0.16022413969039917,0.011047745123505592,0.001170194591395557,0.06196758896112442,0.014163456857204437
1750,0.17016349732875824,0.10774196684360504,0.15104267001152039,0.15822245180606842,0.26240649819374084,0.15042288601398468,0.30316007137298584,0.22598174214363098,0.28641679883003235,0.29142409563064575,0.37331119179725647,0.2825165092945099,0.6056925058364868,0.42870068550109863,0.8981232643127441,0.6325990557670593,0.4740769863128662,0.575939416885376
1800,0.1957743912935257,0.14011892676353455,0.12980316579341888,0.15311859548091888,0.2134319692850113,0.16775290668010712,0.33957311511039734,0.2845742404460907,0.27158021926879883,0.29884788393974304,0.3542499244213104,0.3138973116874695,0.019151298329234123,0.0380413718521595,0.000430649786721915,0.0015023101586848497,0.06196758896112442,0.00033540636650286615
1850,0.2236541509628296,0.17904359102249146,0.17546752095222473,0.1364714652299881,0.15894947946071625,0.12641377747058868,0.3111456334590912,0.27444493770599365,0.2717285752296448,0.22963809967041016,0.25479575991630554,0.21700648963451385,1.9857486677210545e-07,0.0007099223439581692,0.06196758896112442,1.7603447304281872e-06,8.764247638737288e-08,9.23744991609965e-09
1900,0.21717770397663116,0.21428202092647552,0.16261863708496094,0.11813007295131683,0.12297109514474869,0.16482050716876984,0.30444812774658203,0.304939866065979,0.2632176876068115,0.20481793582439423,0.21047306060791016,0.2755194902420044,0.042606525123119354,0.3132617175579071,0.6931471824645996,0.12692801654338837,0.029750417917966843,1.7014132738113403
1950,0.20411068201065063,0.2106730192899704,0.19404087960720062,0.12327577918767929,0.11123890429735184,0.15666063129901886,0.3037148714065552,0.303999662399292,0.29969024658203125,0.22295214235782623,0.19979828596115112,0.25512248277664185,1.0696004629135132,0.575939416885376,1.5019291639328003,1.31326162815094,0.6931471824645996,0.575939416885376
2000,0.21029238402843475,0.19076430797576904,0.21103206276893616,0.11101561039686203,0.12736864387989044,0.14952698349952698,0.32171911001205444,0.30670756101608276,0.3208678960800171,0.21486273407936096,0.2375362068414688,0.2640005946159363,0.14498524367809296,0.2519291043281555,0.0019285932648926973,1.013004202832235e-05,1.6701560525689274e-05,8.315283821502817e-07
2050,0.21255826950073242,0.17697489261627197,0.1710498183965683,0.1149846538901329,0.15342353284358978,0.17100884020328522,0.3168914020061493,0.28645753860473633,0.28083980083465576,0.21533820033073425,0.26289328932762146,0.28079789876937866,0.020609550178050995,0.00015844876179471612,0.0002612244279589504,0.0031777266412973404,2.7536072593647987e-05,2.7536072593647987e-05
2100,0.18326160311698914,0.16212144494056702,0.1936199963092804,0.14787772297859192,0.1496601104736328,0.16345910727977753,0.3072214424610138,0.2799100875854492,0.31565171480178833,0.2694820463657379,0.26782992482185364,0.2815689146518707,0.7573374509811401,0.04858735203742981,0.6931471824645996,0.5231232643127441,0.16022413969039917,0.07888973504304886
2150,0.2324354201555252,0.13839846849441528,0.202113077044487,0.14732597768306732,0.13418737053871155,0.14553974568843842,0.3356783986091614,0.2683666944503784,0.3260389566421509,0.2565160393714905,0.249239981174469,0.27910315990448,1.7060766220092773,3.529750347137451,3.0485873222351074,1.31326162815094,2.1269280910491943,3.773245334625244
2200,0.20162129402160645,0.13354699313640594,0.17506127059459686,0.13847823441028595,0.15923264622688293,0.19205954670906067,0.36344602704048157,0.2954426109790802,0.34010517597198486,0.30142539739608765,0.324468195438385,0.355395644903183,0.003375352593138814,2.9023162824159954e-06,1.8553913605501293e-07,3.224186784223093e-08,7.99195987166712e-11,1.0261879540562902e-10
2250,0.22823835909366608,0.11455324292182922,0.17263168096542358,0.19395135343074799,0.14525963366031647,0.14536568522453308,0.3557140529155731,0.23818624019622803,0.30721864104270935,0.32813265919685364,0.2773709297180176,0.2849913537502289,0.7653611898422241,0.3868710398674011,0.5231232643127441,0.6931471824645996,0.3868710398674011,1.136871099472046
2300,0.2390149086713791,0.13923972845077515,0.15318836271762848,0.17155741155147552,0.13919572532176971,0.15780380368232727,0.3631671369075775,0.27185478806495667,0.2875424921512604,0.30625924468040466,0.2721248269081116,0.29247093200683594,0.24555981159210205,0.029750417917966843,0.023245465010404587,0.02630019560456276,0.06196758896112442,0.02630019560456276
2350,0.25418657064437866,0.12572114169597626,0.11834415048360825,0.1565636247396469,0.18691861629486084,0.15826593339443207,0.3729470372200012,0.25469455122947693,0.2547052800655365,0.2928653955459595,0.32716187834739685,0.29251086711883545,0.26409459114074707,0.05488218367099762,1.0537006855010986,0.2519291043281555,0.7575989961624146,0.0380413718521595
2400,0.23571482300758362,0.12482985854148865,0.12108920514583588,0.15547825396060944,0.19510291516780853,0.16778497397899628,0.3369947671890259,0.22604060173034668,0.2211860716342926,0.27623099088668823,0.3072039783000946,0.27483633160591125,0.6166002750396729,0.00975591130554676,0.02630019560456276,1.4061501026153564,0.7575989961624146,0.00975591130554676
2450,0.2290709912776947,0.16873116791248322,0.11030367016792297,0.13595181703567505,0.1427452564239502,0.21319712698459625,0.3016154170036316,0.2511672079563141,0.181030735373497,0.21552619338035583,0.2235717624425888,0.2897624373435974,0.0003549611719790846,8.878265418850451e-13,8.315283821502817e-07,1.0261879540562902e-10,1.3887944613766301e-11,6.224144116773189e-11
2500,0.20523642003536224,0.23737271130084991,0.12003043293952942,0.13415655493736267,0.12999668717384338,0.17320723831653595,0.35364580154418945,0.377568781375885,0.2650555372238159,0.2834137976169586,0.27821654081344604,0.32556819915771484,0.00814077164977789,0.0002034476783592254,5.602796449011294e-09,8.315283821502817e-07,5.043475539423525e-07,1.5229980832032197e-08
2550,0.22363969683647156,0.2251196652650833,0.11279238015413284,0.12554939091205597,0.16228097677230835,0.15061786770820618,0.35131219029426575,0.3544197380542755,0.23805320262908936,0.2557569444179535,0.2979930341243744,0.28566527366638184,0.05000448226928711,0.2519291043281555,0.018149929121136665,0.020541900768876076,0.00975591130554676,0.007606093771755695
2600,0.24139009416103363,0.2127392441034317,0.12428651750087738,0.12415968626737595,0.14760786294937134,0.14981655776500702,0.35979804396629333,0.34077611565589905,0.2502056062221527,0.2519238293170929,0.28046727180480957,0.2792673707008362,1.3194000720977783,1.5019291639328003,1.31326162815094,1.5019291639328003,1.5019291639328003,1.136871099472046
2650,0.2254529893398285,0.1594666689634323,0.1579751819372177,0.12365081906318665,0.1675640195608139,0.16589027643203735,0.33794504404067993,0.274394690990448,0.27178695797920227,0.2328413873910904,0.2812178134918213,0.2784688472747803,1.0283368825912476,0.3868710398674011,0.28115013241767883,0.42870068550109863,0.2519291043281555,0.14267505705356598
2700,0.22868333756923676,0.1865832656621933,0.15909028053283691,0.14448601007461548,0.13184866309165955,0.14930842816829681,0.34762558341026306,0.31224003434181213,0.28659000992774963,0.2719326317310333,0.2572147846221924,0.30081474781036377,0.34167370200157166,0.16022413969039917,0.22541262209415436,0.3484445810317993,0.3868710398674011,2.6949362754821777
2750,0.22707268595695496,0.16441449522972107,0.13955429196357727,0.14986398816108704,0.14175230264663696,0.1773422360420227,0.31425952911376953,0.2589383125305176,0.23206421732902527,0.24503377079963684,0.2332729697227478,0.2702980637550354,0.34728333353996277,0.14267505705356598,0.16022413969039917,0.28115013241767883,0.023245465010404587,0.029750417917966843
2800,0.26159921288490295,0.1746055632829666,0.12565936148166656,0.1420120894908905,0.1328771710395813,0.16324663162231445,0.31202203035354614,0.2453123778104782,0.19103486835956573,0.21122051775455475,0.20025016367435455,0.23421326279640198,0.0002765379613265395,3.927862621821987e-07,1.0677034651962458e-06,1.1861120086109622e-08,5.043475539423525e-07,1.9555681518568235e-08
2850,0.2548754811286926,0.23255206644535065,0.12901343405246735,0.12252888828516006,0.11818760633468628,0.14284250140190125,0.29385578632354736,0.2777124047279358,0.18147210776805878,0.17274993658065796,0.17074967920780182,0.1982734203338623,0.10440574586391449,0.0024756852071732283,0.10020655393600464,0.07888973504304886,0.4740769863128662,0.10020655393600464
2900,0.21824459731578827,0.21297624707221985,0.18687275052070618,0.12957757711410522,0.13138508796691895,0.12094372510910034,0.31686457991600037,0.31001341342926025,0.29241159558296204,0.22949716448783875,0.2323494702577591,0.2171010673046112,0.7106232643127441,0.42870068550109863,0.8259393572807312,0.575939416885376,0.6325990557670593,0.4740769863128662
2950,0.25550705194473267,0.19737116992473602,0.17098522186279297,0.15632055699825287,0.11667259782552719,0.1031433492898941,0.3591483533382416,0.3108538091182709,0.2926795482635498,0.2711852490901947,0.22294718027114868,0.20255301892757416,0.7124289274215698,0.14267505705356598,0.6931471824645996,0.023245465010404587,0.02630019560456276,0.020541900768876076
3000,0.2697298526763916,0.15774191915988922,0.16646377742290497,0.1480536311864853,0.1390460729598999,0.11896468698978424,0.3615228235721588,0.26624298095703125,0.2743349075317383,0.25499701499938965,0.2446414828300476,0.21890634298324585,0.755271852016449,0.07888973504304886,9.610703273210675e-05,0.00015844876179471612,0.000296000944217667,0.000430649786721915
3050,0.2888129651546478,0.2000901699066162,0.1526501327753067,0.12701337039470673,0.12756262719631195,0.10387071222066879,0.360092431306839,0.2992953956127167,0.2548348605632782,0.22428539395332336,0.2251197248697281,0.19169680774211884,0.028095651417970657,0.0040784431621432304,0.023245465010404587,0.0019285932648926973,0.014163456857204437,0.06196758896112442
3100,0.2530304491519928,0.16096895933151245,0.15334747731685638,0.16955527663230896,0.13314621150493622,0.1299515664577484,0.3026866912841797,0.22748449444770813,0.21949422359466553,0.23622891306877136,0.19619356095790863,0.19216962158679962,0.05846555531024933,0.001170194591395557,0.0024756852071732283,0.018149929121136665,0.0031777266412973404,0.0015023101586848497
3150,0.275169312953949,0.13376715779304504,0.16644369065761566,0.1200166717171669,0.14645780622959137,0.15814542770385742,0.325105220079422,0.20607204735279083,0.24213719367980957,0.18817450106143951,0.22102709114551544,0.23369541764259338,0.0021009226329624653,2.510999053129126e-08,0.00033540636650286615,1.5229980832032197e-08,1.8553913605501293e-07,6.475950158346677e-07
3200,0.24047018587589264,0.17143118381500244,0.16222840547561646,0.12724502384662628,0.17572219669818878,0.1229030191898346,0.3533591032028198,0.29666370153427124,0.28772878646850586,0.24734877049922943,0.30082258582115173,0.24394577741622925,0.14767442643642426,0.06196758896112442,0.07888973504304886,0.04858735203742981,0.06993620097637177,0.28115013241767883
3250,0.24066147208213806,0.1597721129655838,0.14895924925804138,0.1426953673362732,0.1694301813840866,0.13848163187503815,0.33433419466018677,0.264069527387619,0.25359952449798584,0.24526099860668182,0.27375373244285583,0.24217857420444489,0.4100376069545746,0.14267505705356598,0.2519291043281555,0.12692801654338837,0.14267505705356598,0.3132617175579071
3300,0.2558784484863281,0.1623374968767166,0.1558295339345932,0.1508593112230301,0.13862796127796173,0.13646720349788666,0.34654536843299866,0.2695196568965912,0.2647913098335266,0.2579006254673004,0.25769925117492676,0.24395659565925598,0.27354758977890015,0.07888973504304886,0.28115013241767883,0.12692801654338837,1.5019291639328003,0.3868710398674011
3350,0.32805323600769043,0.1472512036561966,0.13735507428646088,0.12916278839111328,0.13622841238975525,0.12194931507110596,0.3577058017253876,0.22396855056285858,0.21248939633369446,0.20234259963035583,0.21113039553165436,0.192860409617424,0.15663085877895355,1.6918980105806725e-10,9.23744991609965e-09,2.1724398668876432e-10,1.5229980832032197e-08,6.144193321233615e-06
3400,0.3306026756763458,0.1573023498058319,0.10999634116888046,0.14975886046886444,0.14000162482261658,0.1123381182551384,0.37174534797668457,0.24563319981098175,0.19849565625190735,0.24413272738456726,0.22579482197761536,0.18896640837192535,0.6691421866416931,0.3132617175579071,1.5019291639328003,0.9740769863128662,0.2519291043281555,0.20141328871250153
3450,0.30184462666511536,0.12696793675422668,0.18923257291316986,0.1345823109149933,0.1509069800376892,0.09646563977003098,0.3979487717151642,0.25506243109703064,0.32090437412261963,0.26467227935791016,0.28356271982192993,0.20972906053066254,9.992912737288862e-07,2.2159490242756874e-08,2.335593052293916e-09,4.222842107992619e-06,1.2751904421293148e-07,1.0467402056235642e-08
3500,0.2749987542629242,0.13557393848896027,0.17848241329193115,0.1768377721309662,0.13596798479557037,0.0981391966342926,0.3938049376010895,0.27692967653274536,0.32507094740867615,0.3208080530166626,0.277427077293396,0.22412124276161194,0.021984990686178207,0.0040784431621432304,0.28115013241767883,0.007606093771755695,0.005928608123213053,0.05488218367099762
3550,0.25843074917793274,0.13305243849754333,0.17087267339229584,0.16962547600269318,0.14021086692810059,0.12780779600143433,0.3486326038837433,0.2374270260334015,0.2791242301464081,0.27749720215797424,0.24501650035381317,0.23120971024036407,0.5533380508422852,0.3868710398674011,0.42870068550109863,0.3868710398674011,0.28115013241767883,0.42870068550109863
3600,0.2883976995944977,0.13360342383384705,0.14525258541107178,0.15690478682518005,0.14484456181526184,0.13099688291549683,0.3552109897136688,0.22336074709892273,0.23715448379516602,0.25060853362083435,0.2347569316625595,0.2165912538766861,1.3147974014282227,0.8259393572807312,0.8259393572807312,0.8981232643127441,0.6325990557670593,0.4740769863128662
3650,0.25943365693092346,0.14590604603290558,0.15556427836418152,0.16799437999725342,0.13786356151103973,0.1332380771636963,0.3342592120170593,0.22329965233802795,0.23508478701114655,0.25128304958343506,0.22287917137145996,0.21497061848640442,1.7598021030426025,0.16022413969039917,0.28115013241767883,0.6325990557670593,1.0537006855010986,0.8259393572807312
3700,0.2467246949672699,0.15924286842346191,0.16675639152526855,0.1340731531381607,0.1496739685535431,0.14352889358997345,0.3455362319946289,0.2732687294483185,0.2808758616447449,0.24488133192062378,0.26337993144989014,0.2561284601688385,0.002352521987631917,2.9023162824159954e-06,7.889293556218036e-06,6.144193321233615e-06,0.03364570066332817,0.00023053328914102167
3750,0.2627584636211395,0.1714523434638977,0.14792951941490173,0.1310490071773529,0.15038113296031952,0.13642945885658264,0.34041938185691833,0.26991456747055054,0.2381923794746399,0.22142209112644196,0.23988591134548187,0.22882063686847687,1.3194000720977783,1.31326162815094,0.575939416885376,0.8981232643127441,0.4740769863128662,0.9740769863128662
3800,0.2971664369106293,0.1467130482196808,0.12139835953712463,0.1351882666349411,0.15219657123088837,0.14733733236789703,0.3156571090221405,0.1986341029405594,0.16760434210300446,0.1850607544183731,0.21867410838603973,0.20448988676071167,0.06398039311170578,0.007606093771755695,0.029750417917966843,0.00013983185635879636,1.4061501026153564,0.5231232643127441
3850,0.28902196884155273,0.16439594328403473,0.12580643594264984,0.1271771639585495,0.16658815741539001,0.12701036036014557,0.2914447784423828,0.19830967485904694,0.15541666746139526,0.15655510127544403,0.2005121111869812,0.15614885091781616,0.005729041062295437,0.0019285932648926973,0.12692801654338837,0.06196758896112442,0.0036000751424580812,0.04299908131361008
3900,0.28361424803733826,0.15600386261940002,0.11659687012434006,0.13431017100811005,0.1835295557975769,0.12594525516033173,0.2857722043991089,0.18714605271816254,0.1391049027442932,0.16244076192378998,0.21396106481552124,0.1518305242061615,1.703331918179174e-06,7.194133289090132e-09,2.510999053129126e-08,6.475950158346677e-07,0.00033540636650286615,1.9555681518568235e-08
3950,0.22236427664756775,0.14948531985282898,0.1723947376012802,0.14176930487155914,0.18969523906707764,0.12429117411375046,0.25773075222969055,0.19220300018787384,0.2157086879014969,0.18344148993492126,0.23149380087852478,0.1617274284362793,0.0025001431349664927,0.0021851020865142345,4.006448943982832e-05,0.0004879761836491525,0.0006265303236432374,5.144353781361133e-05
4000,0.27166494727134705,0.12416595965623856,0.26190298795700073,0.09055114537477493,0.15266552567481995,0.09904942661523819,0.33222880959510803,0.2001751810312271,0.32331907749176025,0.14825046062469482,0.23436464369297028,0.1628701388835907,0.2881850302219391,0.0015023101586848497,0.0010327640920877457,0.018149929121136665,0.011047745123505592,3.059022617435403e-07
4050,0.2690359652042389,0.11851564049720764,0.2567163407802582,0.09769361466169357,0.13559865951538086,0.12243983894586563,0.3127208948135376,0.17576700448989868,0.3031737804412842,0.14799055457115173,0.1996683031320572,0.1897544115781784,0.2815082371234894,0.1128222793340683,0.10020655393600464,0.5231232643127441,0.28115013241767883,0.9740769863128662
4100,0.2637012302875519,0.18089351058006287,0.226361945271492,0.09004334360361099,0.12478139996528625,0.11421864479780197,0.32756856083869934,0.2645733654499054,0.301566481590271,0.14946217834949493,0.20329710841178894,0.1887030303478241,0.08096315711736679,0.000430649786721915,1.5534990325249964e-06,6.023574172786539e-08,1.0467402056235642e-08,6.348800152267131e-09
4150,0.24056418240070343,0.16813531517982483,0.2159438133239746,0.12715555727481842,0.12230212986469269,0.12589886784553528,0.2765895426273346,0.21748417615890503,0.25877469778060913,0.17138954997062683,0.16496829688549042,0.16975072026252747,2.728734784795961e-07,5.8292964240536094e-05,4.450851349702134e-07,8.315283821502817e-07,1.3709582162846345e-06,1.3440409674103648e-08
4200,0.23649106919765472,0.17855806648731232,0.1979736089706421,0.14683856070041656,0.121148020029068,0.11899060755968094,0.2984878122806549,0.2464432567358017,0.26647311449050903,0.21430633962154388,0.1835559904575348,0.1807863712310791,0.6166002750396729,0.04858735203742981,0.3484445810317993,0.06196758896112442,0.16022413969039917,0.1797446310520172
4250,0.2666530907154083,0.14880584180355072,0.1662110537290573,0.13065680861473083,0.1745520681142807,0.11312097311019897,0.29201313853263855,0.19644998013973236,0.22845160961151123,0.17747534811496735,0.22278079390525818,0.15022465586662292,0.15717606246471405,0.22541265189647675,1.6004126071929932,0.4740769863128662,0.22541265189647675,0.12692801654338837
4300,0.23054340481758118,0.18924111127853394,0.2482675462961197,0.11130151897668839,0.11456213146448135,0.10608424246311188,0.3049485385417938,0.2722719609737396,0.3170669972896576,0.18469342589378357,0.1894577145576477,0.176771879196167,0.010270951315760612,6.023574172786539e-08,3.6534821390432626e-08,6.023574172786539e-08,1.917171560394948e-10,2.789468100949932e-10
4350,0.26794782280921936,0.20267444849014282,0.1764833629131317,0.11854786425828934,0.13058426976203918,0.10376228392124176,0.34459513425827026,0.2984336316585541,0.27472949028015137,0.20910967886447906,0.22519467771053314,0.18709203600883484,0.09843210875988007,0.08893946558237076,0.0017021704697981477,0.005233798176050186,0.018149929121136665,0.0015023101586848497
4400,0.22448480129241943,0.21189038455486298,0.19766658544540405,0.11539658904075623,0.13627247512340546,0.11428917944431305,0.2976186275482178,0.28809139132499695,0.2768074572086334,0.18782241642475128,0.21525968611240387,0.18623073399066925,3.316214133519679e-05,7.734421814120651e-08,0.018149929121136665,5.8292964240536094e-05,0.00013983185635879636,3.6534821390432626e-08
4450,0.20707274973392487,0.17166410386562347,0.19883187115192413,0.12562398612499237,0.15265311300754547,0.14415426552295685,0.3127468228340149,0.28180426359176636,0.3060460686683655,0.23028358817100525,0.26243796944618225,0.2529860734939575,3.6002588785777334e-06,1.1253516873921399e-07,6.023574172786539e-08,3.466327029855165e-07,1.7603447304281872e-06,2.382369359565928e-07
4500,0.23702570796012878,0.16669079661369324,0.16583983600139618,0.13516058027744293,0.1500328630208969,0.14525017142295837,0.29718491435050964,0.24142618477344513,0.2405816912651062,0.20206500589847565,0.21928948163986206,0.21689188480377197,0.5250082015991211,0.7575989961624146,0.7575989961624146,0.28115013241767883,0.28115013241767883,0.575939416885376
4550,0.26952075958251953,0.1730104386806488,0.14711372554302216,0.12478950619697571,0.14469604194164276,0.14086952805519104,0.292894184589386,0.2276831865310669,0.18866504728794098,0.16000980138778687,0.18456341326236725,0.18547062575817108,0.6129052639007568,1.4061501026153564,0.1797446310520172,0.029750417917966843,0.04299908131361008,0.575939416885376
4600,0.2703123986721039,0.14687655866146088,0.15544244647026062,0.1517280638217926,0.14335814118385315,0.1322823315858841,0.28831392526626587,0.18316495418548584,0.19251440465450287,0.18852367997169495,0.1791609227657318,0.16589368879795074,0.45046406984329224,0.00033540636650286615,1.013004202832235e-05,1.7603447304281872e-06,3.927862621821987e-07,6.475950158346677e-07
4650,0.25081419944763184,0.13110333681106567,0.16614466905593872,0.13395053148269653,0.16985006630420685,0.14813724160194397,0.28542202711105347,0.17642173171043396,0.23598617315292358,0.1826622635126114,0.21844246983528137,0.1975855976343155,0.2749289274215698,0.07888973504304886,2.1269280910491943,0.3484445810317993,0.00861448422074318,0.1797446310520172
4700,0.2330482453107834,0.12714724242687225,0.14966756105422974,0.1475026160478592,0.17131085693836212,0.17132344841957092,0.2658369243144989,0.1657472550868988,0.19265395402908325,0.19024981558322906,0.21493938565254211,0.2149515151977539,0.011622735299170017,1.3440409674103648e-08,1.2751904421293148e-07,2.9023162824159954e-06,2.998960857425459e-09,4.363462480228009e-09
4750,0.23583997786045074,0.14256857335567474,0.1352747231721878,0.1260213702917099,0.18658646941184998,0.17370900511741638,0.262351393699646,0.17618966102600098,0.16746628284454346,0.1557958871126175,0.2205287665128708,0.20872873067855835,0.3171505630016327,0.005928608123213053,9.610703273210675e-05,0.0021851020865142345,0.00015844876179471612,0.0001234021910931915
4800,0.24927404522895813,0.1617661416530609,0.15679162740707397,0.12393412739038467,0.1643933653831482,0.1438407599925995,0.31084924936294556,0.23810839653015137,0.23458470404148102,0.20019422471523285,0.265666127204895,0.2507210373878479,0.22840362787246704,0.08893946558237076,0.2519291043281555,0.6931471824645996,2.578889846801758,3.288041353225708
4850,0.21994543075561523,0.13569176197052002,0.12979896366596222,0.14077651500701904,0.1769789755344391,0.19680827856063843,0.3156186640262604,0.23592472076416016,0.22859887778759003,0.24199475347995758,0.2797561287879944,0.2972790002822876,9.039560211476783e-08,1.4449801710725296e-07,9.931194000500909e-08,6.144193321233615e-06,9.422450375495828e-07,2.2159490242756874e-08
4900,0.234445258975029,0.14248307049274445,0.12622366845607758,0.13533718883991241,0.18409661948680878,0.17741408944129944,0.2823403775691986,0.20019254088401794,0.17997977137565613,0.19221162796020508,0.2422017902135849,0.23613221943378448,0.035843536257743835,0.0380413718521595,0.016034256666898727,0.08893946558237076,0.011047745123505592,0.014163456857204437
4950,0.2333793342113495,0.15194198489189148,0.14376361668109894,0.1465323269367218,0.17173098027706146,0.1526518017053604,0.26505914330482483,0.1972636580467224,0.1768180876970291,0.18623925745487213,0.20619352161884308,0.18684546649456024,0.8351743817329407,1.136871099472046,0.005233798176050186,0.6325990557670593,0.00975591130554676,0.018149929121136665
5000,0.2327497899532318,0.17294436693191528,0.16834664344787598,0.1385171115398407,0.14775393903255463,0.13968811929225922,0.2875116467475891,0.23847804963588715,0.23403207957744598,0.20185193419456482,0.21250340342521667,0.20324094593524933,0.0029643040616065264,8.939736289903522e-06,1.493094675675266e-10,3.2887544421100756e-06,2.998960857425459e-09,2.335593052293916e-09
5050,0.22253067791461945,0.17346355319023132,0.1814837008714676,0.12457500398159027,0.15208056569099426,0.1458665430545807,0.24540403485298157,0.20429058372974396,0.21174836158752441,0.14966575801372528,0.18258365988731384,0.17570136487483978,0.0012378426035866141,1.0261879540562902e-10,3.726646127688582e-06,1.8553913605501293e-07,5.905304023556823e-10,0.0001234021910931915
5100,0.22777341306209564,0.14771635830402374,0.15290100872516632,0.12445730715990067,0.1617797315120697,0.18537208437919617,0.23582004010677338,0.16436028480529785,0.17004963755607605,0.13709008693695068,0.179544597864151,0.20183150470256805,0.0007885795785114169,0.0002612244279589504,5.315785500670245e-08,0.10020655393600464,0.018149929121136665,0.0007099223439581692
5150,0.2305474430322647,0.12436877191066742,0.20234549045562744,0.12437321245670319,0.14226378500461578,0.17610132694244385,0.23658542335033417,0.13473793864250183,0.21504776179790497,0.13474643230438232,0.15691924095153809,0.19212651252746582,0.0008584547904320061,1.2751904421293148e-07,1.3007213055971079e-05,0.0002612244279589504,4.222842107992619e-06,1.8925327822216786e-05
5200,0.25986045598983765,0.13946238160133362,0.16026407480239868,0.11574801057577133,0.14340807497501373,0.18125709891319275,0.2553827464580536,0.15837876498699188,0.17942771315574646,0.12346901744604111,0.16548216342926025,0.19586960971355438,0.007563094142824411,0.575939416885376,0.3868710398674011,0.16022413969039917,0.8259393572807312,1.6701560525689274e-05
5250,0.22230924665927887,0.15604452788829803,0.15678782761096954,0.13829180598258972,0.16387808322906494,0.1626884639263153,0.233272984623909,0.1767888367176056,0.17031557857990265,0.15020374953746796,0.19362549483776093,0.18234071135520935,0.6345432996749878,0.8259393572807312,0.10020655393600464,0.16022413969039917,1.7014132738113403,0.6931471824645996
5300,0.22898145020008087,0.1968277096748352,0.1301574856042862,0.13808728754520416,0.1608617752790451,0.14508430659770966,0.2614491879940033,0.24299883842468262,0.16890893876552582,0.18607158958911896,0.20501038432121277,0.18594446778297424,0.24650317430496216,0.8981232643127441,0.3132617175579071,1.0537006855010986,0.42870068550109863,0.22541265189647675
5350,0.24211886525154114,0.16369940340518951,0.1318105161190033,0.13723957538604736,0.1537296622991562,0.1714019924402237,0.2973020374774933,0.23271939158439636,0.19696862995624542,0.20362867414951324,0.2223505675792694,0.240305095911026,0.00031327770557254553,9.610703273210675e-05,1.4739090147486422e-05,3.535687574185431e-05,1.013004202832235e-05,3.224186784223093e-08
5400,0.20147518813610077,0.18993882834911346,0.12641394138336182,0.16153807938098907,0.16995219886302948,0.1506817638874054,0.2766443192958832,0.26780641078948975,0.19899839162826538,0.23945294320583344,0.2480698674917221,0.22746476531028748,0.1628096103668213,0.2519291043281555,0.08893946558237076,0.08893946558237076,0.1128222793340683,0.0380413718521595
5450,0.18407760560512543,0.15918004512786865,0.12977439165115356,0.16583433747291565,0.1878727227449417,0.17326080799102783,0.24794529378414154,0.22349236905574799,0.18978701531887054,0.2302563637495041,0.2508796155452728,0.2374701052904129,0.04851983115077019,0.0010327640920877457,0.000430649786721915,0.0017021704697981477,0.005233798176050186,0.00023053328914102167
5500,0.23686698079109192,0.17309264838695526,0.1287868469953537,0.14330053329467773,0.16802172362804413,0.14993135631084442,0.2829541563987732,0.22933058440685272,0.1799074411392212,0.19800741970539093,0.223483607172966,0.20509104430675507,0.3294496238231659,0.14267505705356598,0.07888973504304886,0.12692801654338837,0.04858735203742981,0.08893946558237076
5550,0.23132704198360443,0.25019899010658264,0.14030040800571442,0.12630294263362885,0.1282089352607727,0.12366166710853577,0.30911749601364136,0.32205432653427124,0.22660669684410095,0.20926475524902344,0.21173611283302307,0.2057776302099228,0.00031326684984378517,2.8453348122070565e-08,1.6918980105806725e-10,1.2751904421293148e-07,1.6373769540223293e-07,7.052879807956103e-11
5600,0.20757319033145905,0.1817064732313156,0.1805073469877243,0.1263800859451294,0.16842275857925415,0.1354101300239563,0.29639509320259094,0.27384260296821594,0.27281519770622253,0.21439824998378754,0.2611512839794159,0.22517241537570953,0.08248469233512878,0.023245465010404587,0.029750417917966843,0.06993620097637177,0.006715348456054926,0.00861448422074318
5650,0.23568195104599,0.18673302233219147,0.1770269125699997,0.14813894033432007,0.1339857280254364,0.11843343824148178,0.2898254096508026,0.25141191482543945,0.24260419607162476,0.21321074664592743,0.19664031267166138,0.1762823611497879,0.00013635163486469537,4.5398901420412585e-05,8.939736289903522e-06,0.00015844876179471612,1.0677034651962458e-06,1.3007213055971079e-05
5700,0.2413460612297058,0.2000066339969635,0.16167141497135162,0.12781664729118347,0.1320173591375351,0.13714194297790527,0.3054066598415375,0.2744419574737549,0.23923979699611664,0.20047210156917572,0.20649990439414978,0.2132124900817871,0.006186822894960642,0.00975591130554676,0.0004879761836491525,0.0007099223439581692,0.06993620097637177,0.1128222793340683
5750,0.2509717643260956,0.18316717445850372,0.16983944177627563,0.11182872951030731,0.12733876705169678,0.15685410797595978,0.3301958441734314,0.28058499097824097,0.2690180838108063,0.19386592507362366,0.21734628081321716,0.24528111517429352,0.9880030751228333,1.2234445810317993,1.31326162815094,0.6931471824645996,0.8981232643127441,0.2519291043281555
5800,0.28087228536605835,0.14738889038562775,0.17329759895801544,0.11635632067918777,0.14232394099235535,0.13976097106933594,0.3188254237174988,0.2127743363380432,0.23763993382453918,0.17189297080039978,0.20507648587226868,0.20424605906009674,0.16690181195735931,0.20141328871250153,0.016034256666898727,0.014163456857204437,0.00861448422074318,0.22541265189647675
5850,0.2458736151456833,0.1317959427833557,0.18019992113113403,0.09563827514648438,0.16745154559612274,0.17904067039489746,0.3170371949672699,0.21336469054222107,0.264961838722229,0.16043533384799957,0.25287216901779175,0.26444560289382935,0.0801665186882019,0.0017021704697981477,1.4739090147486422e-05,1.4739090147486422e-05,0.0017021704697981477,0.05488218367099762
5900,0.26243796944618225,0.13547123968601227,0.16109015047550201,0.1202927827835083,0.1612648069858551,0.15944302082061768,0.2846006155014038,0.1784450113773346,0.20431189239025116,0.1548760086297989,0.20235179364681244,0.20109885931015015,0.22796839475631714,0.5231232643127441,0.2519291043281555,0.12692801654338837,0.0380413718521595,0.10020655393600464
5950,0.2715337872505188,0.13885252177715302,0.1598684936761856,0.12491925060749054,0.15405848622322083,0.15076737105846405,0.2463393658399582,0.13557498157024384,0.1588299572467804,0.11812709271907806,0.15272177755832672,0.1491616815328598,0.010313358157873154,5.211412412720051e-10,6.691586174056852e-10,4.94445018262013e-09,1.8189616479702408e-09,0.000296000944217667
6000,0.23385272920131683,0.12372619658708572,0.20076270401477814,0.18748556077480316,0.12865592539310455,0.12551681697368622,0.21839690208435059,0.10988838970661163,0.1897570788860321,0.17846748232841492,0.11633503437042236,0.11225923150777817,0.34661102294921875,4.691164434689199e-08,6.348800152267131e-09,1.917171560394948e-10,9.545034901359273e-12,1.573710259328287e-11
6050,0.24327264726161957,0.2911953330039978,0.1493329554796219,0.12059387564659119,0.09785571694374084,0.09774945676326752,0.295652836561203,0.3253186345100403,0.21512900292873383,0.17986035346984863,0.14538609981536865,0.14520682394504547,0.0003132651618216187,7.582560135332983e-10,1.9555681518568235e-08,1.013004202832235e-05,1.3709582162846345e-06,5.7893564074651405e-12
6100,0.23115023970603943,0.2703346014022827,0.14899903535842896,0.10930674523115158,0.10996892303228378,0.13024048507213593,0.291189581155777,0.31543564796447754,0.2160469889640808,0.1622210592031479,0.16249577701091766,0.19209827482700348,0.7917691469192505,0.6325990557670593,0.5231232643127441,0.2519291043281555,0.1797446310520172,0.3484445810317993
6150,0.26997438073158264,0.22724631428718567,0.13317178189754486,0.12678413093090057,0.11290299892425537,0.12992046773433685,0.3001195788383484,0.27393168210983276,0.16808955371379852,0.16120097041130066,0.14944706857204437,0.16411662101745605,1.5807048082351685,1.8047447204589844,0.0380413718521595,0.16022413969039917,0.8981232643127441,0.04858735203742981
6200,0.2636190950870514,0.20109854638576508,0.15565291047096252,0.1268904060125351,0.12746313214302063,0.12527599930763245,0.2793213129043579,0.23203063011169434,0.18971334397792816,0.1590251624584198,0.16561682522296906,0.15426567196846008,0.2783844769001007,0.016034256666898727,0.011047745123505592,0.3132617175579071,0.8981232643127441,0.04858735203742981
6250,0.2694806456565857,0.15880393981933594,0.10983508080244064,0.12531091272830963,0.23175761103630066,0.10481175035238266,0.31991076469421387,0.21492907404899597,0.16570992767810822,0.1764947474002838,0.2849423587322235,0.15711985528469086,1.834506630897522,0.06196758896112442,1.2234445810317993,0.12692801654338837,0.8259393572807312,1.136871099472046
6300,0.22405172884464264,0.1708267778158188,0.1357085406780243,0.16674485802650452,0.18300801515579224,0.11966010928153992,0.327920138835907,0.2831641435623169,0.24519145488739014,0.2791784703731537,0.2945384085178375,0.22442501783370972,0.00035707259667105973,3.726646127688582e-06,5.144353781361133e-05,0.0004879761836491525,0.000911466486286372,1.7603447304281872e-06
6350,0.23636572062969208,0.155491903424263,0.1452338546514511,0.15505295991897583,0.18194332718849182,0.12591224908828735,0.28535547852516174,0.20677471160888672,0.19875383377075195,0.21432597935199738,0.23269648849964142,0.17225053906440735,1.200026273727417,0.2519291043281555,0.575939416885376,1.0537006855010986,0.2519291043281555,0.28115013241767883
6400,0.2573597729206085,0.16372425854206085,0.1533527821302414,0.14133353531360626,0.15551362931728363,0.12871605157852173,0.2888939082622528,0.2142626792192459,0.20346465706825256,0.18999776244163513,0.20577338337898254,0.17456784844398499,0.00031674630008637905,2.1024335694619367e-07,1.8553913605501293e-07,1.4739090147486422e-05,1.4449801710725296e-07,4.5990555808117506e-10
6450,0.28538575768470764,0.15583853423595428,0.15823328495025635,0.12182503938674927,0.14846296608448029,0.13025447726249695,0.3242199718952179,0.224342480301857,0.2268587052822113,0.18371674418449402,0.21634261310100555,0.19475379586219788,0.004897987935692072,4.94445018262013e-09,1.6373769540223293e-07,0.000296000944217667,1.4739090147486422e-05,8.481463737552986e-05
6500,0.24036434292793274,0.16151678562164307,0.22141240537166595,0.11151757836341858,0.13818810880184174,0.12700065970420837,0.3460489511489868,0.28080129623413086,0.3323538899421692,0.21890000998973846,0.254536509513855,0.24037961661815643,0.04413389414548874,0.07888973504304886,0.029750417917966843,0.000804409384727478,0.02630019560456276,0.0036000751424580812
6550,0.26618707180023193,0.1490229368209839,0.17207054793834686,0.12083327025175095,0.1441112458705902,0.14777490496635437,0.36467215418815613,0.2689543068408966,0.292682021856308,0.23435570299625397,0.2634243965148926,0.26756665110588074,0.00014829065185040236,3.850741947530878e-09,8.592166977905435e-10,1.8189616479702408e-09,4.450851349702134e-07,3.850741947530878e-09
6600,0.26490142941474915,0.14130094647407532,0.1924576610326767,0.11818382889032364,0.1330929398536682,0.15006320178508759,0.31359800696372986,0.20852030813694,0.2597249150276184,0.18248657882213593,0.1986370086669922,0.2187870889902115,0.1421639323234558,0.0040784431621432304,0.02630019560456276,0.3484445810317993,0.0031777266412973404,0.0380413718521595
6650,0.2962702214717865,0.1454523354768753,0.15761657059192657,0.11630291491746902,0.14167505502700806,0.14268288016319275,0.3176547884941101,0.19992053508758545,0.213128924369812,0.16304807364940643,0.1955350935459137,0.19670535624027252,0.03956013545393944,0.004620229359716177,0.00023053328914102167,0.007606093771755695,0.00023053328914102167,0.000296000944217667
6700,0.2752688229084015,0.12881341576576233,0.14614161849021912,0.11225741356611252,0.17085783183574677,0.16666093468666077,0.28465476632118225,0.15934161841869354,0.19816768169403076,0.1366066187620163,0.20594865083694458,0.2081247866153717,0.0061131613329052925,0.004620229359716177,1.8047447204589844,0.0010327640920877457,0.004620229359716177,0.6325990557670593
6750,0.2362678498029709,0.15797048807144165,0.1649743765592575,0.0984615609049797,0.1602635234594345,0.18206213414669037,0.2679128348827362,0.20149080455303192,0.20864881575107574,0.12348835915327072,0.20386864244937897,0.22491085529327393,5.187939314255097e-11,1.9810088085995409e-13,1.2015425275829078e-13,1.62611098224923e-14,3.4424770840998584e-14,9.357622912219837e-14
6800,0.2652234137058258,0.1389366239309311,0.18320250511169434,0.11704152822494507,0.1395968645811081,0.15599901974201202,0.3067478835582733,0.19832198321819305,0.24395671486854553,0.17009343206882477,0.1991042196750641,0.21743422746658325,0.17443761229515076,4.363462480228009e-09,9.23744991609965e-09,0.006715348456054926,1.8189616479702408e-09,2.061153470123145e-09
6850,0.3302767872810364,0.12001582980155945,0.1366647481918335,0.10978236049413681,0.150229811668396,0.1530304253101349,0.3332656919956207,0.16838034987449646,0.18107633292675018,0.14969351887702942,0.1972913146018982,0.20033897459506989,0.7595432996749878,0.9740769863128662,0.10020655393600464,0.575939416885376,0.16022413969039917,0.16022413969039917
6900,0.292275995016098,0.12246793508529663,0.1353263407945633,0.11641263216733932,0.18520496785640717,0.14831213653087616,0.2945541739463806,0.15102903544902802,0.16750264167785645,0.1426621824502945,0.2192753404378891,0.182621568441391,4.193612710423622e-07,1.7603447304281872e-06,4.363462480228009e-09,1.4449801710725296e-07,1.573710259328287e-11,1.3176514046531196e-10
6950,0.2645793557167053,0.1198141872882843,0.1446702629327774,0.1289271116256714,0.18608345091342926,0.15592561662197113,0.2510446608066559,0.11676350980997086,0.14788158237934113,0.12895429134368896,0.18935920298099518,0.16018441319465637,0.3614487946033478,0.004620229359716177,0.005928608123213053,0.014163456857204437,1.1478834494482726e-05,1.6373769540223293e-07
7000,0.2248178869485855,0.1616416871547699,0.18066906929016113,0.15460018813610077,0.1409243941307068,0.1373468041419983,0.2267233282327652,0.1705435961484909,0.18978331983089447,0.16334319114685059,0.17027896642684937,0.14389032125473022,0.17565155029296875,0.001170194591395557,0.08893946558237076,0.016034256666898727,2.2378222942352295,0.023245465010404587
7050,0.2314130961894989,0.1371653974056244,0.16236741840839386,0.15501362085342407,0.16539375483989716,0.14864672720432281,0.23098579049110413,0.143827423453331,0.17832697927951813,0.1611444652080536,0.17396967113018036,0.157090961933136,0.472930371761322,0.3868710398674011,1.0537006855010986,0.10020655393600464,0.3132617175579071,0.3868710398674011
7100,0.24260708689689636,0.14551295340061188,0.12503209710121155,0.14295955002307892,0.20793645083904266,0.13595183193683624,0.2736220955848694,0.18224696815013885,0.1572173535823822,0.1793258935213089,0.24114657938480377,0.1712382435798645,0.7030753493309021,7.338212526519783e-07,9.931194000500909e-08,2.1024335694619367e-07,5.715006068385264e-07,0.020541900768876076
7150,0.22465530037879944,0.1647980958223343,0.1413634866476059,0.1398976892232895,0.17876745760440826,0.15051798522472382,0.2159004807472229,0.1647651493549347,0.13946212828159332,0.1378193348646164,0.17945626378059387,0.14980904757976532,0.0014055457431823015,0.00033540636650286615,0.000911466486286372,0.00861448422074318,0.12692801654338837,0.0002612244279589504
7200,0.2177499383687973,0.15713366866111755,0.1663639396429062,0.10694752633571625,0.20613212883472443,0.14567279815673828,0.23473794758319855,0.1794135421514511,0.199353888630867,0.11596570163965225,0.2241884469985962,0.16690579056739807,0.1508098840713501,0.0015023101586848497,1.0537006855010986,0.005233798176050186,0.0005529314512386918,0.00033540636650286615
7250,0.27082163095474243,0.10871828347444534,0.13157999515533447,0.12455713748931885,0.16794824600219727,0.19637468457221985,0.2984323501586914,0.1478358507156372,0.17932698130607605,0.17027688026428223,0.22535306215286255,0.24539458751678467,9.299241355620325e-05,1.8553913605501293e-07,4.785106284543872e-06,2.7536072593647987e-05,0.575939416885376,1.013004202832235e-05
7300,0.25501492619514465,0.1282096803188324,0.12808698415756226,0.12213682383298874,0.1940133273601532,0.17253829538822174,0.25722771883010864,0.14219807088375092,0.1420394331216812,0.13419076800346375,0.21055027842521667,0.1911945343017578,0.1567206233739853,6.605432281503454e-05,3.466327029855165e-07,6.023574172786539e-08,7.194133289090132e-09,8.152020392060422e-09
7350,0.21890410780906677,0.10780908167362213,0.10444151610136032,0.1133611872792244,0.20193073153495789,0.25355345010757446,0.22473163902759552,0.10785584151744843,0.1026197075843811,0.11614172905683517,0.2114037126302719,0.24896594882011414,0.0010925562819465995,4.450851349702134e-07,6.962280622246908e-06,4.222842107992619e-06,1.0261879540562902e-10,2.5946095966178362e-11
7400,0.21666955947875977,0.1419263482093811,0.12515988945960999,0.13184009492397308,0.18655279278755188,0.1978512406349182,0.25062745809555054,0.18080738186836243,0.16006417572498322,0.1686438024044037,0.22591933608055115,0.23562154173851013,0.0014361825305968523,3.2887544421100756e-06,1.2098664683435345e-06,2.2159490242756874e-08,5.602796449011294e-09,1.1032560420787263e-09
7450,0.23370783030986786,0.11828194558620453,0.11774346232414246,0.15360002219676971,0.16353607177734375,0.21313071250915527,0.281147301197052,0.16878090798854828,0.16802532970905304,0.2118901163339615,0.22229892015457153,0.2659575045108795,0.0004248771001584828,0.000296000944217667,2.7536072593647987e-05,8.481463737552986e-05,0.006715348456054926,0.0021851020865142345
7500,0.2457485795021057,0.1256275177001953,0.12200949341058731,0.15361395478248596,0.16225194931030273,0.19074851274490356,0.30793341994285583,0.1962113380432129,0.1913888156414032,0.22939437627792358,0.2385609745979309,0.26520341634750366,0.10129173845052719,0.0003800567355938256,0.000296000944217667,0.00017954407667275518,0.014163456857204437,0.00861448422074318
7550,0.25944092869758606,0.12339109182357788,0.14246056973934174,0.15564925968647003,0.16214965283870697,0.1569085717201233,0.2745549976825714,0.1509115993976593,0.17524206638336182,0.1894368827342987,0.1959826499223709,0.19056403636932373,0.10210907459259033,7.484903471777216e-05,0.06196758896112442,0.020541900768876076,2.7536072593647987e-05,0.000296000944217667
7600,0.2822815179824829,0.11809780448675156,0.1389133334159851,0.14044888317584991,0.1708579659461975,0.14940057694911957,0.2919583320617676,0.1481785625219345,0.17496798932552338,0.17677810788154602,0.20911629498004913,0.18697303533554077,1.0756717529147863e-05,1.4449801710725296e-07,0.0003800567355938256,1.7603447304281872e-06,1.5229980832032197e-08,1.6052279505629485e-09
7650,0.2620489299297333,0.13279037177562714,0.1597025990486145,0.1358819454908371,0.16925081610679626,0.14032526314258575,0.28255048394203186,0.16911950707435608,0.19926448166370392,0.1725415587425232,0.20884576439857483,0.17803770303726196,0.17565155029296875,0.04858735203742981,0.018149929121136665,0.011047745123505592,0.018149929121136665,0.029750417917966843
7700,0.2694009244441986,0.1276557743549347,0.16752484440803528,0.13522963225841522,0.1812674105167389,0.11892133206129074,0.29317623376846313,0.1723945289850235,0.2240472137928009,0.1768479198217392,0.22481286525726318,0.15580087900161743,0.38752618432044983,0.6325990557670593,1.31326162815094,0.12692801654338837,0.08893946558237076,0.14267505705356598
7750,0.21810565888881683,0.11688730865716934,0.1817568838596344,0.15845252573490143,0.19820041954517365,0.12659719586372375,0.25589102506637573,0.15109507739543915,0.23297733068466187,0.21113310754299164,0.24226778745651245,0.1670471727848053,0.2573375105857849,0.06993620097637177,0.9740769863128662,1.0537006855010986,0.474077045917511,0.3484445810317993
7800,0.21946705877780914,0.12245973199605942,0.1795872300863266,0.15132111310958862,0.1923617571592331,0.13480308651924133,0.2404697984457016,0.14417710900306702,0.2073521763086319,0.1790943592786789,0.21869005262851715,0.1600220650434494,0.002890306757763028,5.144353781361133e-05,5.8292964240536094e-05,1.3007213055971079e-05,1.8925327822216786e-05,4.785106284543872e-06
7850,0.24297958612442017,0.15673451125621796,0.1540590226650238,0.14785020053386688,0.16754184663295746,0.13083481788635254,0.2589039206504822,0.17607608437538147,0.17549148201942444,0.17376068234443665,0.18719564378261566,0.1474379152059555,1.0750868320465088,0.02630019560456276,0.2519291043281555,0.7575989961624146,0.0380413718521595,0.14267505705356598
7900,0.2571510374546051,0.16575533151626587,0.18563207983970642,0.12771296501159668,0.1192491203546524,0.1444995403289795,0.2768351137638092,0.20436504483222961,0.22305192053318024,0.1613449901342392,0.15003085136413574,0.18172100186347961,0.0010179117089137435,1.6373769540223293e-07,9.931194000500909e-08,1.2751904421293148e-07,3.466327029855165e-07,1.3440409674103648e-08
7950,0.2814946174621582,0.1690598726272583,0.16507115960121155,0.1413990706205368,0.11701302230358124,0.1259622424840927,0.31255006790161133,0.22991330921649933,0.23399145901203156,0.19891606271266937,0.16869348287582397,0.17953871190547943,0.10290887951850891,0.2519291043281555,1.0537006855010986,0.10020655393600464,0.20141328871250153,0.06993620097637177
8000,0.24893146753311157,0.16127730906009674,0.20987050235271454,0.1277189552783966,0.12205664068460464,0.13014507293701172,0.26414626836776733,0.19126872718334198,0.23472383618354797,0.1527746170759201,0.14529375731945038,0.15587951242923737,0.1259647011756897,7.484903471777216e-05,5.8292964240536094e-05,6.825603549032166e-08,0.00013983185635879636,1.1253516873921399e-07
8050,0.24357183277606964,0.1649424433708191,0.18053369224071503,0.1326543092727661,0.1260913759469986,0.1522064059972763,0.25710582733154297,0.19033560156822205,0.20821785926818848,0.1535179615020752,0.14522646367549896,0.17619608342647552,0.33401060104370117,0.08893946558237076,0.3868710398674011,0.0017021704697981477,0.00975591130554676,0.000911466486286372
8100,0.24581189453601837,0.16162481904029846,0.14384447038173676,0.1562211662530899,0.136234849691391,0.1562628298997879,0.2423608899116516,0.1724611222743988,0.1532527208328247,0.16685804724693298,0.1442907750606537,0.17743100225925446,0.07173973321914673,3.120239853160456e-05,0.0021851020865142345,0.000804409384727478,0.0028048569802194834,1.0537006855010986
8150,0.26159754395484924,0.17920418083667755,0.13660475611686707,0.15136224031448364,0.12997238337993622,0.14125891029834747,0.2499663382768631,0.1796225607395172,0.13510586321353912,0.15639260411262512,0.12932495772838593,0.14548462629318237,0.8037816882133484,0.011047745123505592,0.0380413718521595,0.4740769863128662,0.28115013241767883,0.5231232643127441
8200,0.23121321201324463,0.32676541805267334,0.11902467161417007,0.11963889002799988,0.09665442258119583,0.10670343041419983,0.27119526267051697,0.3256535232067108,0.15901809930801392,0.15986736118793488,0.12466724961996078,0.14099159836769104,0.26156163215637207,7.582560135332983e-10,8.764247638737288e-08,2.382369359565928e-07,3.120239853160456e-05,0.000430649786721915
8250,0.2529605031013489,0.24395526945590973,0.14357106387615204,0.12073159962892532,0.1196780800819397,0.11910355091094971,0.2624497711658478,0.2560861110687256,0.168735072016716,0.14002203941345215,0.1385759562253952,0.13789236545562744,0.038325775414705276,5.8292964240536094e-05,0.012509570457041264,6.475950158346677e-07,4.785106284543872e-06,0.011047745123505592
8300,0.23271872103214264,0.1947680413722992,0.1637890636920929,0.1302303820848465,0.15099479258060455,0.12749898433685303,0.25861871242523193,0.22814200818538666,0.19953429698944092,0.16170403361320496,0.18611417710781097,0.15820659697055817,0.11279609799385071,0.0024756852071732283,3.6534821390432626e-08,6.023574172786539e-08,1.493094675675266e-10,4.05865202557365e-10
8350,0.22270485758781433,0.18440884351730347,0.19294613599777222,0.14331743121147156,0.1408011019229889,0.11582161486148834,0.2319168597459793,0.2007564902305603,0.20822370052337646,0.15916110575199127,0.15623833239078522,0.12401431798934937,0.0026170723140239716,6.023574172786539e-08,2.1024335694619367e-07,1.6373769540223293e-07,4.2777878461741636e-11,1.1628233792526643e-10
8400,0.18143542110919952,0.15426310896873474,0.16664989292621613,0.15282249450683594,0.20503589510917664,0.13979312777519226,0.25054237246513367,0.2138672173023224,0.23858250677585602,0.23223282396793365,0.30073240399360657,0.23508480191230774,1.0168547630310059,0.02630019560456276,1.2234445810317993,2.0176751613616943,4.0181498527526855,3.773245334625244
8450,0.18071401119232178,0.14337807893753052,0.17633305490016937,0.15044426918029785,0.17783689498901367,0.17129358649253845,0.2646891176700592,0.23388251662254333,0.261168897151947,0.23071472346782684,0.2648029029369354,0.26206469535827637,2.0740232467651367,2.811967611312866,2.1269280910491943,1.7014132738113403,2.3502066135406494,2.6949362754821777
8500,0.2064988911151886,0.15357139706611633,0.1671769767999649,0.14466038346290588,0.1571189910173416,0.17097333073616028,0.24451576173305511,0.19563129544258118,0.20963773131370544,0.18576812744140625,0.19940027594566345,0.21334272623062134,0.0023101188708096743,2.335593052293916e-09,1.5534990325249964e-06,6.023574172786539e-08,7.484903471777216e-05,1.8189616479702408e-09
8550,0.2104203850030899,0.18604591488838196,0.13495875895023346,0.14272677898406982,0.16237300634384155,0.1634751260280609,0.22552990913391113,0.20518538355827332,0.1522165685892105,0.16145017743110657,0.18273355066776276,0.18384544551372528,0.003079570597037673,6.962280622246908e-06,2.4300536097143777e-05,8.423464183116014e-12,0.000430649786721915,2.260326937175705e-06
8600,0.2659080922603607,0.1705554723739624,0.13902893662452698,0.12378179281949997,0.15989598631858826,0.14082969725131989,0.2662944793701172,0.19255036115646362,0.15847554802894592,0.1424134224653244,0.1831236034631729,0.16075243055820465,0.08496354520320892,0.0380413718521595,0.0028048569802194834,0.3132617175579071,0.1602240800857544,0.018149929121136665
8650,0.22626787424087524,0.13836731016635895,0.1571761667728424,0.18481208384037018,0.161935955286026,0.1314406394958496,0.2339904010295868,0.15061329305171967,0.17015166580677032,0.19684267044067383,0.1749807596206665,0.14063479006290436,0.3831067383289337,0.16022413969039917,0.011047745123505592,0.007606093771755695,0.0017021704697981477,0.00975591130554676
8700,0.23094511032104492,0.14495591819286346,0.16171786189079285,0.19546927511692047,0.13504303991794586,0.13186891376972198,0.23060943186283112,0.15376053750514984,0.17181555926799774,0.20309168100357056,0.14207255840301514,0.1381479948759079,9.469384167459793e-06,1.8189616479702408e-09,1.4739090147486422e-05,5.144353781361133e-05,2.998960857425459e-09,1.8189616479702408e-09
8750,0.18219038844108582,0.1517643928527832,0.15447014570236206,0.21288710832595825,0.11173102259635925,0.18695688247680664,0.2674146592617035,0.26336416602134705,0.258901983499527,0.2921425402164459,0.17746570706367493,0.2609236240386963,1.9011671543121338,4.511047840118408,3.773245334625244,1.8047447204589844,0.9740769863128662,0.8259393572807312
8800,0.19453711807727814,0.19259855151176453,0.1371729075908661,0.1955317258834839,0.11925230175256729,0.16090743243694305,0.25003665685653687,0.24808594584465027,0.19203859567642212,0.25056353211402893,0.1689407378435135,0.2183719128370285,0.03505787253379822,0.005233798176050186,3.120239853160456e-05,0.0036000751424580812,0.0002612244279589504,0.00017954407667275518
8850,0.2549899220466614,0.21107840538024902,0.1554030328989029,0.14548107981681824,0.1029789000749588,0.13006862998008728,0.32185789942741394,0.288303405046463,0.23778468370437622,0.22690118849277496,0.16988827288150787,0.20896463096141815,0.23703868687152863,5.315785500670245e-08,0.0005529314512386918,0.000804409384727478,0.0006265303236432374,0.05488218367099762
8900,0.22374273836612701,0.23745645582675934,0.14023028314113617,0.16360409557819366,0.10874829441308975,0.12621815502643585,0.3133445382118225,0.3234603703022003,0.23166035115718842,0.25836309790611267,0.19411343336105347,0.22088511288166046,0.4930817484855652,0.5231232643127441,0.03364570066332817,0.16022413969039917,0.4740769863128662,0.6931471824645996
8950,0.24664677679538727,0.1848299503326416,0.1414242833852768,0.17504286766052246,0.12813612818717957,0.12392005324363708,0.27776476740837097,0.23003120720386505,0.18585637211799622,0.22101357579231262,0.16974923014640808,0.16402609646320343,0.016838451847434044,0.0040784431621432304,0.0031777266412973404,4.785106284543872e-06,0.020541900768876076,0.0002612244279589504
9000,0.21678142249584198,0.17648330330848694,0.14140211045742035,0.16980214416980743,0.1455308347940445,0.15000012516975403,0.2865382134914398,0.2532620429992676,0.22382497787475586,0.252197265625,0.2176448255777359,0.22039255499839783,0.6273200511932373,0.6931471824645996,1.4061501026153564,1.2234445810317993,0.3132617175579071,0.08893946558237076
9050,0.20369307696819305,0.15628044307231903,0.17183250188827515,0.18830294907093048,0.1393911987543106,0.14049984514713287,0.25727778673171997,0.21354147791862488,0.2291942685842514,0.24429796636104584,0.19472265243530273,0.19613780081272125,0.0018011677311733365,4.5398901420412585e-05,1.0677034651962458e-06,9.610703273210675e-05,0.005233798176050186,0.016034256666898727
9100,0.19768868386745453,0.13675031065940857,0.14424541592597961,0.17840076982975006,0.18881700932979584,0.1540977954864502,0.21733644604682922,0.15652786195278168,0.16533218324184418,0.20039737224578857,0.20996585488319397,0.17629322409629822,3.811373119333439e-07,2.6995780899596866e-07,9.931194000500909e-08,2.2159490242756874e-08,0.020541900768876076,0.005928608123213053
9150,0.19812878966331482,0.11543067544698715,0.1284051537513733,0.23315457999706268,0.1475597769021988,0.17732107639312744,0.2409219741821289,0.15123556554317474,0.16739094257354736,0.2662389874458313,0.1905897557735443,0.2559394836425781,0.19723856449127197,0.14267505705356598,0.0006265303236432374,0.04299908131361008,0.02630019560456276,3.529750347137451
9200,0.2083396017551422,0.155075803399086,0.13496160507202148,0.2074909806251526,0.1337222307920456,0.1604098081588745,0.2326924204826355,0.1841335892677307,0.16000905632972717,0.23094876110553741,0.1584346890449524,0.18853038549423218,0.1110958606004715,0.12692801654338837,0.006715348456054926,0.0040784431621432304,0.0015023101586848497,0.00861448422074318
9250,0.21180741488933563,0.14413389563560486,0.1519451141357422,0.1822091042995453,0.14207641780376434,0.16782808303833008,0.23912519216537476,0.1718641221523285,0.1783507913351059,0.21893399953842163,0.16949182748794556,0.1938381791114807,0.8487607836723328,0.4740769863128662,0.2519291043281555,1.31326162815094,0.4740769863128662,0.16022413969039917
9300,0.2134641408920288,0.12692944705486298,0.15516677498817444,0.17269304394721985,0.12927858531475067,0.20246800780296326,0.22699864208698273,0.14117036759853363,0.17431358993053436,0.19197122752666473,0.1444934904575348,0.218217670917511,0.005527353845536709,1.8925327822216786e-05,3.6534821390432626e-08,1.3007213055971079e-05,0.029750417917966843,6.605432281503454e-05
9350,0.2331831157207489,0.14729687571525574,0.14000840485095978,0.16041770577430725,0.13478732109069824,0.1843065470457077,0.2198093980550766,0.14401362836360931,0.13563930988311768,0.15809564292430878,0.1293685883283615,0.18099746108055115,1.8974510567204561e-06,9.610703273210675e-05,4.363462480228009e-09,0.00033540636650286615,2.510999053129126e-08,1.8553913605501293e-07
9400,0.2558339238166809,0.15164008736610413,0.16478177905082703,0.134744793176651,0.12129566073417664,0.17170380055904388,0.2730152904987335,0.17331789433956146,0.18695543706417084,0.15375083684921265,0.1364014893770218,0.19374492764472961,1.3475379943847656,0.007606093771755695,8.939736289903522e-06,1.5534990325249964e-06,6.605432281503454e-05,5.715006068385264e-07
9450,0.24845054745674133,0.16294248402118683,0.15303826332092285,0.1455310434103012,0.12138017266988754,0.16865746676921844,0.2496143877506256,0.17996090650558472,0.16961386799812317,0.16131462156772614,0.13137342035770416,0.18564890325069427,0.004877985920757055,2.365977659830095e-14,2.882350662401084e-13,1.0467402056235642e-08,1.842625309061638e-14,3.0379751448858516e-14
9500,0.23142404854297638,0.18516896665096283,0.14165231585502625,0.1622125506401062,0.12934580445289612,0.15019625425338745,0.21750125288963318,0.18069903552532196,0.1364966630935669,0.15885944664478302,0.12150958180427551,0.1461602747440338,0.0010017211316153407,5.602796449011294e-09,7.194133289090132e-09,2.382369359565928e-07,0.000911466486286372,1.2501528701136522e-09
9550,0.23942776024341583,0.15154029428958893,0.14891791343688965,0.1734371930360794,0.13828544318675995,0.14839152991771698,0.23623281717300415,0.15489430725574493,0.16025011241436005,0.18539945781230927,0.15167827904224396,0.15216584503650665,0.9000080823898315,0.3132617175579071,1.136871099472046,1.136871099472046,1.5019291639328003,0.3868710398674011
9600,0.27109652757644653,0.1583624631166458,0.1389644294977188,0.15723438560962677,0.1497364491224289,0.12460578233003616,0.24394485354423523,0.15512676537036896,0.13356581330299377,0.1562000811100006,0.14975261688232422,0.1183813214302063,0.011724456213414669,0.0001234021910931915,5.8292964240536094e-05,0.22541265189647675,0.3868710398674011,0.28115013241767883
9650,0.2671818733215332,0.15882247686386108,0.13571716845035553,0.1536446213722229,0.153400719165802,0.13123315572738647,0.2633395791053772,0.17712153494358063,0.15118125081062317,0.1716526746749878,0.17139051854610443,0.145637646317482,0.039451371878385544,7.194133289090132e-09,1.5229980832032197e-08,1.2501528701136522e-09,1.2501528701136522e-09,7.194133289090132e-09
9700,0.2851920425891876,0.16178324818611145,0.14271526038646698,0.1614893674850464,0.144075408577919,0.10474470257759094,0.2764063775539398,0.1828644573688507,0.16225565969944,0.18256382644176483,0.1639976054430008,0.11113885790109634,0.0005494091892614961,0.000296000944217667,0.00861448422074318,0.00023053328914102167,0.02630019560456276,0.000804409384727478
9750,0.31013959646224976,0.1438778042793274,0.12768828868865967,0.15504059195518494,0.1391151398420334,0.12413863092660904,0.27476340532302856,0.14189136028289795,0.12219402939081192,0.15421977639198303,0.13633622229099274,0.11754215508699417,0.6143391728401184,9.610703273210675e-05,3.726646127688582e-06,1.3007213055971079e-05,1.013004202832235e-05,4.785106284543872e-06
9800,0.2924621105194092,0.1585676670074463,0.13478241860866547,0.13226111233234406,0.14790740609169006,0.13401931524276733,0.2377893179655075,0.13668058812618256,0.10986796021461487,0.10675259679555893,0.12519803643226624,0.1089286133646965,0.010360722430050373,2.4300536097143777e-05,0.00033540636650286615,0.0003800567355938256,8.481463737552986e-05,8.481463737552986e-05
9850,0.23053598403930664,0.13867558538913727,0.1378321796655655,0.13225488364696503,0.22195816040039062,0.13874313235282898,0.2076193243265152,0.1237473115324974,0.122740738093853,0.11592527478933334,0.20135530829429626,0.12382765859365463,0.0007521524676121771,8.152020392060422e-09,2.6995780899596866e-07,7.835042293777295e-13,2.734698101650168e-12,4.508755348242577e-12
9900,0.21118611097335815,0.1571948230266571,0.12661463022232056,0.1365695744752884,0.22337709367275238,0.14505773782730103,0.24183498322963715,0.19311708211898804,0.15742133557796478,0.1699095368385315,0.2510940134525299,0.17985866963863373,0.00010172446491196752,1.9555681518568235e-08,4.8473686869998645e-11,9.736200734522527e-10,3.581747953784742e-10,1.0261879540562902e-10
9950,0.22855384647846222,0.1573253870010376,0.1756262481212616,0.14120593667030334,0.17059406638145447,0.12669457495212555,0.23932063579559326,0.17049571871757507,0.1969345211982727,0.15322965383529663,0.18664094805717468,0.13835477828979492,0.7904094457626343,0.06993620097637177,0.8981232643127441,0.12692801654338837,0.3484445810317993,0.42870068550109863
10000,0.2608502209186554,0.16601663827896118,0.153197780251503,0.14786694943904877,0.14472320675849915,0.1273452192544937,0.2645162343978882,0.18806789815425873,0.1748538613319397,0.17403586208820343,0.16559527814388275,0.14417363703250885,0.20520608127117157,0.016034256666898727,0.020541900768876076,0.5231232643127441,0.03364570066332817,0.0021851020865142345
10050,0.23939096927642822,0.14584553241729736,0.14102472364902496,0.1567198932170868,0.16146613657474518,0.15555281937122345,0.2220807522535324,0.14031492173671722,0.14883030951023102,0.15218041837215424,0.1571032553911209,0.15094709396362305,6.508225396828493e-06,3.224186784223093e-08,1.4061501026153564,2.061153470123145e-09,1.1861120086109622e-08,4.5990555808117506e-10
10100,0.21956761181354523,0.12100588530302048,0.19659683108329773,0.15336255729198456,0.15079590678215027,0.15867114067077637,0.23762443661689758,0.1393139809370041,0.2193910926580429,0.17841345071792603,0.17562855780124664,0.18402816355228424,4.2072920791724755e-07,7.338212526519783e-07,1.3440409674103648e-08,1.4739090147486422e-05,5.4222336984821595e-06,6.962280622246908e-06
10150,0.2666371464729309,0.12444336712360382,0.216240793466568,0.13325776159763336,0.12798279523849487,0.13143816590309143,0.26056578755378723,0.13482938706874847,0.22599878907203674,0.1461210697889328,0.1394568234682083,0.14385251700878143,1.2153442185081076e-05,7.734421814120651e-08,2.998960857425459e-09,3.850741947530878e-09,8.152020392060422e-09,2.998960857425459e-09
10200,0.22246068716049194,0.14232222735881805,0.19814348220825195,0.1520288735628128,0.13641224801540375,0.14863257110118866,0.2249240130186081,0.14965936541557312,0.20425763726234436,0.16054552793502808,0.14266136288642883,0.15736648440361023,0.15663127601146698,3.927862621821987e-07,1.6701560525689274e-05,2.382369359565928e-07,1.7603447304281872e-06,0.05488218367099762
10250,0.23209016025066376,0.12410896271467209,0.20213866233825684,0.13463887572288513,0.15924380719661713,0.14777949452400208,0.25366654992103577,0.15037937462329865,0.23086537420749664,0.16381637752056122,0.19151002168655396,0.1791819930076599,0.00027661866624839604,5.315785500670245e-08,7.582560135332983e-10,1.7603447304281872e-06,1.9555681518568235e-08,2.646573848963385e-09
10300,0.22587105631828308,0.1409980207681656,0.18134653568267822,0.13046181201934814,0.17257684469223022,0.14874573051929474,0.25347933173179626,0.17572981119155884,0.2215380072593689,0.16297097504138947,0.20915856957435608,0.18455274403095245,0.00018538162112236023,0.00033540636650286615,0.42870068550109863,0.005928608123213053,0.00861448422074318,2.260326937175705e-06
10350,0.2102985829114914,0.14799831807613373,0.18839101493358612,0.14495977759361267,0.16311118006706238,0.14524106681346893,0.24563440680503845,0.18753530085086823,0.2273826152086258,0.19043640792369843,0.2035784274339676,0.18469329178333282,0.013211595825850964,0.0002034476783592254,0.0031777266412973404,0.6325990557670593,0.0002034476783592254,0.02630019560456276
10400,0.206608384847641,0.13117437064647675,0.20433545112609863,0.14455337822437286,0.1611078679561615,0.15222057700157166,0.23621495068073273,0.1724913865327835,0.23235264420509338,0.1783236265182495,0.19361436367034912,0.19055838882923126,0.2825953960418701,1.4061501026153564,0.07888973504304886,0.3868710398674011,0.12692801654338837,0.7575989961624146
10450,0.2158215194940567,0.14089272916316986,0.1696859747171402,0.14894361793994904,0.1646358072757721,0.16002026200294495,0.2780725061893463,0.20770809054374695,0.23840433359146118,0.2168763279914856,0.2334040403366089,0.22871223092079163,3.302996265119873e-05,6.605432281503454e-05,0.0015023101586848497,3.3315444153414475e-11,9.736200734522527e-10,5.905304023556823e-10
10500,0.22745126485824585,0.1438034474849701,0.1564665585756302,0.15083245933055878,0.17746473848819733,0.14398156106472015,0.2603725790977478,0.1847219467163086,0.1986994594335556,0.19259844720363617,0.2195858359336853,0.18492621183395386,1.9919453109196184e-07,9.736200734522527e-10,0.005233798176050186,0.00023053328914102167,0.016034256666898727,1.0261879540562902e-10
10550,0.220012366771698,0.19101382791996002,0.14821405708789825,0.13616061210632324,0.14876718819141388,0.1558319330215454,0.25124841928482056,0.23062609136104584,0.1878233104944229,0.17340931296348572,0.1904769241809845,0.19432546198368073,0.2532813847064972,0.5231232643127441,0.42870068550109863,0.3868710398674011,0.6325990557670593,0.2519291043281555
10600,0.22607839107513428,0.1609327644109726,0.16719979047775269,0.15528787672519684,0.14425364136695862,0.14624746143817902,0.22799941897392273,0.1715027540922165,0.1774258017539978,0.16523130238056183,0.1530691236257553,0.155337855219841,0.07943783700466156,0.0380413718521595,1.7603447304281872e-06,4.5398901420412585e-05,1.2098664683435345e-06,0.0003800567355938256
10650,0.24140866100788116,0.16681790351867676,0.13966232538223267,0.15398286283016205,0.15912602841854095,0.13900226354599,0.23648998141288757,0.19087670743465424,0.1638214886188507,0.16665704548358917,0.16969068348407745,0.14363165199756622,0.700939416885376,2.2378222942352295,2.4639394283294678,1.1368708610534668,0.8981232047080994,0.5231232047080994
10700,0.2273140549659729,0.15801703929901123,0.13360434770584106,0.18421633541584015,0.16255909204483032,0.13428907096385956,0.20094577968120575,0.14363975822925568,0.11208560317754745,0.16508960723876953,0.1444498747587204,0.1129460260272026,0.11758428066968918,0.3868710398674011,0.0004879761836491525,0.0006265303236432374,0.000296000944217667,0.0021851020865142345
10750,0.2597990036010742,0.15363822877407074,0.11573956906795502,0.13429412245750427,0.1479121595621109,0.18861700594425201,0.29216402769088745,0.2506181001663208,0.11514856666326523,0.13941514492034912,0.21686911582946777,0.2632216513156891,4.48714017868042,9.000123023986816,0.12692801654338837,0.10020655393600464,6.251928806304932,6.876032829284668
10800,0.23731489479541779,0.19137081503868103,0.1207178458571434,0.15272477269172668,0.1401205211877823,0.1577511876821518,0.2545733153820038,0.21906901895999908,0.143044114112854,0.18184906244277954,0.16763687133789062,0.18719202280044556,4.240731868776493e-05,5.6756852093598625e-14,5.602796449011294e-09,8.423464183116014e-12,2.061153470123145e-09,1.4449801710725296e-07
10850,0.2445172369480133,0.1507502794265747,0.14893850684165955,0.16416990756988525,0.142353355884552,0.1492706686258316,0.25295290350914,0.17017444968223572,0.16817942261695862,0.18763704597949982,0.15923655033111572,0.16706563532352448,1.2715106010437012,0.9740769863128662,0.9740769863128662,1.31326162815094,0.8259393572807312,0.8259394764900208
10900,0.1636980175971985,0.19203941524028778,0.16205041110515594,0.2095484882593155,0.14782676100730896,0.12483685463666916,0.2233090102672577,0.2464463859796524,0.21818454563617706,0.26063966751098633,0.20303142070770264,0.1760084480047226,0.3472365438938141,0.02630019560456276,0.0017021704697981477,0.005928608123213053,0.0021851020865142345,0.08893946558237076
10950,0.1843004673719406,0.16912658512592316,0.14508944749832153,0.18121162056922913,0.17052030563354492,0.14975157380104065,0.21300144493579865,0.19882464408874512,0.17353065311908722,0.21021264791488647,0.20017880201339722,0.17874915897846222,9.357218289096636e-08,2.1724398668876432e-10,3.775134718719819e-11,1.6918980105806725e-10,8.423464183116014e-12,4.5990555808117506e-10
11000,0.19191046059131622,0.15085510909557343,0.19568578898906708,0.20153242349624634,0.1390349566936493,0.12098123878240585,0.22723956406116486,0.18230636417865753,0.2248578816652298,0.26533910632133484,0.16884326934814453,0.15964345633983612,0.6485477089881897,0.12692803144454956,0.08893948048353195,3.6513004302978516,0.12692803144454956,1.5019292831420898
11050,0.21494749188423157,0.1283668577671051,0.14792534708976746,0.25396737456321716,0.1244954839348793,0.1302974969148636,0.21784093976020813,0.1327722668647766,0.1561722308397293,0.24535401165485382,0.12771950662136078,0.13523538410663605,0.0010925522074103355,1.0467402056235642e-08,4.006448943982832e-05,1.8189616479702408e-09,4.691164434689199e-08,1.0261879540562902e-10
11100,0.20567889511585236,0.12185065448284149,0.15130650997161865,0.23226000368595123,0.14687205851078033,0.1420319676399231,0.20931212604045868,0.12428727746009827,0.1717945784330368,0.2405104786157608,0.15147463977336884,0.15066927671432495,0.38752615451812744,0.5231232643127441,1.7014132738113403,1.5019291639328003,0.16022413969039917,0.6325990557670593
11150,0.20836420357227325,0.13196638226509094,0.15655021369457245,0.1911018043756485,0.16330702602863312,0.14871034026145935,0.1879153847694397,0.11248242855072021,0.1406693309545517,0.17357519268989563,0.14764142036437988,0.1321921944618225,0.007081728428602219,6.691586174056852e-10,1.0467402056235642e-08,2.998960857425459e-09,1.4166087192180044e-09,4.05865202557365e-10
11200,0.19188188016414642,0.13692119717597961,0.1527576744556427,0.21516871452331543,0.14549249410629272,0.15777802467346191,0.21634159982204437,0.16065554320812225,0.17871436476707458,0.23572419583797455,0.1706797033548355,0.1840500831604004,0.0002765708486549556,5.715006068385264e-07,9.422450375495828e-07,0.04858735203742981,0.0005529314512386918,2.4300536097143777e-05
11250,0.1967429369688034,0.13510645925998688,0.16168273985385895,0.20885467529296875,0.142567440867424,0.15504573285579681,0.19407705962657928,0.13175442814826965,0.1613839715719223,0.2036244124174118,0.1406235247850418,0.15446783602237701,0.030983805656433105,9.931194000500909e-08,3.3315444153414475e-11,1.0261879540562902e-10,3.16088155649652e-10,3.3315444153414475e-11
11300,0.1932862102985382,0.12671303749084473,0.14855065941810608,0.211356058716774,0.1614999771118164,0.158594012260437,0.16961927711963654,0.09994599223136902,0.12617571651935577,0.1843576282262802,0.1399661749601364,0.1369701772928238,0.000804409384727478,0.0005529314512386918,6.962280622246908e-06,1.7257828943684217e-08,3.6534821390432626e-08,3.850741947530878e-09
11350,0.17901656031608582,0.13319960236549377,0.1629141867160797,0.20508325099945068,0.18311582505702972,0.1366705745458603,0.15857025980949402,0.10979137569665909,0.14301824569702148,0.18118146061897278,0.16230596601963043,0.1140359491109848,2.7381542366811118e-08,5.905304023556823e-10,1.0677034651962458e-06,0.018149929121136665,2.9023162824159954e-06,2.4133626954497833e-12
11400,0.18342669308185577,0.17402099072933197,0.15133705735206604,0.19823198020458221,0.17098397016525269,0.12199930101633072,0.21033461391925812,0.19716370105743408,0.17839542031288147,0.24913248419761658,0.19427642226219177,0.13857370615005493,0.44957801699638367,0.0010327640920877457,0.42870068550109863,3.0485873222351074,0.0028048569802194834,0.0021851020865142345
11450,0.1724528968334198,0.21169261634349823,0.166802778840065,0.1918220818042755,0.1525132954120636,0.10471626371145248,0.21293477714061737,0.2462606132030487,0.2069372534751892,0.22999702394008636,0.19215980172157288,0.13012024760246277,0.0501040555536747,2.260326937175705e-06,9.736200734522527e-10,1.8553913605501293e-07,4.5990555808117506e-10,9.736200734522527e-10
11500,0.21336382627487183,0.17618584632873535,0.15196573734283447,0.1626346856355667,0.17925044894218445,0.11659939587116241,0.206697478890419,0.17510518431663513,0.1507043093442917,0.16189996898174286,0.17795054614543915,0.10699427872896194,0.00014829065185040236,1.1861120086109622e-08,1.7603447304281872e-06,2.1445179299917072e-05,8.764247638737288e-08,3.120239853160456e-05
11550,0.19749654829502106,0.1945037543773651,0.16062311828136444,0.13871243596076965,0.18060214817523956,0.12806196510791779,0.18874938786029816,0.1827654093503952,0.1524481326341629,0.12899444997310638,0.17052984237670898,0.11403113603591919,0.3471587002277374,0.0007099223439581692,0.12692801654338837,0.20141328871250153,0.0007099223439581692,0.023245465010404587
11600,0.21810483932495117,0.1939559429883957,0.13536584377288818,0.12424203008413315,0.20309390127658844,0.125237375497818,0.22442547976970673,0.20497038960456848,0.1451501101255417,0.13287392258644104,0.21210722625255585,0.1411576271057129,0.07128635048866272,0.06196758896112442,0.014163456857204437,0.20141328871250153,0.016034256666898727,0.8981232643127441
11650,0.23125265538692474,0.158171609044075,0.16571325063705444,0.12942299246788025,0.18148013949394226,0.1339593231678009,0.22825807332992554,0.16508062183856964,0.17277458310127258,0.1322782337665558,0.18778249621391296,0.13771121203899384,0.050724517554044724,0.00017954407667275518,0.0010327640920877457,0.029750417917966843,0.0021851020865142345,0.004620229359716177
11700,0.2182752788066864,0.15232329070568085,0.17067860066890717,0.14650294184684753,0.17479318380355835,0.13742665946483612,0.2093530297279358,0.14999398589134216,0.16876718401908875,0.14356568455696106,0.17269864678382874,0.1330130696296692,2.2051494852348696e-08,2.061153470123145e-09,5.905304023556823e-10,6.144193321233615e-06,9.610703273210675e-05,2.9023162824159954e-06
11750,0.18749432265758514,0.15055561065673828,0.1692209541797638,0.13330478966236115,0.20122841000556946,0.15819591283798218,0.16638313233852386,0.13643109798431396,0.1493898630142212,0.11002890020608902,0.17800472676753998,0.13827362656593323,0.007436689455062151,0.6325990557670593,7.484903471777216e-05,0.00033540636650286615,0.0031777266412973404,7.484903471777216e-05
11800,0.23479440808296204,0.15730981528759003,0.15837670862674713,0.12802501022815704,0.16471518576145172,0.15677887201309204,0.23434467613697052,0.16511552035808563,0.16621193289756775,0.1311059445142746,0.17275986075401306,0.16453883051872253,0.31696248054504395,0.0021851020865142345,0.000296000944217667,8.481463737552986e-05,0.007606093771755695,0.000296000944217667
11850,0.20791378617286682,0.13002759218215942,0.1663757860660553,0.11364605277776718,0.20781201124191284,0.17422468960285187,0.22928494215011597,0.15185900032520294,0.19251002371311188,0.12961861491203308,0.22920356690883636,0.20011599361896515,6.170259439386427e-05,0.0021851020865142345,4.94445018262013e-09,1.2098664683435345e-06,9.422450375495828e-07,1.0467402056235642e-08
11900,0.24419891834259033,0.12871021032333374,0.1684396117925644,0.11485139280557632,0.185413658618927,0.15838612616062164,0.2456846833229065,0.13990633189678192,0.18419817090034485,0.12101335823535919,0.20004987716674805,0.17403435707092285,0.02195693738758564,0.011047745123505592,0.0015023101586848497,0.0015023101586848497,0.0024756852071732283,0.0005529314512386918
11950,0.2393818348646164,0.12190141528844833,0.1932021528482437,0.12800419330596924,0.16653278470039368,0.15097768604755402,0.25554507970809937,0.13762816786766052,0.21361485123634338,0.17977473139762878,0.18910793960094452,0.17294941842556,0.6567325592041016,2.1445179299917072e-05,3.535687574185431e-05,3.4086456298828125,0.00033540636650286615,0.0024756852071732283
12000,0.2643425464630127,0.1392267644405365,0.1674232929944992,0.12374388426542282,0.1636909395456314,0.14157259464263916,0.2606011629104614,0.1548042595386505,0.1852283924818039,0.13540618121623993,0.18154007196426392,0.15755563974380493,0.001402563415467739,0.0005529314512386918,1.4739090147486422e-05,0.005928608123213053,0.0031777266412973404,2.335593052293916e-09
12050,0.2357461154460907,0.12425113469362259,0.15221917629241943,0.1194486990571022,0.17520494759082794,0.19312986731529236,0.26547273993492126,0.18938027322292328,0.22163498401641846,0.14534328877925873,0.19415012001991272,0.20964330434799194,2.2970447540283203,5.2552337646484375,5.1309285163879395,1.5019291639328003,0.06196758896112442,0.0040784431621432304
12100,0.23047888278961182,0.16221517324447632,0.17256546020507812,0.12424919754266739,0.158858522772789,0.15163278579711914,0.22305147349834442,0.1650976538658142,0.1753033548593521,0.12110293656587601,0.16165131330490112,0.15396638214588165,9.527626687599877e-09,3.2887544421100756e-06,6.224144116773189e-11,1.6918980105806725e-10,0.0003800567355938256,1.0677034651962458e-06
12150,0.2306438684463501,0.133509561419487,0.18663641810417175,0.10208945721387863,0.1779014617204666,0.16921918094158173,0.23818176984786987,0.14627715945243835,0.2008664458990097,0.10121194273233414,0.1930885910987854,0.18504519760608673,0.2588200867176056,0.08893946558237076,0.020541900768876076,0.00975591130554676,0.03364570066332817,0.05488218367099762
12200,0.28042691946029663,0.14455556869506836,0.15223422646522522,0.10320482403039932,0.1734979897737503,0.14608050882816315,0.24391749501228333,0.13458037376403809,0.1431201845407486,0.07898592948913574,0.1646932065486908,0.1364535093307495,8.108775091386633e-07,9.23744991609965e-09,8.315283821502817e-07,0.0002034476783592254,2.646573848963385e-09,0.014163456857204437
12250,0.257429838180542,0.14370892941951752,0.16135898232460022,0.11499270796775818,0.18042583763599396,0.14208373427391052,0.20214444398880005,0.10568559169769287,0.1247997134923935,0.06890355050563812,0.14322799444198608,0.1038089469075203,0.027093801647424698,1.7603447304281872e-06,2.7536072593647987e-05,1.3440409674103648e-08,1.4166087192180044e-09,3.16088155649652e-10
12300,0.2677440643310547,0.14158864319324493,0.161574125289917,0.12570545077323914,0.16743652522563934,0.1359511911869049,0.21133314073085785,0.10621073842048645,0.12799905240535736,0.08657830953598022,0.13387766480445862,0.09950677305459976,3.6085152643750007e-09,1.783247334519178e-11,0.0002034476783592254,2.260326937175705e-06,1.0677034651962458e-06,1.3887944613766301e-11
12350,0.26169413328170776,0.15211212635040283,0.18793617188930511,0.13660173118114471,0.12339669466018677,0.13825906813144684,0.26245248317718506,0.17292946577072144,0.20782682299613953,0.15518386662006378,0.1384090781211853,0.15718534588813782,0.0001083708630176261,2.1445179299917072e-05,0.0002612244279589504,6.144193321233615e-06,3.726646127688582e-06,0.001170194591395557
12400,0.2523231506347656,0.17261642217636108,0.14577345550060272,0.1173204630613327,0.14155949652194977,0.17040708661079407,0.26118308305740356,0.19854260981082916,0.17065447568893433,0.13482563197612762,0.16581442952156067,0.19641698896884918,2.214366577391047e-05,1.1478834494482726e-05,1.1032560420787263e-09,4.05865202557365e-10,4.05865202557365e-10,1.917171560394948e-10
12450,0.25557979941368103,0.1917676031589508,0.13310673832893372,0.12031543999910355,0.1530081182718277,0.1462223380804062,0.3069467842578888,0.25889506936073303,0.19864587485790253,0.1831013709306717,0.2217453420162201,0.2141718715429306,0.06596927344799042,0.000430649786721915,0.0002034476783592254,0.1128222793340683,0.011047745123505592,0.0021851020865142345
12500,0.2842681407928467,0.15707261860370636,0.1715344786643982,0.11630667001008987,0.13883830606937408,0.1319797933101654,0.2802879810333252,0.1790134608745575,0.1937018781900406,0.13181227445602417,0.15889152884483337,0.15029366314411163,0.35365530848503113,0.014163456857204437,0.029750417917966843,0.2519291043281555,0.0380413718521595,0.014163456857204437
12550,0.2256615310907364,0.15194636583328247,0.20128339529037476,0.13556060194969177,0.14329257607460022,0.14225545525550842,0.2171255350112915,0.15186621248722076,0.19842223823070526,0.1330462545156479,0.1421908736228943,0.14099322259426117,4.511843508225866e-05,5.4222336984821595e-06,0.016034256666898727,0.000804409384727478,1.4739090147486422e-05,0.00010890284465858713
12600,0.21667398512363434,0.15136484801769257,0.24124284088611603,0.1203877180814743,0.13396449387073517,0.1363660842180252,0.2110949456691742,0.15190929174423218,0.22881759703159332,0.11412838846445084,0.13175976276397705,0.1346915364265442,3.4878662518167403e-06,1.1628233792526643e-10,1.3887944613766301e-11,7.889293556218036e-06,3.16088155649652e-10,9.931194000500909e-08
12650,0.23356296122074127,0.15629532933235168,0.20754432678222656,0.13056690990924835,0.134310781955719,0.13771969079971313,0.21115218102931976,0.14546965062618256,0.19164371490478516,0.11517301946878433,0.12062635272741318,0.12397324293851852,0.0021009226329624653,0.06196758896112442,1.6701560525689274e-05,2.1445179299917072e-05,0.07888973504304886,2.1445179299917072e-05
12700,0.24444662034511566,0.18221624195575714,0.14716902375221252,0.1066146120429039,0.1479736864566803,0.17157988250255585,0.22785499691963196,0.1793774664402008,0.14413298666477203,0.09094206988811493,0.14503110945224762,0.16945351660251617,3.945133812521817e-06,3.224186784223093e-08,0.00015844876179471612,2.4300536097143777e-05,6.224144116773189e-11,1.573710259328287e-11
12750,0.2511516809463501,0.20297646522521973,0.1398600935935974,0.10965241491794586,0.1423405557870865,0.1540188491344452,0.22007128596305847,0.1849317103624344,0.12347786873579025,0.0833289846777916,0.12637855112552643,0.13938923180103302,8.405090170526819e-07,5.7893564074651405e-12,4.94445018262013e-09,7.889293556218036e-06,5.4927885156930145e-11,9.545034901359273e-12
12800,0.2538295090198517,0.1861659735441208,0.13052943348884583,0.12018464505672455,0.1523214876651764,0.1569690704345703,0.21664579212665558,0.16469065845012665,0.10610908269882202,0.09248510003089905,0.13158416748046875,0.13654333353042603,0.0801144614815712,1.3709582162846345e-06,1.9947317468904657e-06,4.8473686869998645e-11,9.545034901359273e-12,1.573710259328287e-11
12850,0.24678240716457367,0.21804161369800568,0.1752283126115799,0.10513031482696533,0.1320926696062088,0.12272457778453827,0.30402883887290955,0.29706835746765137,0.2900502681732178,0.17337797582149506,0.21899089217185974,0.21768905222415924,1.003204345703125,2.3502066135406494,5.2552337646484375,2.0176751613616943,2.811967611312866,3.8955419063568115
12900,0.2536775767803192,0.186471626162529,0.16089002788066864,0.12955743074417114,0.1519271731376648,0.1174762025475502,0.2966036796569824,0.24579602479934692,0.22144897282123566,0.18571048974990845,0.21199120581150055,0.16955888271331787,0.0023125072475522757,1.1628233792526643e-10,1.3887944613766301e-11,8.423464183116014e-12,3.098819161342914e-12,5.384939998250016e-13
12950,0.2439637929201126,0.24949456751346588,0.13874506950378418,0.13663603365421295,0.12588456273078918,0.10527602583169937,0.27031829953193665,0.2740756869316101,0.17701566219329834,0.17644308507442474,0.16103143990039825,0.13143573701381683,0.023898642510175705,0.029750417917966843,0.005928608123213053,0.20141328871250153,0.012509570457041264,0.0028048569802194834
13000,0.2147420048713684,0.19663307070732117,0.17901337146759033,0.14998821914196014,0.1325383335351944,0.12708501517772675,0.19877398014068604,0.18423780798912048,0.16874778270721436,0.13955867290496826,0.11916569620370865,0.11221808195114136,2.531841403197177e-08,1.5229980832032197e-08,2.382369359565928e-07,3.6534821390432626e-08,0.0015023101586848497,2.8453348122070565e-08
13050,0.2101619988679886,0.19198395311832428,0.16171473264694214,0.1502985805273056,0.14769506454467773,0.13814574480056763,0.19808994233608246,0.18315711617469788,0.15484637022018433,0.14276710152626038,0.1398862898349762,0.12886594235897064,0.0006748693413101137,9.610703273210675e-05,5.8292964240536094e-05,9.610703273210675e-05,0.00033540636650286615,0.001170194591395557
13100,0.2312466949224472,0.1794624924659729,0.16154883801937103,0.1564222276210785,0.13581492006778717,0.135504812002182,0.19577930867671967,0.15381918847560883,0.13652807474136353,0.13116464018821716,0.1191997230052948,0.10763532668352127,0.013661954551935196,0.0007099223439581692,0.006715348456054926,0.0024756852071732283,1.136871099472046,0.018149929121136665
13150,0.24208883941173553,0.1949843019247055,0.1593647301197052,0.1646653264760971,0.12516604363918304,0.113730788230896,0.20423510670661926,0.16852998733520508,0.13524699211120605,0.14064434170722961,0.09681588411331177,0.0795813649892807,0.00014964485308155417,1.2098664683435345e-06,0.00013983185635879636,1.0677034651962458e-06,0.14267505705356598,4.006448943982832e-05
13200,0.2199312299489975,0.20429857075214386,0.1617298573255539,0.1636670082807541,0.1272052526473999,0.12316813319921494,0.15812626481056213,0.14595910906791687,0.10740601271390915,0.10937060415744781,0.06778530776500702,0.06246380880475044,0.0001306122139794752,4.691164434689199e-08,4.8473686869998645e-11,9.931194000500909e-08,3.850741947530878e-09,6.348800152267131e-09
13250,0.21802745759487152,0.21149948239326477,0.17582055926322937,0.14871977269649506,0.11837861686944962,0.12755417823791504,0.17413537204265594,0.16341975331306458,0.13295447826385498,0.10532573610544205,0.06766267120838165,0.07998552918434143,0.5704747438430786,0.0004879761836491525,0.0024756852071732283,0.0017021704697981477,0.000296000944217667,0.000804409384727478
13300,0.30438709259033203,0.1710851937532425,0.15196479856967926,0.1403162032365799,0.10831379890441895,0.12393295019865036,0.2641710638999939,0.16910815238952637,0.1495535671710968,0.13639475405216217,0.09368187189102173,0.11590870469808578,2.3925842924654717e-06,3.581747953784742e-10,1.6918980105806725e-10,1.0815941892117209e-11,2.940077695190446e-11,1.0815941892117209e-11
13350,0.2861853837966919,0.18317611515522003,0.16508039832115173,0.13014023005962372,0.11174210906028748,0.12367574870586395,0.2386191189289093,0.16499747335910797,0.1478349268436432,0.10859460383653641,0.08344549685716629,0.10018797963857651,2.216542725363979e-06,1.3440409674103648e-08,2.335593052293916e-09,4.691164434689199e-08,1.5534990325249964e-06,6.023574172786539e-08
13400,0.28931695222854614,0.18046468496322632,0.16210629045963287,0.11850203573703766,0.13389459252357483,0.1157154068350792,0.2345406413078308,0.156096950173378,0.13857264816761017,0.08671529591083527,0.1068386435508728,0.08279504626989365,0.05937544256448746,0.0028048569802194834,0.020541900768876076,0.004620229359716177,0.0019285932648926973,0.005233798176050186
13450,0.2874613106250763,0.16814740002155304,0.1675732433795929,0.12408993393182755,0.1193871721625328,0.1333409696817398,0.22963760793209076,0.13940325379371643,0.1387166678905487,0.08951906114816666,0.08431656658649445,0.10095447301864624,0.1935054361820221,0.018149929121136665,0.005928608123213053,0.04299908131361008,0.16022413969039917,0.00013983185635879636
13500,0.2572360932826996,0.1347687989473343,0.15828754007816315,0.14464008808135986,0.138968363404274,0.16609907150268555,0.2328580617904663,0.12619565427303314,0.15273629128932953,0.13785912096500397,0.1312587559223175,0.16068658232688904,8.982169674709439e-05,1.9947317468904657e-06,7.338212526519783e-07,9.931194000500909e-08,1.6373769540223293e-07,0.0002034476783592254
13550,0.27051854133605957,0.13835105299949646,0.1417231559753418,0.13867424428462982,0.14379873871803284,0.16693425178527832,0.23063844442367554,0.11447976529598236,0.12018357962369919,0.12461288273334503,0.12106531113386154,0.14941959083080292,0.6307429671287537,0.07888973504304886,0.2519291043281555,1.0537006855010986,0.10020655393600464,0.4740769863128662
13600,0.26169079542160034,0.13405103981494904,0.13180436193943024,0.13631732761859894,0.17851363122463226,0.15762285888195038,0.218699648976326,0.11229555308818817,0.1028279960155487,0.1101469099521637,0.14538012444972992,0.15385596454143524,1.4075953960418701,1.8047447204589844,1.136871099472046,1.31326162815094,0.3868710398674011,3.288041353225708
13650,0.26198527216911316,0.1397477239370346,0.13294558227062225,0.14092859625816345,0.15547534823417664,0.1689174771308899,0.20818708837032318,0.10772978514432907,0.09995021671056747,0.10485047101974487,0.12113731354475021,0.13510246574878693,0.1050138846039772,0.42870068550109863,0.4740769863128662,0.0019285932648926973,0.00975591130554676,0.0380413718521595
13700,0.2846463918685913,0.164936825633049,0.14029012620449066,0.12977784872055054,0.13578349351882935,0.14456525444984436,0.2399110198020935,0.143574059009552,0.11662085354328156,0.1037604957818985,0.11123168468475342,0.12161118537187576,0.6561920046806335,0.02630019560456276,0.0015023101586848497,0.0006265303236432374,0.0013259010156616569,0.005233798176050186
13750,0.27790865302085876,0.19047196209430695,0.15446050465106964,0.11392956972122192,0.13323107361793518,0.12999829649925232,0.2394363135099411,0.17709891498088837,0.14252042770385742,0.09230365604162216,0.11812463402748108,0.11408071964979172,0.00024746923008933663,4.450851349702134e-07,8.592166977905435e-10,0.00023053328914102167,1.9947317468904657e-06,0.000911466486286372
13800,0.19003504514694214,0.1627057045698166,0.1542903333902359,0.15820132195949554,0.18327349424362183,0.15149416029453278,0.2148754745721817,0.1892561912536621,0.1804935485124588,0.18462388217449188,0.20889721810817719,0.17747585475444794,4.8658450396033004e-05,3.466327029855165e-07,4.94445018262013e-09,1.6373769540223293e-07,5.315785500670245e-08,5.7893564074651405e-12
13850,0.18707261979579926,0.15659987926483154,0.14549098908901215,0.14070533215999603,0.17996375262737274,0.19016748666763306,0.17008373141288757,0.14053083956241608,0.1283901035785675,0.12287306040525436,0.1634759157896042,0.17257562279701233,0.021547595039010048,7.889293556218036e-06,5.043475539423525e-07,0.00015844876179471612,1.9555681518568235e-08,1.9555681518568235e-08
13900,0.22869832813739777,0.1727508008480072,0.13736200332641602,0.14906200766563416,0.1380203664302826,0.17410653829574585,0.19844400882720947,0.15117233991622925,0.11329390853643417,0.12682203948497772,0.11496052891016006,0.15240056812763214,0.10474752634763718,0.006715348456054926,0.001170194591395557,0.005233798176050186,0.08893946558237076,0.0005529314512386918
13950,0.2290007323026657,0.16303770244121552,0.14173533022403717,0.17261740565299988,0.1361970752477646,0.15741176903247833,0.18349426984786987,0.1274343878030777,0.1043311059474945,0.13685525953769684,0.09775443375110626,0.12164019793272018,0.00021532495156861842,2.1724398668876432e-10,9.736200734522527e-10,3.581747953784742e-10,4.420228560345768e-14,4.1937956471276017e-13
14000,0.24834918975830078,0.18297342956066132,0.13350334763526917,0.17042356729507446,0.13452935218811035,0.13022111356258392,0.2079765796661377,0.15756891667842865,0.10555854439735413,0.14584501087665558,0.10682176053524017,0.10145124793052673,0.00010176766227232292,1.5229980832032197e-08,5.905304023556823e-10,2.940077695190446e-11,3.775134718719819e-11,2.1724398668876432e-10
14050,0.21659334003925323,0.14947889745235443,0.15800555050373077,0.1836579442024231,0.13207873702049255,0.16018547117710114,0.2040804773569107,0.14288750290870667,0.15204088389873505,0.17686429619789124,0.12246764451265335,0.1543017476797104,4.711250767286401e-07,2.789468100949932e-10,1.4637784257268138e-12,7.99195987166712e-11,3.2887544421100756e-06,3.978962558742749e-12
14100,0.2391127496957779,0.13164323568344116,0.14758449792861938,0.17973558604717255,0.10685192793607712,0.1950719654560089,0.2801223397254944,0.17823617160320282,0.1985141932964325,0.22963839769363403,0.14417997002601624,0.24354708194732666,0.34167370200157166,0.000911466486286372,0.14267505705356598,0.0031777266412973404,0.0380413718521595,0.04299908131361008
14150,0.21120008826255798,0.11809905618429184,0.20676462352275848,0.14508363604545593,0.13282343745231628,0.18602913618087769,0.2575388550758362,0.16162726283073425,0.25403672456741333,0.1955820769071579,0.1810142993927002,0.23662175238132477,7.629694209754234e-09,9.056077415747765e-11,7.99195987166712e-11,1.2501528701136522e-09,1.7603447304281872e-06,0.0021851020865142345
14200,0.23039904236793518,0.14077797532081604,0.181738018989563,0.13889266550540924,0.15113507211208344,0.1570572853088379,0.2347937673330307,0.15346810221672058,0.1955992430448532,0.15127238631248474,0.16517440974712372,0.17181390523910522,0.004900655243545771,0.0007099223439581692,1.4739090147486422e-05,0.0036000751424580812,4.222842107992619e-06,0.029750417917966843
14250,0.19746999442577362,0.17539121210575104,0.17795750498771667,0.16034863889217377,0.14977137744426727,0.13906125724315643,0.21632236242294312,0.20845277607440948,0.19680307805538177,0.1796109974384308,0.168336883187294,0.1560949981212616,0.23674292862415314,1.4061501026153564,0.0015023101586848497,0.0015023101586848497,5.8292964240536094e-05,9.610703273210675e-05
14300,0.23365138471126556,0.17147628962993622,0.16252967715263367,0.15597662329673767,0.1442854255437851,0.1320805698633194,0.20632612705230713,0.15527378022670746,0.14643234014511108,0.13964185118675232,0.1267862766981125,0.11220334470272064,0.00038068293360993266,1.3709582162846345e-06,1.1628233792526643e-10,6.224144116773189e-11,1.8189616479702408e-09,2.1724398668876432e-10
14350,0.20923607051372528,0.1497652679681778,0.20103153586387634,0.15034639835357666,0.15001817047595978,0.13960254192352295,0.195634126663208,0.1404591053724289,0.1890338957309723,0.14109811186790466,0.14073751866817474,0.128864586353302,9.500658961769659e-07,8.152020392060422e-09,7.734421814120651e-08,7.338212526519783e-07,7.734421814120651e-08,5.602796449011294e-09
14400,0.24637196958065033,0.15788303315639496,0.16391485929489136,0.13358622789382935,0.15314702689647675,0.14509688317775726,0.22515015304088593,0.15113107860088348,0.1572893261909485,0.12353034317493439,0.14607779681682587,0.13716833293437958,0.06240919232368469,0.0028048569802194834,1.9555681518568235e-08,7.194133289090132e-09,8.592166977905435e-10,4.05865202557365e-10
14450,0.22598403692245483,0.16815677285194397,0.17115089297294617,0.14446666836738586,0.15660686790943146,0.1336347609758377,0.19012922048568726,0.14136053621768951,0.1442725956439972,0.1163056343793869,0.12961944937705994,0.10344579815864563,1.3588838498890254e-07,1.2256066821147993e-11,4.94445018262013e-09,2.5436656904062604e-13,2.8453348122070565e-08,5.4927885156930145e-11
14500,0.20305247604846954,0.1655055284500122,0.1640138477087021,0.15298877656459808,0.1697346568107605,0.14470472931861877,0.21072016656398773,0.17703302204608917,0.1756230890750885,0.16396036744117737,0.18158456683158875,0.15620119869709015,0.004883694928139448,0.00975591130554676,0.018149929121136665,5.144353781361133e-05,0.04858735203742981,0.14267505705356598
14550,0.20699918270111084,0.14580191671848297,0.24968545138835907,0.13882951438426971,0.12547394633293152,0.13320991396903992,0.23082320392131805,0.17283260822296143,0.2615239918231964,0.16428788006305695,0.1480577290058136,0.1575726717710495,0.07833921909332275,0.06196758896112442,0.05488218367099762,0.016034256666898727,0.06196758896112442,0.02630019560456276
14600,0.23351725935935974,0.1334611475467682,0.21459978818893433,0.151290163397789,0.12634482979774475,0.14078675210475922,0.22235022485256195,0.13003073632717133,0.20839989185333252,0.15071995556354523,0.12098947912454605,0.1388476938009262,0.0010950732976198196,2.020683967374204e-11,1.493094675675266e-10,3.466327029855165e-07,2.4133626954497833e-12,3.3315444153414475e-11
14650,0.21919068694114685,0.1411941647529602,0.1927778571844101,0.17673063278198242,0.14587827026844025,0.12422842532396317,0.2096901684999466,0.13101713359355927,0.18135221302509308,0.16944286227226257,0.13971617817878723,0.11275506764650345,0.7531783580780029,0.14267505705356598,0.0380413718521595,0.28115013241767883,0.4740768074989319,0.42870068550109863
14700,0.2490662783384323,0.17799808084964752,0.16990350186824799,0.1394323706626892,0.1352422535419464,0.1283574253320694,0.21159109473228455,0.15615972876548767,0.14848028123378754,0.11586787551641464,0.11083339154720306,0.1022123470902443,2.297074388479814e-05,6.691586174056852e-10,1.4166087192180044e-09,5.211412412720051e-10,1.3440409674103648e-08,1.2098664683435345e-06
14750,0.23351016640663147,0.1417844444513321,0.14996406435966492,0.15078772604465485,0.16103723645210266,0.162916362285614,0.21644911170005798,0.13412770628929138,0.14338219165802002,0.14428594708442688,0.15513736009597778,0.1570509821176529,1.6125706991942934e-08,2.1724398668876432e-10,4.5990555808117506e-10,1.0261879540562902e-10,5.8292964240536094e-05,1.3887944613766301e-11
14800,0.20331713557243347,0.18172450363636017,0.16967803239822388,0.1393851935863495,0.16528558731079102,0.14060959219932556,0.20555801689624786,0.1870303452014923,0.17619842290878296,0.14326348900794983,0.1713850051164627,0.14470651745796204,0.00028481651679612696,5.8292964240536094e-05,0.04858735203742981,6.144193321233615e-06,4.785106284543872e-06,1.7603447304281872e-06
14850,0.2022545486688614,0.14524343609809875,0.15271730720996857,0.1413378119468689,0.14480780065059662,0.21363911032676697,0.2075996696949005,0.15296365320682526,0.16124290227890015,0.14846602082252502,0.15284842252731323,0.2166333943605423,0.00019008464005310088,2.510999053129126e-08,5.602796449011294e-09,5.043475539423525e-07,0.0380413718521595,6.144193321233615e-06
14900,0.21944698691368103,0.1340671330690384,0.14697159826755524,0.14375238120555878,0.18950879573822021,0.16625306010246277,0.19717909395694733,0.11585157364606857,0.1310148537158966,0.12736089527606964,0.1752113401889801,0.15135470032691956,0.0020465911366045475,1.5534990325249964e-06,1.9947317468904657e-06,3.120239853160456e-05,0.22541265189647675,7.338212526519783e-07
14950,0.2130909562110901,0.12095759809017181,0.145730659365654,0.12392480671405792,0.25809356570243835,0.13820244371891022,0.2137453258037567,0.10752448439598083,0.14665913581848145,0.13028453290462494,0.23035356402397156,0.1253945231437683,1.752557396888733,0.4740769863128662,1.31326162815094,2.3502066135406494,0.2519291043281555,0.06196758896112442
15000,0.23319785296916962,0.12688833475112915,0.19548669457435608,0.1270093470811844,0.20283398032188416,0.11458378285169601,0.2098691314458847,0.10945247858762741,0.18076296150684357,0.10960976034402847,0.18685072660446167,0.09262227267026901,0.0001017238391796127,2.998960857425459e-09,1.0603575851565739e-13,4.75219310517444e-13,1.2256066821147993e-11,4.420228560345768e-14
15050,0.2703627347946167,0.17422929406166077,0.17381349205970764,0.11820175498723984,0.15575720369815826,0.10763552039861679,0.21706843376159668,0.14456865191459656,0.14417441189289093,0.08055347204208374,0.12614363431930542,0.06510110944509506,4.822537903237389e-06,7.338212526519783e-07,1.2751904421293148e-07,0.00013983185635879636,0.006715348456054926,4.450851349702134e-07
15100,0.2935110628604889,0.1408386528491974,0.15192176401615143,0.13858662545681,0.14995600283145905,0.12518592178821564,0.2303074300289154,0.10914784669876099,0.12164671719074249,0.10648815333843231,0.11949983239173889,0.08970838040113449,1.6830492768349359e-06,3.6534821390432626e-08,2.020683967374204e-11,8.152020392060422e-09,0.0002034476783592254,6.023574172786539e-08
15150,0.2802891433238983,0.14216165244579315,0.17068909108638763,0.1415618509054184,0.13913346827030182,0.12616489827632904,0.2320554256439209,0.11916716396808624,0.14943766593933105,0.1185961589217186,0.11563128978013992,0.09946238249540329,0.08918703347444534,0.0015023101586848497,0.011047745123505592,0.014163456857204437,0.0031777266412973404,0.0007099223439581692
15200,0.2681494653224945,0.14074614644050598,0.17680707573890686,0.14906324446201324,0.1392730474472046,0.125961035490036,0.23117531836032867,0.12078361213207245,0.15995477139949799,0.13756971061229706,0.12307155132293701,0.11118926852941513,0.42979252338409424,0.02630019560456276,0.1797446310520172,0.7575989961624146,0.42870068550109863,0.8981232643127441
15250,0.2676889896392822,0.21984902024269104,0.15628859400749207,0.12083505839109421,0.11500218510627747,0.12033621221780777,0.2636650502681732,0.2297583371400833,0.17579203844070435,0.13363343477249146,0.13239926099777222,0.13062520325183868,0.16022413969039917,0.018149929121136665,0.2519291043281555,0.28115013241767883,0.9740769863128662,0.04858735203742981
15300,0.2864781618118286,0.2089584767818451,0.13279853761196136,0.1462521255016327,0.11740279197692871,0.10810993611812592,0.26332148909568787,0.21120433509349823,0.1364094316959381,0.1523360311985016,0.11608576774597168,0.1024715006351471,0.005523872561752796,1.9555681518568235e-08,3.775134718719819e-11,0.000430649786721915,0.000804409384727478,3.2887544421100756e-06
15350,0.25200551748275757,0.16292384266853333,0.16352641582489014,0.14206737279891968,0.13965661823749542,0.13982024788856506,0.24296949803829193,0.1710009127855301,0.17151470482349396,0.14859788119792938,0.14557506144046783,0.1456017941236496,0.018232883885502815,0.018149929121136665,0.00861448422074318,0.0380413718521595,0.018149929121136665,0.0015023101586848497
15400,0.20910310745239258,0.17660775780677795,0.19404348731040955,0.12661559879779816,0.13774272799491882,0.15588729083538055,0.18631380796432495,0.1573919802904129,0.17285244166851044,0.10257485508918762,0.117029570043087,0.13674484193325043,0.11955693364143372,0.014163456857204437,0.006715348456054926,0.023245465010404587,0.07888973504304886,0.00861448422074318
15450,0.16635216772556305,0.21250221133232117,0.20877885818481445,0.1406298726797104,0.1528138369321823,0.11892309039831161,0.17704570293426514,0.21729759871959686,0.2143792062997818,0.1491803526878357,0.16289004683494568,0.12151738256216049,0.014936910010874271,0.00017954407667275518,6.144193321233615e-06,1.8553913605501293e-07,7.582560135332983e-10,8.423464183116014e-12
15500,0.16566358506679535,0.19483932852745056,0.18328559398651123,0.14221443235874176,0.17673958837985992,0.13725733757019043,0.15798796713352203,0.1825297325849533,0.17345739901065826,0.12912026047706604,0.17040453851222992,0.1272168755531311,0.4021366834640503,0.1797446310520172,0.28115013241767883,0.03364570066332817,0.575939416885376,0.42870068550109863
15550,0.21274049580097198,0.1880693882703781,0.18805091083049774,0.1272801011800766,0.15166975557804108,0.1321893036365509,0.20409633219242096,0.18375840783119202,0.1837417632341385,0.1193384975194931,0.14827358722686768,0.12558293342590332,1.5219194210658316e-05,4.5398901420412585e-05,2.9023162824159954e-06,1.8553913605501293e-07,0.000804409384727478,2.260326937175705e-06
15600,0.2379729151725769,0.13516971468925476,0.1682281643152237,0.14185340702533722,0.16548627614974976,0.15128947794437408,0.252501517534256,0.15347054600715637,0.1895700991153717,0.16143451631069183,0.19208867847919464,0.17332734167575836,0.5704747438430786,0.0002034476783592254,0.0001234021910931915,0.0002612244279589504,0.5231232643127441,0.12692801654338837
15650,0.22586825489997864,0.1419658213853836,0.15373757481575012,0.15034641325473785,0.166314959526062,0.16176697611808777,0.2220185101032257,0.14764323830604553,0.15754719078540802,0.16108833253383636,0.16927215456962585,0.16421690583229065,0.35143372416496277,0.575939416885376,0.2519291043281555,0.9740769863128662,0.12692801654338837,0.07888973504304886
15700,0.18104788661003113,0.20464491844177246,0.14321090281009674,0.14077745378017426,0.15720154345035553,0.17311730980873108,0.23300467431545258,0.2532194256782532,0.1943213790655136,0.19149357080459595,0.2097010761499405,0.2256137877702713,2.0032623069710098e-05,8.764247638737288e-08,6.914400150527522e-13,4.363462480228009e-09,5.1090889331695255e-12,7.835042293777295e-13
15750,0.22458402812480927,0.1853792816400528,0.14442089200019836,0.14239896833896637,0.1410009264945984,0.162215918302536,0.2793967127799988,0.2297222912311554,0.2163485586643219,0.1865222156047821,0.18489427864551544,0.23090337216854095,1.8317341804504395,0.029750417917966843,2.811967611312866,0.06196758896112442,0.06196758896112442,2.3502066135406494
15800,0.27071937918663025,0.13978175818920135,0.14807002246379852,0.1231628879904747,0.13090616464614868,0.1873597502708435,0.2882145643234253,0.1791491061449051,0.18865357339382172,0.15826429426670074,0.168324813246727,0.2274855375289917,3.743429624591954e-05,1.3887944613766301e-11,1.6918980105806725e-10,8.423464183116014e-12,2.789468100949932e-10,3.978962558742749e-12
15850,0.27392640709877014,0.11745724827051163,0.11608313024044037,0.13570481538772583,0.13569459319114685,0.22113390266895294,0.31080716848373413,0.1649157702922821,0.1630767434835434,0.18896310031414032,0.19170287251472473,0.2701520025730133,0.6332218050956726,0.016034256666898727,0.02630019560456276,0.0380413718521595,0.3132617175579071,0.10020655393600464
15900,0.2662014067173004,0.10907954722642899,0.1247648075222969,0.1813952773809433,0.1455865055322647,0.1729724109172821,0.2665290832519531,0.11914917826652527,0.14131741225719452,0.203068345785141,0.16678351163864136,0.19522318243980408,0.01709209382534027,2.5612855552026303e-06,3.16088155649652e-10,3.16088155649652e-10,4.05865202557365e-10,1.8189616479702408e-09
15950,0.22444891929626465,0.11547856032848358,0.13460728526115417,0.18816545605659485,0.19819778203964233,0.139102041721344,0.2293587177991867,0.11970578134059906,0.14599847793579102,0.20026487112045288,0.20883816480636597,0.1504160463809967,1.1347822237439686e-06,5.315785500670245e-08,0.10020655393600464,3.726646127688582e-06,0.0002612244279589504,1.783247334519178e-11
16000,0.2387922704219818,0.13014426827430725,0.1392781287431717,0.16866134107112885,0.1823626160621643,0.14076142013072968,0.22465026378631592,0.12449611723423004,0.13569599390029907,0.16727226972579956,0.18015944957733154,0.1374358832836151,0.0007317069685086608,3.466327029855165e-07,0.000804409384727478,9.422450375495828e-07,1.6373769540223293e-07,2.5946095966178362e-11
16050,0.24280691146850586,0.15567095577716827,0.14794547855854034,0.15875887870788574,0.15800613164901733,0.13681159913539886,0.21014118194580078,0.12117457389831543,0.11849936097860336,0.12456101924180984,0.12672793865203857,0.10143276304006577,1.5656477212905884,0.0036000751424580812,0.575939416885376,0.018149929121136665,0.3132617175579071,0.16022413969039917
16100,0.25734782218933105,0.16839061677455902,0.15762734413146973,0.1457730382680893,0.14104804396629333,0.12981319427490234,0.2350126951932907,0.16341973841190338,0.15288834273815155,0.1405676007270813,0.13513079285621643,0.12085571885108948,0.17910024523735046,0.018149929121136665,0.05488218367099762,0.1128222793340683,0.1128222793340683,0.05488218367099762
16150,0.2593122720718384,0.15206490457057953,0.17899520695209503,0.13867305219173431,0.14033454656600952,0.1306200921535492,0.21227921545505524,0.1242079958319664,0.15111136436462402,0.10899675637483597,0.1109619289636612,0.09912547469139099,0.0006642311345785856,1.4739090147486422e-05,2.6995780899596866e-07,7.734421814120651e-08,2.510999053129126e-08,2.2159490242756874e-08
16200,0.2329503893852234,0.15465429425239563,0.21760234236717224,0.12313351780176163,0.14832012355327606,0.12333938479423523,0.18253777921199799,0.11419011652469635,0.17033492028713226,0.07620422542095184,0.10691247135400772,0.07647857815027237,0.113856740295887,0.0380413718521595,0.018149929121136665,0.00017954407667275518,0.000296000944217667,5.144353781361133e-05
16250,0.20018896460533142,0.1482968032360077,0.23651953041553497,0.15647614002227783,0.14401626586914062,0.11450226604938507,0.17875324189662933,0.12068980187177658,0.2046457678079605,0.1295483112335205,0.11585704237222672,0.07801732420921326,0.8555846214294434,6.825603549032166e-08,0.6931471824645996,5.905304023556823e-10,6.825603549032166e-08,3.978962558742749e-12
16300,0.23373724520206451,0.1953936219215393,0.212354376912117,0.12328723818063736,0.11869409680366516,0.11653345078229904,0.21133896708488464,0.18173208832740784,0.19546665251255035,0.10574962943792343,0.09948502480983734,0.09645377099514008,0.004202146548777819,7.889293556218036e-06,1.1253516873921399e-07,1.0815941892117209e-11,9.545034901359273e-12,7.433680407342713e-12
16350,0.2213752567768097,0.16077353060245514,0.20157960057258606,0.13520365953445435,0.13836698234081268,0.14270099997520447,0.1708746999502182,0.11799468100070953,0.15531563758850098,0.08941426873207092,0.09323026239871979,0.09831921011209488,0.010272595100104809,1.7257828943684217e-08,2.335593052293916e-09,4.94445018262013e-09,7.338212526519783e-07,2.1024335694619367e-07
16400,0.2542903423309326,0.14557550847530365,0.1625138819217682,0.15693113207817078,0.13574430346488953,0.14494484663009644,0.2016357034444809,0.10685620456933975,0.12501370906829834,0.11924590170383453,0.0953153595328331,0.10613603889942169,0.2749289274215698,0.0003800567355938256,2.382369359565928e-07,6.825603549032166e-08,6.144193321233615e-06,1.3709582162846345e-06
16450,0.24147316813468933,0.15239179134368896,0.1619461178779602,0.15754184126853943,0.14041906595230103,0.14622798562049866,0.18312978744506836,0.10717852413654327,0.11721265316009521,0.11266256123781204,0.09367764741182327,0.10036604106426239,0.0001160433967015706,4.508755348242577e-12,6.605432281503454e-05,3.2887544421100756e-06,2.020683967374204e-11,1.493094675675266e-10
16500,0.23145195841789246,0.15432456135749817,0.17934688925743103,0.1490367203950882,0.14668725430965424,0.1391526758670807,0.15105964243412018,0.08406665176153183,0.10886009782552719,0.078315369784832,0.07569997757673264,0.0669914186000824,0.011624183505773544,1.3007213055971079e-05,2.260326937175705e-06,0.00015844876179471612,0.000804409384727478,1.013004202832235e-05
16550,0.23166082799434662,0.1794862151145935,0.15621896088123322,0.14165475964546204,0.1607375144958496,0.1302417665719986,0.1498793363571167,0.10777360945940018,0.08486507087945938,0.06871719658374786,0.08956986665725708,0.054857127368450165,0.00016770361980888993,1.0467402056235642e-08,9.545034901359273e-12,1.7482341258239636e-13,1.2256066821147993e-11,2.365977659830095e-14
16600,0.26517024636268616,0.1677028089761734,0.15678434073925018,0.14328333735466003,0.14227226376533508,0.12478697299957275,0.1819159984588623,0.10636330395936966,0.09519673138856888,0.08034612983465195,0.07986901700496674,0.05754569545388222,0.001248047803528607,0.005928608123213053,8.481463737552986e-05,0.000804409384727478,0.06993620097637177,0.0013259010156616569
16650,0.2196301817893982,0.12880957126617432,0.15781332552433014,0.17546607553958893,0.1440652459859848,0.17421559989452362,0.19077372550964355,0.10265635699033737,0.13616293668746948,0.15365836024284363,0.12112374603748322,0.15247826278209686,0.007297053467482328,0.0001234021910931915,6.475950158346677e-07,3.059022617435403e-07,1.5229980832032197e-08,1.5229980832032197e-08
16700,0.1924474835395813,0.1377270519733429,0.19864147901535034,0.18278352916240692,0.13362473249435425,0.15477575361728668,0.18531566858291626,0.13011500239372253,0.1905425786972046,0.1768147498369217,0.12512564659118652,0.14937107264995575,6.876608154016139e-07,3.266131668507727e-13,1.4637784257268138e-12,1.62611098224923e-14,2.5436656904062604e-13,3.978962558742749e-12
16750,0.20922492444515228,0.17433147132396698,0.16111302375793457,0.18174660205841064,0.1405736654996872,0.13301028311252594,0.17686714231967926,0.1450040191411972,0.1490054726600647,0.1518867462873459,0.10986997187137604,0.10038348287343979,0.17606782913208008,0.0002034476783592254,1.7014132738113403,0.001170194591395557,0.0380413718521595,0.0019285932648926973
16800,0.20130611956119537,0.15980368852615356,0.1927567571401596,0.2047593742609024,0.12525925040245056,0.11611482501029968,0.16901104152202606,0.13072453439235687,0.16204160451889038,0.17260883748531342,0.09817676991224289,0.07759087532758713,0.08108706772327423,0.06196758896112442,0.10020655393600464,0.16022413969039917,0.8259393572807312,0.018149929121136665
16850,0.1919989138841629,0.12722332775592804,0.18317990005016327,0.19259704649448395,0.16502632200717926,0.139974445104599,0.1858929842710495,0.1162465363740921,0.17889311909675598,0.18471267819404602,0.159295454621315,0.1322198212146759,0.17606782913208008,0.0019285932648926973,0.2519291043281555,0.006715348456054926,0.014163456857204437,0.023245465010404587
16900,0.19822004437446594,0.12966576218605042,0.23417522013187408,0.15006621181964874,0.15687943994998932,0.1309933215379715,0.2471047192811966,0.17283061146736145,0.2703632414340973,0.19693917036056519,0.20426532626152039,0.1745113581418991,0.42459240555763245,7.484903471777216e-05,2.7536072593647987e-05,4.785106284543872e-06,6.144193321233615e-06,7.484903471777216e-05
16950,0.21202361583709717,0.15153662860393524,0.21385681629180908,0.1393464356660843,0.14511899650096893,0.13811750710010529,0.22134330868721008,0.16592469811439514,0.2227638065814972,0.15208710730075836,0.15878459811210632,0.15062546730041504,3.2882310155996075e-12,6.914400150527522e-13,1.7603447304281872e-06,5.982128261852607e-15,1.879528650772233e-12,1.0395379134185484e-15
17000,0.21436955034732819,0.2015509158372879,0.17184817790985107,0.12643301486968994,0.13987353444099426,0.14592480659484863,0.23000359535217285,0.2198265641927719,0.193520650267601,0.14288212358951569,0.15955370664596558,0.16653972864151,0.00033376013743691146,8.939736289903522e-06,2.4300536097143777e-05,1.9947317468904657e-06,0.00023053328914102167,1.1478834494482726e-05
17050,0.37106162309646606,0.18166333436965942,0.08125366270542145,0.10900689661502838,0.08888854831457138,0.16812589764595032,0.4004828631877899,0.2998638153076172,0.15774674713611603,0.20474818348884583,0.16312170028686523,0.2681252360343933,0.18761464953422546,1.910224199295044,0.9740769863128662,0.8259393572807312,0.029750417917966843,0.014163456857204437
17100,0.3031255304813385,0.2113000452518463,0.11216653138399124,0.12530040740966797,0.11044464260339737,0.137662872672081,0.31810036301612854,0.2585563063621521,0.1540626883506775,0.17233306169509888,0.1515101045370102,0.1878584921360016,8.977353718364611e-05,4.94445018262013e-09,1.3440409674103648e-08,1.3440409674103648e-08,1.3440409674103648e-08,1.7257828943684217e-08
17150,0.3195435106754303,0.15975835919380188,0.11833439022302628,0.14948536455631256,0.12535865604877472,0.12751980125904083,0.3084616959095001,0.18967805802822113,0.1400749385356903,0.17863702774047852,0.14960399270057678,0.15238070487976074,0.4511008560657501,0.011047745123505592,0.0031777266412973404,0.0036000751424580812,0.004620229359716177,0.0002612244279589504
17200,0.32903799414634705,0.1444343626499176,0.13695749640464783,0.1538330614566803,0.12667326629161835,0.10906373709440231,0.29077228903770447,0.15491983294487,0.1465793251991272,0.1655273288488388,0.1332695037126541,0.10857253521680832,2.9599502227029006e-07,2.646573848963385e-09,0.04299908131361008,0.020541900768876076,2.646573848963385e-09,4.1937956471276017e-13
17250,0.2895258963108063,0.15675120055675507,0.14046601951122284,0.16083285212516785,0.13528726994991302,0.11713676899671555,0.23688282072544098,0.13590604066848755,0.12224975973367691,0.14145225286483765,0.11139688640832901,0.08881042152643204,0.003277064301073551,0.029750417917966843,0.4740769863128662,0.16022413969039917,0.00861448422074318,0.12692801654338837
17300,0.26776185631752014,0.14633731544017792,0.14339017868041992,0.14011630415916443,0.15276776254177094,0.14962659776210785,0.21811722218990326,0.11842630803585052,0.11506939679384232,0.11125844717025757,0.12552206218242645,0.12209402024745941,6.170109554659575e-05,3.978962558742749e-12,8.764247638737288e-08,4.420228560345768e-14,2.4133626954497833e-12,2.5612855552026303e-06
17350,0.2559621334075928,0.14662902057170868,0.17680850625038147,0.14220915734767914,0.15284572541713715,0.125545471906662,0.1976248174905777,0.10567344725131989,0.13655486702919006,0.10062310099601746,0.11252469569444656,0.08006025105714798,0.00261693331412971,2.1445179299917072e-05,3.927862621821987e-07,4.450851349702134e-07,1.3007213055971079e-05,0.0001234021910931915
17400,0.2339884340763092,0.1569746732711792,0.16251793503761292,0.15901321172714233,0.16432970762252808,0.12317605316638947,0.17152005434036255,0.10565346479415894,0.11137960851192474,0.10778243839740753,0.11320886760950089,0.06564594060182571,6.991592817939818e-05,1.266416662428502e-14,6.825603549032166e-08,1.7603447304281872e-06,2.0879678940140776e-14,2.200702134766289e-15
17450,0.24684631824493408,0.18217746913433075,0.1425665020942688,0.14486394822597504,0.1703028529882431,0.11324281245470047,0.19863466918468475,0.1389608234167099,0.1001046746969223,0.10114825516939163,0.12783445417881012,0.06050727516412735,0.9554253816604614,0.0004879761836491525,0.16022413969039917,0.000804409384727478,5.715006068385264e-07,8.939736289903522e-06
17500,0.23533570766448975,0.15356582403182983,0.15373575687408447,0.1595132201910019,0.17925076186656952,0.11859873682260513,0.1706402599811554,0.0982266515493393,0.10116135329008102,0.10443991422653198,0.12368947267532349,0.05555111542344093,0.20370647311210632,0.005928608123213053,0.28115013241767883,0.000296000944217667,0.0003800567355938256,0.0017021704697981477
17550,0.21776774525642395,0.13765761256217957,0.17489352822303772,0.1637491136789322,0.1721835881471634,0.1337483823299408,0.14789585769176483,0.0729246437549591,0.1130143254995346,0.1008356511592865,0.11271055787801743,0.07148513942956924,0.07191082835197449,0.14267505705356598,0.20141328871250153,0.06993620097637177,0.42870068550109863,0.4740769863128662
17600,0.16467280685901642,0.158079594373703,0.255056232213974,0.1281110644340515,0.1488800048828125,0.14520035684108734,0.1351434588432312,0.1283210963010788,0.20725493133068085,0.09363788366317749,0.11842799931764603,0.11429867893457413,0.008017661981284618,2.9023162824159954e-06,2.7536072593647987e-05,1.8553913605501293e-07,4.1937956471276017e-13,3.266131668507727e-13
17650,0.20026293396949768,0.15026287734508514,0.2579014003276825,0.12626761198043823,0.1297062337398529,0.13559894263744354,0.15770184993743896,0.11030643433332443,0.1994379758834839,0.08159931004047394,0.08603262901306152,0.09336346387863159,1.9645901261355903e-07,3.978962558742749e-12,9.736200734522527e-10,1.0677034651962458e-06,3.059022617435403e-07,3.266131668507727e-13
17700,0.21877063810825348,0.15710346400737762,0.21338322758674622,0.13928528130054474,0.14877209067344666,0.12268519401550293,0.15885204076766968,0.10306578129529953,0.15351185202598572,0.08329383283853531,0.09397422522306442,0.062129560858011246,0.12932223081588745,0.014163456857204437,0.006715348456054926,0.023245465010404587,0.0040784431621432304,0.0007099223439581692
17750,0.2774895429611206,0.16040420532226562,0.18287041783332825,0.11962787061929703,0.1341731697320938,0.12543466687202454,0.20375952124595642,0.11331473290920258,0.13494308292865753,0.06491288542747498,0.08446556329727173,0.07273385673761368,0.001606541802175343,0.0005529314512386918,0.0005529314512386918,5.043475539423525e-07,0.06196758896112442,1.013004202832235e-05
17800,0.33049124479293823,0.14827972650527954,0.1951376497745514,0.14282867312431335,0.08877582103013992,0.09448689222335815,0.2982967495918274,0.1660306304693222,0.21130019426345825,0.15981315076351166,0.08137889951467514,0.09166611731052399,0.006275027524679899,0.0040784431621432304,5.8292964240536094e-05,0.00033540636650286615,0.0031777266412973404,0.0031777266412973404
17850,0.3182442784309387,0.14212022721767426,0.1591055542230606,0.17019201815128326,0.1009734570980072,0.10936447978019714,0.2637927532196045,0.13077867031097412,0.14940626919269562,0.1605205535888672,0.0743790864944458,0.08755077421665192,1.364276499771222e-06,1.1032560420787263e-09,7.835042293777295e-13,1.6586784029604118e-12,2.2447771723041465e-13,3.9008374438584403e-14
17900,0.31305816769599915,0.15351049602031708,0.15444543957710266,0.16193394362926483,0.10958491265773773,0.10746711492538452,0.2415051907300949,0.1255474090576172,0.12593595683574677,0.13948839902877808,0.06881248950958252,0.06436733156442642,0.15080991387367249,0.3132617175579071,0.2519291043281555,0.8259393572807312,0.20141328871250153,0.07888973504304886
17950,0.2841413617134094,0.20352934300899506,0.1586041897535324,0.12125082314014435,0.11368969082832336,0.1187845915555954,0.24525737762451172,0.209740549325943,0.17332042753696442,0.09740569442510605,0.08676479011774063,0.09398513287305832,0.7412006855010986,2.6949362754821777,3.167999029159546,0.007606093771755695,0.005928608123213053,0.004620229359716177
18000,0.29396852850914,0.1836712807416916,0.15772202610969543,0.1231730505824089,0.11790963262319565,0.12355548143386841,0.2324768453836441,0.15487316250801086,0.12974143028259277,0.08894618600606918,0.0817403718829155,0.08945804089307785,6.5133845055243e-06,8.315283821502817e-07,1.6918980105806725e-10,2.1724398668876432e-10,2.260326937175705e-06,3.535687574185431e-05
18050,0.22401069104671478,0.1781124770641327,0.1841711550951004,0.14486214518547058,0.14879603683948517,0.12004750221967697,0.22819872200489044,0.17147542536258698,0.17699624598026276,0.13738101720809937,0.14180199801921844,0.10650338232517242,1.8892395496368408,6.144193321233615e-06,0.00015844876179471612,2.9023162824159954e-06,2.9023162824159954e-06,0.012509570457041264
18100,0.28575602173805237,0.1557246595621109,0.17321114242076874,0.13539576530456543,0.13353313505649567,0.11637932062149048,0.2205442637205124,0.12004949897527695,0.1382724791765213,0.0970296561717987,0.09464874118566513,0.07196607440710068,0.03676813840866089,0.0036000751424580812,0.06993620097637177,0.00975591130554676,0.00023053328914102167,0.0006265303236432374
18150,0.27493125200271606,0.13320213556289673,0.18108102679252625,0.15038326382637024,0.1533234715461731,0.10707886517047882,0.22979465126991272,0.08972440659999847,0.1406906098127365,0.10940278321504593,0.11703995615243912,0.05459047108888626,2.1630654335021973,0.1128222793340683,0.14267505705356598,0.07888973504304886,0.5231232643127441,0.20141328871250153
18200,0.27447476983070374,0.13411115109920502,0.16328510642051697,0.13531376421451569,0.18803220987319946,0.10478296130895615,0.22785267233848572,0.10968127101659775,0.14215803146362305,0.11153466999530792,0.1654420644044876,0.0689639002084732,2.0857733318280225e-08,2.646573848963385e-09,2.646573848963385e-09,0.0380413718521595,9.736200734522527e-10,9.610703273210675e-05
18250,0.2488298863172531,0.13719609379768372,0.15690813958644867,0.1499653458595276,0.18992866575717926,0.11717186123132706,0.20976485311985016,0.10959528386592865,0.13221301138401031,0.12427487224340439,0.16347260773181915,0.08368568122386932,0.1954747438430786,0.0019285932648926973,0.04858735203742981,0.0015023101586848497,0.023245465010404587,0.014163456857204437
18300,0.2600471079349518,0.12924246490001678,0.14307884871959686,0.1655181497335434,0.19709542393684387,0.10501798987388611,0.2135419249534607,0.09786862879991531,0.11465004086494446,0.1386880874633789,0.16749826073646545,0.06362145394086838,0.030984675511717796,3.927862621821987e-07,3.059022617435403e-07,7.734421814120651e-08,5.315785500670245e-08,2.510999053129126e-08
18350,0.24488335847854614,0.13551779091358185,0.13666464388370514,0.15376673638820648,0.2015514224767685,0.12761607766151428,0.18971894681453705,0.09203600138425827,0.09333717823028564,0.11303696036338806,0.157687246799469,0.08204100281000137,0.019753165543079376,0.014163456857204437,0.005233798176050186,0.029750417917966843,0.029750417917966843,0.005928608123213053
18400,0.16670913994312286,0.21669404208660126,0.2559404969215393,0.08494457602500916,0.11058884114027023,0.1651228964328766,0.23933345079421997,0.28067946434020996,0.30827173590660095,0.12774625420570374,0.17067642509937286,0.235833078622818,0.1937904804944992,0.0015023101586848497,0.014163456857204437,0.16022413969039917,0.10020655393600464,0.0015023101586848497
18450,0.2177799642086029,0.1807442456483841,0.20307709276676178,0.10639654844999313,0.1461399793624878,0.1458621472120285,0.2201160341501236,0.18934080004692078,0.20856375992298126,0.10190566629171371,0.15506421029567719,0.1539631187915802,0.0018898096168413758,1.9947317468904657e-06,1.2098664683435345e-06,7.338212526519783e-07,0.07888973504304886,0.00017954407667275518
18500,0.2156791090965271,0.22506335377693176,0.19021132588386536,0.14962716400623322,0.10864563286304474,0.1107734963297844,0.2147604376077652,0.22167059779167175,0.19390994310379028,0.15431270003318787,0.10150265693664551,0.10470300912857056,0.011724456213414669,1.2098664683435345e-06,3.927862621821987e-07,9.610703273210675e-05,1.8189616479702408e-09,3.511422055901825e-12
18550,0.2230897843837738,0.19303488731384277,0.17365284264087677,0.133209228515625,0.17091865837574005,0.106094591319561,0.203609898686409,0.17758141458034515,0.15994732081890106,0.11603029072284698,0.15715928375720978,0.07847793400287628,0.2532813847064972,0.0380413718521595,0.020541900768876076,0.0036000751424580812,0.0036000751424580812,0.0036000751424580812
18600,0.2007921040058136,0.18162356317043304,0.21087704598903656,0.13308100402355194,0.15657299757003784,0.11705333739519119,0.18930308520793915,0.1702878326177597,0.20520730316638947,0.12925493717193604,0.1812402755022049,0.1044301986694336,0.7200947999954224,0.4740769863128662,1.5019291639328003,1.5019291639328003,4.0181498527526855,1.136871099472046
18650,0.174613356590271,0.15021391212940216,0.16488605737686157,0.16396822035312653,0.20415891706943512,0.14215952157974243,0.15529635548591614,0.13017787039279938,0.1455434113740921,0.1446339190006256,0.18079467117786407,0.12192171812057495,0.03360069543123245,0.005233798176050186,0.0040784431621432304,0.005233798176050186,0.0040784431621432304,0.08893946558237076
18700,0.20778413116931915,0.19128145277500153,0.15057042241096497,0.1354691982269287,0.1681026667356491,0.1467922031879425,0.1713617593050003,0.15858076512813568,0.11387061327695847,0.09645231813192368,0.13203707337379456,0.10967173427343369,0.43578392267227173,0.5231232643127441,0.000804409384727478,0.0028048569802194834,7.484903471777216e-05,0.00023053328914102167
18750,0.25869497656822205,0.1564600020647049,0.15303845703601837,0.13994206488132477,0.1645813286304474,0.1272832155227661,0.1952962875366211,0.11232615262269974,0.10867782682180405,0.09391755610704422,0.12067592889070511,0.07987476885318756,6.679379680463171e-07,6.825603549032166e-08,6.475950158346677e-07,7.484903471777216e-05,2.260326937175705e-06,0.16022413969039917
18800,0.317630410194397,0.12262379378080368,0.16591063141822815,0.16782359778881073,0.11867276579141617,0.1073388010263443,0.2711307108402252,0.12262289971113205,0.17154927551746368,0.161898672580719,0.1039971187710762,0.08743449300527573,0.6485476493835449,1.5019291639328003,1.4061501026153564,0.2519291043281555,0.1797446310520172,0.1797446310520172
18850,0.268349826335907,0.13416899740695953,0.15479807555675507,0.1704932153224945,0.15431731939315796,0.11787251383066177,0.2247517853975296,0.11035483330488205,0.13395334780216217,0.1498880684375763,0.13344010710716248,0.08898790925741196,0.002039221813902259,6.825603549032166e-08,2.061153470123145e-09,3.16088155649652e-10,1.917171560394948e-10,2.4616969573898473e-10
18900,0.23364801704883575,0.15024776756763458,0.1473672091960907,0.20237410068511963,0.14734922349452972,0.11901368945837021,0.21177230775356293,0.13891983032226562,0.135725736618042,0.1880621612071991,0.1357056051492691,0.10046704858541489,8.186885480654382e-08,6.431393774746635e-14,1.1628233792526643e-10,1.3615260449021532e-13,2.734698101650168e-12,2.2447771723041465e-13
18950,0.22097282111644745,0.16717429459095,0.15353034436702728,0.17597155272960663,0.15400514006614685,0.12834584712982178,0.18411800265312195,0.13796451687812805,0.1239520013332367,0.14650531113147736,0.12439556419849396,0.09435363113880157,0.014980406500399113,0.0031777266412973404,0.006715348456054926,0.011047745123505592,0.0001234021910931915,0.0031777266412973404
19000,0.241397425532341,0.19529323279857635,0.1357862800359726,0.15281027555465698,0.15578027069568634,0.11893249303102493,0.19950547814369202,0.16576139628887177,0.101059690117836,0.12056459486484528,0.12376223504543304,0.0812036469578743,0.35143372416496277,0.4740769863128662,0.00033540636650286615,0.0019285932648926973,0.0040784431621432304,0.20141328871250153
19050,0.25622639060020447,0.2337879091501236,0.12497799843549728,0.13493408262729645,0.13532382249832153,0.11474981904029846,0.1962091624736786,0.1808733195066452,0.07753661274909973,0.09018363058567047,0.09065955132246017,0.06344831734895706,0.02151721902191639,0.00010890284465858713,2.260326937175705e-06,7.194133289090132e-09,4.785106284543872e-06,1.1253516873921399e-07
19100,0.2514462172985077,0.16930381953716278,0.1297091692686081,0.18286392092704773,0.1304701864719391,0.13620667159557343,0.22433803975582123,0.15907487273216248,0.1151188537478447,0.17178770899772644,0.11608411371707916,0.12318384647369385,1.0512167847309684e-07,2.1297852804275097e-12,9.173890920400186e-16,3.9008374438584403e-14,2.365977659830095e-14,4.111452609709696e-15
19150,0.20627033710479736,0.23328854143619537,0.10842940956354141,0.16458122432231903,0.1216801330447197,0.16575036942958832,0.21208280324935913,0.2323254942893982,0.10593927651643753,0.17475217580795288,0.12491699308156967,0.17591635882854462,0.008017905056476593,0.0013259004335850477,0.004620229359716177,0.0003800567355938256,7.338212526519783e-07,9.931194000500909e-08
19200,0.28138548135757446,0.19360658526420593,0.1064063087105751,0.12503792345523834,0.11438938230276108,0.17917431890964508,0.2643830180168152,0.21999512612819672,0.09996302425861359,0.12658601999282837,0.11189963668584824,0.186040997505188,0.39641159772872925,2.1269280910491943,1.3007213055971079e-05,9.23744991609965e-09,7.889293556218036e-06,0.00975591130554676
19250,0.290728896856308,0.16932614147663116,0.13180091977119446,0.11986160278320312,0.12008936703205109,0.1681930124759674,0.23970870673656464,0.15050706267356873,0.10916893929243088,0.09350138902664185,0.09381462633609772,0.14939916133880615,0.0008510867482982576,2.5946095966178362e-11,4.508755348242577e-12,5.7893564074651405e-12,1.2256066821147993e-11,1.006039218945376e-12
19300,0.275430828332901,0.1597241461277008,0.14814594388008118,0.13735483586788177,0.13169454038143158,0.14764973521232605,0.20246684551239014,0.11256004869937897,0.10014373064041138,0.08766473829746246,0.08072112500667572,0.09959015995264053,2.4182045308407396e-05,1.7257828943684217e-08,1.2256066821147993e-11,2.5946095966178362e-11,1.917171560394948e-10,4.2777878461741636e-11
19350,0.2299288958311081,0.17659704387187958,0.1553761214017868,0.14984720945358276,0.1450105905532837,0.14324010908603668,0.21746623516082764,0.17429859936237335,0.15065594017505646,0.14468903839588165,0.13927289843559265,0.13724856078624725,0.2143505960702896,0.2519291043281555,2.1445179299917072e-05,0.001170194591395557,0.000911466486286372,0.001170194591395557
19400,0.21401038765907288,0.14289067685604095,0.15040981769561768,0.172251358628273,0.19113557040691376,0.12930218875408173,0.23229682445526123,0.16308796405792236,0.1714870184659958,0.1937900334596634,0.21092677116394043,0.1464395970106125,0.27183258533477783,0.016034256666898727,0.00975591130554676,0.0028048569802194834,1.4739090147486422e-05,2.5612855552026303e-06
19450,0.2231338918209076,0.13528753817081451,0.1571137011051178,0.1849166750907898,0.1791854351758957,0.12036273628473282,0.2158997803926468,0.1332736313343048,0.15793906152248383,0.1848263144493103,0.17978879809379578,0.11400490999221802,0.007842259481549263,0.0013259010156616569,8.939736289903522e-06,0.000296000944217667,0.016034256666898727,0.0031777266412973404
19500,0.20368479192256927,0.1335923969745636,0.16219617426395416,0.1604551523923874,0.1578616201877594,0.1822098344564438,0.18591813743114471,0.1163046658039093,0.17103001475334167,0.14575155079364777,0.14323997497558594,0.1668122410774231,0.08086322247982025,0.07888973504304886,2.3502066135406494,0.000430649786721915,0.018149929121136665,0.00861448422074318
19550,0.19504104554653168,0.16088545322418213,0.17724727094173431,0.17452697455883026,0.14274761080741882,0.1495516300201416,0.16160789132118225,0.12980453670024872,0.1457853764295578,0.1432332992553711,0.11006811261177063,0.1177510991692543,0.0038030468858778477,2.9023162824159954e-06,1.013004202832235e-05,5.905304023556823e-10,3.224186784223093e-08,1.0815941892117209e-11
19600,0.18785303831100464,0.21206194162368774,0.14532627165317535,0.17370229959487915,0.14885590970516205,0.13220053911209106,0.1780707687139511,0.1980554759502411,0.13771656155586243,0.16513212025165558,0.13966204226016998,0.12008336186408997,0.0016369168879464269,4.785106284543872e-06,0.20141328871250153,3.726646127688582e-06,2.260326937175705e-06,6.144193321233615e-06
19650,0.19808872044086456,0.20402918756008148,0.212388277053833,0.11981968581676483,0.15225623548030853,0.11341791599988937,0.20725968480110168,0.20645074546337128,0.21307599544525146,0.11862536519765854,0.15815556049346924,0.10956545919179916,0.568435549736023,1.3440409674103648e-08,1.7257828943684217e-08,1.7257828943684217e-08,7.338212526519783e-07,1.5534990325249964e-06
19700,0.25683221220970154,0.2096259593963623,0.16602282226085663,0.1133248507976532,0.1487058699131012,0.10548828542232513,0.22107158601284027,0.18755340576171875,0.1490761935710907,0.08606192469596863,0.13103601336479187,0.0742790549993515,0.0012516106944531202,0.0005529314512386918,0.0006265303236432374,3.059022617435403e-07,0.014163456857204437,0.0040784431621432304
19750,0.22982971370220184,0.1796250343322754,0.18216904997825623,0.13371232151985168,0.15845972299575806,0.11620412021875381,0.17222200334072113,0.1293313056230545,0.1314135491847992,0.08036345988512039,0.10838206857442856,0.05720696970820427,0.24866122007369995,0.02630019560456276,0.0024756852071732283,3.6534821390432626e-08,1.1032560420787263e-09,4.363462480228009e-09
19800,0.18673598766326904,0.17955699563026428,0.16663607954978943,0.16227273643016815,0.15172608196735382,0.15307219326496124,0.13065418601036072,0.12418565899133682,0.1118633970618248,0.10748573392629623,0.09641407430171967,0.09785447269678116,6.074054681448615e-07,3.850741947530878e-09,4.94445018262013e-09,4.006448943982832e-05,0.0017021704697981477,2.335593052293916e-09
19850,0.19808979332447052,0.152712881565094,0.16361834108829498,0.16415861248970032,0.16961507499217987,0.1518053114414215,0.15018463134765625,0.1085134893655777,0.1273946762084961,0.12131068110466003,0.12509778141975403,0.10618054121732712,0.2613321542739868,0.3868710398674011,1.136871099472046,0.4740769863128662,0.3132617175579071,0.2519291043281555
19900,0.19083188474178314,0.1352754831314087,0.15675298869609833,0.1446325182914734,0.2314683198928833,0.14103884994983673,0.13066178560256958,0.07344004511833191,0.097715362906456,0.08444298058748245,0.1620272397994995,0.08028464764356613,0.04894063249230385,0.0040784431621432304,0.0002034476783592254,0.000804409384727478,0.00015844876179471612,0.0001234021910931915
19950,0.19912223517894745,0.14526449143886566,0.1906375139951706,0.13715891540050507,0.20009969174861908,0.12771710753440857,0.14694030582904816,0.09490544348955154,0.13975529372692108,0.08543174713850021,0.14775307476520538,0.07366982102394104,7.376265330094611e-06,5.4222336984821595e-06,1.7257828943684217e-08,4.450851349702134e-07,0.0004879761836491525,0.0006265303236432374
20000,0.16469165682792664,0.12359652668237686,0.23053264617919922,0.15929503738880157,0.20982851088047028,0.112055703997612,0.13973629474639893,0.09237267822027206,0.19523902237415314,0.13423952460289001,0.17970240116119385,0.07646128535270691,3.7214431358734146e-07,5.4222336984821595e-06,0.0010327640920877457,5.144353781361133e-05,5.144353781361133e-05,0.02630019560456276
20050,0.19452279806137085,0.12192720919847488,0.1762634962797165,0.14831329882144928,0.22410333156585693,0.13486985862255096,0.17248135805130005,0.09314478933811188,0.1621183156967163,0.12575159966945648,0.1935470849275589,0.10977958142757416,0.23584988713264465,0.00975591130554676,0.8259393572807312,0.0380413718521595,0.006715348456054926,0.00861448422074318
20100,0.21273761987686157,0.12147516757249832,0.16623055934906006,0.16394460201263428,0.19055579602718353,0.14505623281002045,0.1600738763809204,0.06761527806520462,0.11937014013528824,0.11708536744117737,0.1419040709733963,0.0968882218003273,8.977521065389737e-05,2.998960857425459e-09,4.05865202557365e-10,5.211412412720051e-10,4.508755348242577e-12,4.222842107992619e-06
20150,0.23991000652313232,0.12246350944042206,0.13667012751102448,0.16935960948467255,0.1767975091934204,0.15479914844036102,0.17942261695861816,0.06845972687005997,0.08656966686248779,0.12195458263158798,0.12904641032218933,0.1071217879652977,0.0008510859333910048,2.365977659830095e-14,1.5534990325249964e-06,7.734421814120651e-08,2.020683967374204e-11,1.5534990325249964e-06
20200,0.25301262736320496,0.1266765147447586,0.1437491625547409,0.1580357849597931,0.1816202700138092,0.13690561056137085,0.20412059128284454,0.08997147530317307,0.11083292961120605,0.12646694481372833,0.14941789209842682,0.10278453677892685,0.0001677107939030975,3.927862621821987e-07,2.510999053129126e-08,1.783247334519178e-11,1.1253516873921399e-07,3.059022617435403e-07
20250,0.2394631803035736,0.13804689049720764,0.15448525547981262,0.15177471935749054,0.17678965628147125,0.13944019377231598,0.1646069586277008,0.07372378557920456,0.09236320853233337,0.08936644345521927,0.11508821696043015,0.07538080215454102,1.2943803994858172e-05,9.422450375495828e-07,0.007606093771755695,5.715006068385264e-07,0.05488218367099762,1.2098664683435345e-06
20300,0.21991996467113495,0.14742742478847504,0.1524609476327896,0.16255198419094086,0.15523451566696167,0.1624051034450531,0.15861055254936218,0.09162050485610962,0.09714824706315994,0.10772299021482468,0.10012295842170715,0.10757384449243546,0.10136959701776505,0.001170194591395557,2.1024335694619367e-07,7.052879807956103e-11,3.16088155649652e-10,3.16088155649652e-10
20350,0.25486207008361816,0.18103332817554474,0.1556633710861206,0.12756142020225525,0.14972420036792755,0.13115553557872772,0.22705870866775513,0.17062197625637054,0.14574022591114044,0.11285758763551712,0.13929006457328796,0.11744273453950882,8.547803736291826e-05,9.610703273210675e-05,0.0031777266412973404,2.7536072593647987e-05,2.7536072593647987e-05,7.484903471777216e-05
20400,0.2584920823574066,0.1797015219926834,0.16611915826797485,0.1366158425807953,0.13585682213306427,0.12321452796459198,0.20952223241329193,0.15778613090515137,0.13169138133525848,0.1063544899225235,0.09858987480401993,0.08256892114877701,0.4880027770996094,1.31326162815094,0.0005529314512386918,0.6931471824645996,0.00861448422074318,0.018149929121136665
20450,0.2553773522377014,0.21091005206108093,0.17998957633972168,0.11852243542671204,0.1176309809088707,0.11756952106952667,0.21230803430080414,0.18284983932971954,0.15858259797096252,0.08488883078098297,0.08738180994987488,0.09757409244775772,0.17606782913208008,0.3868710398674011,0.5759394764900208,0.10020655393600464,0.474077045917511,1.5019291639328003
20500,0.2554627060890198,0.19533562660217285,0.17656254768371582,0.12428809702396393,0.125834122300148,0.12251690775156021,0.19067011773586273,0.14618712663650513,0.1295219510793686,0.07158756256103516,0.07365734130144119,0.06922460347414017,0.020609550178050995,0.0002034476783592254,0.000911466486286372,0.00017954407667275518,0.0031777266412973404,0.0007099223439581692
20550,0.2698379456996918,0.1608031839132309,0.1953924000263214,0.13513943552970886,0.12048643827438354,0.11834055930376053,0.18840409815311432,0.09983152896165848,0.13197648525238037,0.07114051282405853,0.05220348387956619,0.04923832044005394,0.3163694441318512,0.00017954407667275518,1.2098664683435345e-06,9.545034901359273e-12,7.052879807956103e-11,9.545034901359273e-12
20600,0.2533414959907532,0.13587531447410583,0.1608709990978241,0.14516252279281616,0.18696168065071106,0.11778797209262848,0.18619076907634735,0.0833955854177475,0.11125832796096802,0.09430476278066635,0.1360580027103424,0.05982508510351181,5.858535587321967e-06,1.266416662428502e-14,5.6756852093598625e-14,2.825757392698391e-15,2.5612855552026303e-06,6.914400150527522e-13
20650,0.2124635875225067,0.15844084322452545,0.14597229659557343,0.1708177924156189,0.17864945530891418,0.13365599513053894,0.17112140357494354,0.1226997897028923,0.10917564481496811,0.13511045277118683,0.14250802993774414,0.09463129937648773,0.0012378426035866141,1.29177994256241e-12,1.2256066821147993e-11,1.1628233792526643e-10,9.610703273210675e-05,1.2751904421293148e-07
20700,0.2282285988330841,0.1506062150001526,0.16163532435894012,0.16513994336128235,0.15828950703144073,0.13610036671161652,0.19019544124603271,0.12160800397396088,0.13326923549175262,0.1368085741996765,0.1298179179430008,0.10489746928215027,3.7424535548780113e-05,2.1724398668876432e-10,2.1724398668876432e-10,4.5990555808117506e-10,4.8473686869998645e-11,1.783247334519178e-11
20750,0.2264014184474945,0.16161715984344482,0.15457893908023834,0.18037016689777374,0.15524078905582428,0.12179157137870789,0.19574753940105438,0.13962844014167786,0.13228175044059753,0.15774229168891907,0.13298669457435608,0.09294676035642624,0.05010327696800232,5.315785500670245e-08,3.059022617435403e-07,1.0677034651962458e-06,4.363462480228009e-09,3.3982678893096363e-09
20800,0.20382899045944214,0.19908501207828522,0.17650094628334045,0.1957373470067978,0.11902892589569092,0.1058187484741211,0.1872733235359192,0.1833781898021698,0.16351109743118286,0.18057991564273834,0.09850774705410004,0.07909733802080154,0.0009643076919019222,1.4739090147486422e-05,3.6534821390432626e-08,5.384939998250016e-13,1.29177994256241e-12,2.1297852804275097e-12
20850,0.19895322620868683,0.19447755813598633,0.19314487278461456,0.17961135506629944,0.12398959696292877,0.10982345789670944,0.1525074988603592,0.14835871756076813,0.14722414314746857,0.1352376788854599,0.07408905029296875,0.054070696234703064,0.03945321962237358,7.194133289090132e-09,1.5229980832032197e-08,7.194133289090132e-09,3.224186784223093e-08,1.7603447304281872e-06
20900,0.23831036686897278,0.17595399916172028,0.16623756289482117,0.16154387593269348,0.13690610229969025,0.12104810774326324,0.16263556480407715,0.11257566511631012,0.10320247709751129,0.09847672283649445,0.07117225974798203,0.0508597232401371,0.0007328664651140571,4.006448943982832e-05,4.691164434689199e-08,1.7257828943684217e-08,1.6373769540223293e-07,1.4739090147486422e-05
20950,0.2358098179101944,0.14401046931743622,0.15822584927082062,0.16067983210086823,0.14036422967910767,0.16090978682041168,0.16888272762298584,0.08690652251243591,0.10343215614557266,0.10498878359794617,0.08277640491724014,0.10994622856378555,0.06172601133584976,0.000911466486286372,0.10020655393600464,0.0019285932648926973,0.011047745123505592,0.4740769863128662
21000,0.22832269966602325,0.16177821159362793,0.15409979224205017,0.16749781370162964,0.14901603758335114,0.13928546011447906,0.19460000097751617,0.13774211704730988,0.1297188401222229,0.14347487688064575,0.12418664246797562,0.11306624859571457,0.0009816974634304643,4.450851349702134e-07,1.0467402056235642e-08,3.850741947530878e-09,0.000296000944217667,0.0024756852071732283
21050,0.234909787774086,0.15520891547203064,0.14803411066532135,0.17093093693256378,0.15764100849628448,0.13327515125274658,0.17471522092819214,0.10634451359510422,0.09852013736963272,0.12224993854761124,0.10889829695224762,0.08119070529937744,0.0004855733714066446,0.0015023101586848497,3.3982678893096363e-09,1.4449801710725296e-07,0.00033540636650286615,5.043475539423525e-07
21100,0.2513713836669922,0.16732200980186462,0.13959799706935883,0.15241988003253937,0.13545961678028107,0.15382914245128632,0.21499526500701904,0.14296801388263702,0.11307787150144577,0.12757663428783417,0.10811234265565872,0.12909522652626038,0.4870385229587555,4.139937814784389e-08,1.6701560525689274e-05,3.059022617435403e-07,6.475950158346677e-07,1.0677034651962458e-06
21150,0.20313312113285065,0.18370623886585236,0.17530745267868042,0.1649683713912964,0.12784579396247864,0.1450391262769699,0.20149531960487366,0.18459472060203552,0.17685112357139587,0.16751793026924133,0.1247960701584816,0.14558032155036926,0.03389589488506317,0.0024756852071732283,0.0002612244279589504,0.06993620097637177,0.0040784431621432304,0.0005529314512386918
21200,0.1892911046743393,0.1710229068994522,0.18395549058914185,0.1639741063117981,0.15787379443645477,0.1338825672864914,0.1641494333744049,0.14730069041252136,0.15932857990264893,0.14035604894161224,0.13410045206546783,0.10690731555223465,0.010312806814908981,6.825603549032166e-08,1.5229980832032197e-08,4.785106284543872e-06,8.764247638737288e-08,0.000430649786721915
21250,0.22864951193332672,0.189798042178154,0.16034869849681854,0.14310479164123535,0.15981654822826385,0.11828245222568512,0.17895253002643585,0.14822429418563843,0.12040367722511292,0.10163102298974991,0.11985675990581512,0.07019824534654617,3.4671538742259145e-05,4.508755348242577e-12,7.052879807956103e-11,1.1032560420787263e-09,0.00015844876179471612,1.6373769540223293e-07
21300,0.23077771067619324,0.1823539137840271,0.15019814670085907,0.14165177941322327,0.16187512874603271,0.13314341008663177,0.17912645637989044,0.14026840031147003,0.1082586944103241,0.09859394282102585,0.12061222642660141,0.08837144821882248,4.037789040012285e-05,7.484903471777216e-05,4.785106284543872e-06,0.00015844876179471612,6.144193321233615e-06,3.726646127688582e-06
21350,0.23695984482765198,0.18457099795341492,0.1359909325838089,0.13393741846084595,0.15668651461601257,0.15185432136058807,0.20932462811470032,0.16162452101707458,0.11135585606098175,0.11563515663146973,0.13488544523715973,0.12971675395965576,0.6485475897789001,0.001170194591395557,0.014163456857204437,0.6931471824645996,0.029750417917966843,0.029750417917966843
21400,0.25228509306907654,0.1504848152399063,0.13881146907806396,0.11599908024072647,0.1395195871591568,0.2028999924659729,0.20515012741088867,0.11941459774971008,0.1061653420329094,0.07701491564512253,0.11006147414445877,0.1688830405473709,0.04827278107404709,0.00023053328914102167,0.007606093771755695,0.05488218367099762,0.3132617175579071,0.016034256666898727
21450,0.24252401292324066,0.1244165301322937,0.1763724833726883,0.1582479625940323,0.13855260610580444,0.15988636016845703,0.2127443253993988,0.10261183232069016,0.16019076108932495,0.14231069386005402,0.12036833167076111,0.14399850368499756,6.356441735988483e-05,5.602796449011294e-09,1.5229980832032197e-08,0.001170194591395557,7.99195987166712e-11,3.581747953784742e-10
21500,0.23866206407546997,0.1598718911409378,0.160637766122818,0.15381623804569244,0.12032529711723328,0.1666867583990097,0.19707317650318146,0.13096165657043457,0.1317506581544876,0.12459032982587814,0.08407295495271683,0.1378493458032608,9.23993582091498e-07,9.736200734522527e-10,4.5398901420412585e-05,8.423464183116014e-12,1.879528650772233e-12,1.3887944613766301e-11
21550,0.21326623857021332,0.15921646356582642,0.19702750444412231,0.1412174105644226,0.13674306869506836,0.1525292992591858,0.15600305795669556,0.1031043604016304,0.13899889588356018,0.08387761563062668,0.077977254986763,0.0959872379899025,0.47253814339637756,0.005233798176050186,0.07888973504304886,0.06196758896112442,0.0031777266412973404,0.0015023101586848497
21600,0.20055541396141052,0.14296796917915344,0.20439061522483826,0.1906569004058838,0.13248148560523987,0.12894757091999054,0.20743203163146973,0.14546717703342438,0.20444022119045258,0.19296324253082275,0.13289806246757507,0.12843674421310425,0.6117330193519592,1.1253516873921399e-07,5.905304023556823e-10,1.8553913605501293e-07,2.1445179299917072e-05,1.0261879540562902e-10
21650,0.20755285024642944,0.11467248201370239,0.14580926299095154,0.21379341185092926,0.18612328171730042,0.13204866647720337,0.20496752858161926,0.10707128047943115,0.1467074602842331,0.20985473692417145,0.18698559701442719,0.1303512006998062,7.922438089735806e-05,2.940077695190446e-11,1.879528650772233e-12,2.940077695190446e-11,6.914400150527522e-13,4.910429989734471e-16
21700,0.19262711703777313,0.12210936099290848,0.15946343541145325,0.16829004883766174,0.2088821977376938,0.14862778782844543,0.18692617118358612,0.11169678717851639,0.155735045671463,0.16463035345077515,0.206603541970253,0.14412438869476318,0.0015962328761816025,5.4222336984821595e-06,1.8925327822216786e-05,0.0006265303236432374,0.6325990557670593,5.144353781361133e-05
21750,0.23571135103702545,0.12896306812763214,0.15043999254703522,0.15785348415374756,0.16780422627925873,0.15922798216342926,0.20064997673034668,0.10015560686588287,0.16327960789203644,0.13351593911647797,0.14358574151992798,0.13494645059108734,0.10106160491704941,0.0024756852071732283,3.773245334625244,0.0031777266412973404,0.0015023101586848497,0.0031777266412973404
21800,0.21674692630767822,0.1122623160481453,0.20600630342960358,0.197395920753479,0.1413867324590683,0.12620176374912262,0.19703003764152527,0.08847808092832565,0.18864411115646362,0.18159940838813782,0.12653681635856628,0.107790008187294,4.157756450240413e-07,2.7536072593647987e-05,2.734698101650168e-12,9.736200734522527e-10,5.1090889331695255e-12,3.7010116651046976e-13
21850,0.22902370989322662,0.15257710218429565,0.18474602699279785,0.14614614844322205,0.16966882348060608,0.11783817410469055,0.23302040994167328,0.1548246145248413,0.208751380443573,0.1421922892332077,0.16737355291843414,0.11956881731748581,1.693953514099121,0.575939416885376,2.811967611312866,0.023245465010404587,0.07888973504304886,1.31326162815094
21900,0.23591864109039307,0.11088864505290985,0.1852499544620514,0.14657989144325256,0.184839129447937,0.1365237981081009,0.2538985311985016,0.12917526066303253,0.21384501457214355,0.17521266639232635,0.2134786993265152,0.1634858250617981,0.015967760235071182,0.0004879761836491525,3.224186784223093e-08,1.2501528701136522e-09,2.260326937175705e-06,4.2777878461741636e-11
21950,0.21393632888793945,0.12273915112018585,0.16369926929473877,0.1376516968011856,0.1777176707983017,0.18425589799880981,0.22188949584960938,0.12666676938533783,0.1741866171360016,0.14564581215381622,0.187747061252594,0.19595447182655334,0.3545907139778137,1.2098664683435345e-06,0.0004879761836491525,0.005928608123213053,0.000804409384727478,0.22541265189647675
22000,0.21111387014389038,0.11880425363779068,0.1716434210538864,0.13552036881446838,0.1876419335603714,0.17527614533901215,0.17893335223197937,0.08407077193260193,0.1447812020778656,0.10579214990139008,0.15948538482189178,0.14823687076568604,6.991626287344843e-05,7.734421814120651e-08,1.4166087192180044e-09,5.4927885156930145e-11,1.2751904421293148e-07,6.691586174056852e-10
22050,0.20628765225410461,0.114317886531353,0.1837460696697235,0.14237190783023834,0.17351266741752625,0.17976385354995728,0.1687733381986618,0.0727679505944252,0.14855365455150604,0.10646089911460876,0.13909874856472015,0.1449657827615738,0.11270777881145477,0.2519291043281555,6.605432281503454e-05,0.00013983185635879636,9.610703273210675e-05,0.0028048569802194834
22100,0.2164766788482666,0.1263829916715622,0.15579766035079956,0.17047110199928284,0.17427879571914673,0.15659286081790924,0.15766091644763947,0.06846677511930466,0.10317184776067734,0.11790874600410461,0.12497098743915558,0.10461924970149994,0.039799828082323074,0.0001234021910931915,0.018149929121136665,0.006715348456054926,0.3484445810317993,0.07888973504304886
22150,0.20655889809131622,0.1271710842847824,0.13764500617980957,0.19251587986946106,0.1899809092283249,0.14612820744514465,0.13400302827358246,0.05345434322953224,0.06740206480026245,0.12151514738798141,0.11932806670665741,0.07600129395723343,0.08954814076423645,0.0380413718521595,0.12692801654338837,0.0024756852071732283,0.0024756852071732283,4.5398901420412585e-05
22200,0.22762595117092133,0.12398435920476913,0.16147631406784058,0.17699949443340302,0.15823327004909515,0.15168052911758423,0.14003373682498932,0.03969681262969971,0.08329033851623535,0.0984354093670845,0.07994278520345688,0.07296430319547653,0.009144880808889866,1.1253516873921399e-07,1.3709582162846345e-06,4.139937814784389e-08,2.646573848963385e-09,3.3982678893096363e-09
22250,0.2497483640909195,0.1377742439508438,0.1583082228899002,0.15533894300460815,0.15013861656188965,0.14869166910648346,0.15162386000156403,0.051165953278541565,0.07635165750980377,0.08543526381254196,0.06828209012746811,0.06462651491165161,0.2858552932739258,0.05488218367099762,0.28115013241767883,1.5019291639328003,0.3484445810317993,0.14267505705356598
22300,0.23576778173446655,0.13705359399318695,0.19468139111995697,0.1508973091840744,0.13640768826007843,0.14519231021404266,0.13594375550746918,0.04637111350893974,0.10410595685243607,0.062078848481178284,0.045425187796354294,0.0557171069085598,0.02457014098763466,0.018149929121136665,0.0002612244279589504,0.001170194591395557,0.0015023101586848497,0.000911466486286372
22350,0.3217387795448303,0.12003091722726822,0.1658019721508026,0.13589347898960114,0.13214318454265594,0.12439163774251938,0.20398391783237457,0.041295457631349564,0.09459785372018814,0.061775580048561096,0.057421017438173294,0.04718358814716339,1.6443985941805295e-06,1.0603575851565739e-13,2.365977659830095e-14,4.508755348242577e-12,0.02630019560456276,2.1024335694619367e-07
22400,0.2674737274646759,0.1276768147945404,0.14610886573791504,0.14953719079494476,0.17786619067192078,0.13133718073368073,0.20126868784427643,0.07924217730760574,0.10149237513542175,0.10531925410032272,0.13394449651241302,0.08390600979328156,0.0005851535825058818,8.764247638737288e-08,4.139937814784389e-08,3.224186784223093e-08,3.978962558742749e-12,3.978962558742749e-12
22450,0.24324262142181396,0.13069619238376617,0.16878092288970947,0.13906925916671753,0.1665397435426712,0.15167123079299927,0.17794200778007507,0.12078842520713806,0.12793537974357605,0.08409984409809113,0.1117125079035759,0.09914854913949966,0.47253814339637756,5.006715297698975,1.5019291639328003,0.3132617175579071,0.10020655393600464,0.3868710398674011
22500,0.2565920948982239,0.16594533622264862,0.16884323954582214,0.11697407066822052,0.15256893634796143,0.13907630741596222,0.19114811718463898,0.1163591518998146,0.11921234428882599,0.05903470143675804,0.10349094122648239,0.1032150387763977,0.2880489230155945,0.00033540636650286615,1.7603447304281872e-06,0.0380413718521595,0.10020655393600464,1.6004126071929932
22550,0.22990202903747559,0.17733392119407654,0.17827731370925903,0.12794062495231628,0.15098600089550018,0.13556011021137238,0.16683807969093323,0.12301933020353317,0.12382031232118607,0.07027970999479294,0.09695755690336227,0.07934439927339554,0.1123293787240982,0.014163456857204437,0.006715348456054926,0.12692801654338837,0.06196758896112442,0.07888973504304886
22600,0.218523308634758,0.17366613447666168,0.15752831101417542,0.13295450806617737,0.16774488985538483,0.14958292245864868,0.1774684488773346,0.1395367830991745,0.12344430387020111,0.09546060115098953,0.13381288945674896,0.11490501463413239,0.0021698337513953447,1.013004202832235e-05,1.8553913605501293e-07,1.5229980832032197e-08,1.3007213055971079e-05,1.6701560525689274e-05
22650,0.2351638227701187,0.16290539503097534,0.14379678666591644,0.1514754295349121,0.15112394094467163,0.15553459525108337,0.17958734929561615,0.11901360005140305,0.09842678904533386,0.10701046884059906,0.10662715137004852,0.11137386411428452,1.5601201084791683e-05,2.061153470123145e-09,1.3176514046531196e-10,2.789468100949932e-10,8.423464183116014e-12,2.825757392698391e-15
